"id","project_id","keyword","location_id","language_code","target_url","intent_hint","cluster","track_daily","priority","is_core_page","is_active","difficulty","search_volume","created_at","updated_at"
"1","3fa04ca3-7ac8-4b58-afca-a2aa1363ca03","app developers in houston","loc_10","en-US","https://www.tekrevol.com/houston-app-development","commercial","Commercial · Houston - United States","true","P3","false","true","9.00","100","""2025-12-01T07:43:24.343Z""","""2025-12-01T07:43:24.343Z"""
"2","3fa04ca3-7ac8-4b58-afca-a2aa1363ca03","houston app developers","loc_10","en-US","https://www.tekrevol.com/houston-app-development","commercial","Commercial · Houston - United States","true","P3","false","true","6.00","100","""2025-12-01T07:43:24.343Z""","""2025-12-01T07:43:24.343Z"""
"3","3fa04ca3-7ac8-4b58-afca-a2aa1363ca03","mobile app developers houston","loc_10","en-US","https://www.tekrevol.com/houston-app-development","commercial","Commercial · Houston - United States","true","P3","false","true","24.00","150","""2025-12-01T07:43:24.343Z""","""2025-12-01T07:43:24.343Z"""
"4","3fa04ca3-7ac8-4b58-afca-a2aa1363ca03","mobile apps development houston","loc_10","en-US","https://www.tekrevol.com/houston-app-development","commercial","Commercial · Houston - United States","true","P3","false","true","28.00","100","""2025-12-01T07:43:24.343Z""","""2025-12-01T07:43:24.343Z"""
"5","3fa04ca3-7ac8-4b58-afca-a2aa1363ca03","mobile app developer houston","loc_10","en-US","https://www.tekrevol.com/houston-app-development","commercial","Commercial · Houston - United States","true","P3","false","true","23.00","150","""2025-12-01T07:43:24.343Z""","""2025-12-01T07:43:24.343Z"""
"6","3fa04ca3-7ac8-4b58-afca-a2aa1363ca03","app developer houston","loc_10","en-US","https://www.tekrevol.com/houston-app-development","commercial","Commercial · Houston - United States","true","P3","false","true","16.00","200","""2025-12-01T07:43:24.343Z""","""2025-12-01T07:43:24.343Z"""
"7","3fa04ca3-7ac8-4b58-afca-a2aa1363ca03","android app development houston","loc_10","en-US","https://www.tekrevol.com/houston-app-development","commercial","Commercial · Houston - United States","true","P3","false","true","22.00","100","""2025-12-01T07:43:24.343Z""","""2025-12-01T07:43:24.343Z"""
"8","3fa04ca3-7ac8-4b58-afca-a2aa1363ca03","mobile app development houston","loc_10","en-US","https://www.tekrevol.com/houston-app-development","commercial","Commercial · Houston - United States","true","P3","false","true","23.00","250","""2025-12-01T07:43:24.343Z""","""2025-12-01T07:43:24.343Z"""
"9","3fa04ca3-7ac8-4b58-afca-a2aa1363ca03","houston mobile app development","loc_10","en-US","https://www.tekrevol.com/houston-app-development","commercial","Commercial · Houston - United States","true","P3","false","true","24.00","60","""2025-12-01T07:43:24.343Z""","""2025-12-01T07:43:24.343Z"""
"10","3fa04ca3-7ac8-4b58-afca-a2aa1363ca03","mobile app development company houston","loc_10","en-US","https://www.tekrevol.com/houston-app-development","commercial","Commercial · Houston - United States","true","P3","false","true","23.00","350","""2025-12-01T07:43:24.343Z""","""2025-12-01T07:43:24.343Z"""
"11","3fa04ca3-7ac8-4b58-afca-a2aa1363ca03","houston app development","loc_10","en-US",,"commercial","Commercial · Houston - United States","true","P3","false","true","14.00","150","""2025-12-01T07:43:24.343Z""","""2025-12-01T07:43:24.343Z"""
"12","3fa04ca3-7ac8-4b58-afca-a2aa1363ca03","app development houston","loc_10","en-US","https://www.tekrevol.com/houston-app-development","commercial","Commercial · Houston - United States","true","P3","false","true","9.00","100","""2025-12-01T07:43:24.343Z""","""2025-12-01T07:43:24.343Z"""
"13","3fa04ca3-7ac8-4b58-afca-a2aa1363ca03","app developers in dc","loc_11","en-US","https://www.tekrevol.com/app-development-washington-dc","commercial","Commercial · Washington - United States","true","P3","false","true","1.00","60","""2025-12-01T07:43:24.343Z""","""2025-12-01T07:43:24.343Z"""
"14","3fa04ca3-7ac8-4b58-afca-a2aa1363ca03","mobile app developers in dc","loc_11","en-US","https://www.tekrevol.com/app-development-washington-dc","mixed","Mixed · Washington - United States","true","P3","false","true",,"10","""2025-12-01T07:43:24.343Z""","""2025-12-01T07:43:24.343Z"""
"15","3fa04ca3-7ac8-4b58-afca-a2aa1363ca03","android app developers in dc","loc_11","en-US","https://www.tekrevol.com/app-development-washington-dc","mixed","Mixed · Washington - United States","true","P3","false","true",,"10","""2025-12-01T07:43:24.343Z""","""2025-12-01T07:43:24.343Z"""
"16","3fa04ca3-7ac8-4b58-afca-a2aa1363ca03","app developer in dc","loc_11","en-US","https://www.tekrevol.com/app-development-washington-dc","mixed","Mixed · Washington - United States","true","P3","false","true",,"10","""2025-12-01T07:43:24.343Z""","""2025-12-01T07:43:24.343Z"""
"17","3fa04ca3-7ac8-4b58-afca-a2aa1363ca03","healthcare app development company","loc_19","en-US","https://www.tekrevol.com/solution/healthcare-solution","commercial","Commercial · United States","true","P3","false","true","12.00","1200","""2025-12-01T07:43:24.343Z""","""2025-12-01T07:43:24.343Z"""
"18","3fa04ca3-7ac8-4b58-afca-a2aa1363ca03","healthcare mobile app development company","loc_19","en-US","https://www.tekrevol.com/solution/healthcare-solution","commercial","Commercial · United States","true","P3","false","true","15.00","1300","""2025-12-01T07:43:24.343Z""","""2025-12-01T07:43:24.343Z"""
"19","3fa04ca3-7ac8-4b58-afca-a2aa1363ca03","mobile app development washington dc","loc_11","en-US","https://www.tekrevol.com/software-development-washington","commercial","Commercial · Washington - United States","true","P3","false","true",,"70","""2025-12-01T07:43:24.343Z""","""2025-12-01T07:43:24.343Z"""
"20","3fa04ca3-7ac8-4b58-afca-a2aa1363ca03","healthcare app development services","loc_19","en-US","https://www.tekrevol.com/healthcare-app-development","commercial","Commercial · United States","true","P3","false","true","23.00","1300","""2025-12-01T07:43:24.343Z""","""2025-12-01T07:43:24.343Z"""
"21","3fa04ca3-7ac8-4b58-afca-a2aa1363ca03","healthcare mobile app development","loc_19","en-US","https://www.tekrevol.com/healthcare-app-development","informational","Informational · United States","true","P3","false","true","10.00","900","""2025-12-01T07:43:24.343Z""","""2025-12-01T07:43:24.343Z"""
"22","3fa04ca3-7ac8-4b58-afca-a2aa1363ca03","healthcare application development services","loc_19","en-US","https://www.tekrevol.com/healthcare-app-development","commercial","Commercial · United States","true","P3","false","true","16.00","700","""2025-12-01T07:43:24.343Z""","""2025-12-01T07:43:24.343Z"""
"23","3fa04ca3-7ac8-4b58-afca-a2aa1363ca03","healthcare app developers","loc_19","en-US","https://www.tekrevol.com/healthcare-app-development","commercial","Commercial · United States","true","P3","false","true","12.00","350","""2025-12-01T07:43:24.343Z""","""2025-12-01T07:43:24.343Z"""
"24","3fa04ca3-7ac8-4b58-afca-a2aa1363ca03","healthcare mobile app development companies","loc_19","en-US","https://www.tekrevol.com/healthcare-app-development","commercial","Commercial · United States","true","P3","false","true","15.00","150","""2025-12-01T07:43:24.343Z""","""2025-12-01T07:43:24.343Z"""
"25","3fa04ca3-7ac8-4b58-afca-a2aa1363ca03","medical app development companies","loc_19","en-US","https://www.tekrevol.com/healthcare-app-development","commercial","Commercial · United States","true","P3","false","true","12.00","200","""2025-12-01T07:43:24.343Z""","""2025-12-01T07:43:24.343Z"""
"26","3fa04ca3-7ac8-4b58-afca-a2aa1363ca03","healthcare application development","loc_19","en-US","https://www.tekrevol.com/healthcare-app-development","informational","Informational · United States","true","P3","false","true","15.00","800","""2025-12-01T07:43:24.343Z""","""2025-12-01T07:43:24.343Z"""
"27","3fa04ca3-7ac8-4b58-afca-a2aa1363ca03","healthcare app development","loc_19","en-US","https://www.tekrevol.com/healthcare-app-development","informational","Informational · United States","true","P3","false","true","11.00","1300","""2025-12-01T07:43:24.343Z""","""2025-12-01T07:43:24.343Z"""
"28","3fa04ca3-7ac8-4b58-afca-a2aa1363ca03","medical app development","loc_19","en-US","https://www.tekrevol.com/healthcare-app-development","informational","Informational · United States","true","P3","false","true","7.00","350","""2025-12-01T07:43:24.343Z""","""2025-12-01T07:43:24.343Z"""
"29","3fa04ca3-7ac8-4b58-afca-a2aa1363ca03","healthcare mobile application development","loc_19","en-US","https://www.tekrevol.com/healthcare-app-development","informational","Informational · United States","true","P3","false","true","19.00","400","""2025-12-01T07:43:24.343Z""","""2025-12-01T07:43:24.343Z"""
"30","3fa04ca3-7ac8-4b58-afca-a2aa1363ca03","medical app developers","loc_19","en-US","https://www.tekrevol.com/healthcare-app-development","commercial","Commercial · United States","true","P3","false","true","13.00","100","""2025-12-01T07:43:24.343Z""","""2025-12-01T07:43:24.343Z"""
"31","3fa04ca3-7ac8-4b58-afca-a2aa1363ca03","mobile health app developers","loc_19","en-US","https://www.tekrevol.com/healthcare-app-development","commercial","Commercial · United States","true","P3","false","true","14.00","40","""2025-12-01T07:43:24.343Z""","""2025-12-01T07:43:24.343Z"""
"32","3fa04ca3-7ac8-4b58-afca-a2aa1363ca03","mobile game development company","loc_19","en-US","https://www.tekrevol.com/game-development","commercial","Commercial · United States","true","P3","false","true","72.00","500","""2025-12-01T07:43:24.343Z""","""2025-12-01T07:43:24.343Z"""
"33","3fa04ca3-7ac8-4b58-afca-a2aa1363ca03","game app development company","loc_19","en-US","https://www.tekrevol.com/game-development","commercial","Commercial · United States","true","P3","false","true","24.00","350","""2025-12-01T07:43:24.343Z""","""2025-12-01T07:43:24.343Z"""
"34","3fa04ca3-7ac8-4b58-afca-a2aa1363ca03","mobile game development companies","loc_19","en-US","https://www.tekrevol.com/game-development","informational","Informational · United States","true","P3","false","true","14.00","150","""2025-12-01T07:43:24.343Z""","""2025-12-01T07:43:24.343Z"""
"35","3fa04ca3-7ac8-4b58-afca-a2aa1363ca03","Game Development Services","loc_19","en-US","https://www.tekrevol.com/game-development","commercial","Commercial · United States","true","P3","false","true","75.00","900","""2025-12-01T07:43:24.343Z""","""2025-12-01T07:43:24.343Z"""
"36","3fa04ca3-7ac8-4b58-afca-a2aa1363ca03","game app developers","loc_19","en-US","https://www.tekrevol.com/game-development","commercial","Commercial · United States","true","P3","false","true","72.00","100","""2025-12-01T07:43:24.343Z""","""2025-12-01T07:43:24.343Z"""
"37","3fa04ca3-7ac8-4b58-afca-a2aa1363ca03","mobile game development services","loc_19","en-US","https://www.tekrevol.com/game-development","commercial","Commercial · United States","true","P3","false","true","27.00","350","""2025-12-01T07:43:24.343Z""","""2025-12-01T07:43:24.343Z"""
"38","3fa04ca3-7ac8-4b58-afca-a2aa1363ca03","mobile game developer","loc_19","en-US","https://www.tekrevol.com/game-development","informational","Informational · United States","true","P3","false","true","57.00","200","""2025-12-01T07:43:24.343Z""","""2025-12-01T07:43:24.343Z"""
"39","3fa04ca3-7ac8-4b58-afca-a2aa1363ca03","mobile game app development company","loc_19","en-US","https://www.tekrevol.com/game-development","commercial","Commercial · United States","true","P3","false","true","28.00","150","""2025-12-01T07:43:24.343Z""","""2025-12-01T07:43:24.343Z"""
"40","3fa04ca3-7ac8-4b58-afca-a2aa1363ca03","mobile game development agency","loc_19","en-US","https://www.tekrevol.com/game-development","commercial","Commercial · United States","true","P3","false","true","47.00","150","""2025-12-01T07:43:24.343Z""","""2025-12-01T07:43:24.343Z"""
"41","3fa04ca3-7ac8-4b58-afca-a2aa1363ca03","mobile game app developer","loc_19","en-US","https://www.tekrevol.com/game-development","commercial","Commercial · United States","true","P3","false","true","51.00","30","""2025-12-01T07:43:24.343Z""","""2025-12-01T07:43:24.343Z"""
"42","3fa04ca3-7ac8-4b58-afca-a2aa1363ca03","android app development company","loc_19","en-US","https://www.tekrevol.com/android-app-development","commercial","Commercial · United States","true","P3","false","true","23.00","3400","""2025-12-01T07:43:24.343Z""","""2025-12-01T07:43:24.343Z"""
"43","3fa04ca3-7ac8-4b58-afca-a2aa1363ca03","android apps development services","loc_19","en-US","https://www.tekrevol.com/android-app-development","commercial","Commercial · United States","true","P3","false","true","28.00","300","""2025-12-01T07:43:24.343Z""","""2025-12-01T07:43:24.343Z"""
"44","3fa04ca3-7ac8-4b58-afca-a2aa1363ca03","android app development services","loc_19","en-US","https://www.tekrevol.com/android-app-development","commercial","Commercial · United States","true","P3","false","true","24.00","3400","""2025-12-01T07:43:24.343Z""","""2025-12-01T07:43:24.343Z"""
"45","3fa04ca3-7ac8-4b58-afca-a2aa1363ca03","android development services","loc_19","en-US","https://www.tekrevol.com/android-app-development","commercial","Commercial · United States","true","P3","false","true","14.00","800","""2025-12-01T07:43:24.343Z""","""2025-12-01T07:43:24.343Z"""
"46","3fa04ca3-7ac8-4b58-afca-a2aa1363ca03","android application development company","loc_19","en-US","https://www.tekrevol.com/android-app-development","commercial","Commercial · United States","true","P3","false","true","24.00","1500","""2025-12-01T07:43:24.343Z""","""2025-12-01T07:43:24.343Z"""
"47","3fa04ca3-7ac8-4b58-afca-a2aa1363ca03","android application development services","loc_19","en-US","https://www.tekrevol.com/android-app-development","commercial","Commercial · United States","true","P3","false","true","22.00","1200","""2025-12-01T07:43:24.343Z""","""2025-12-01T07:43:24.343Z"""
"48","3fa04ca3-7ac8-4b58-afca-a2aa1363ca03","android app development agency","loc_19","en-US","https://www.tekrevol.com/android-app-development","commercial","Commercial · United States","true","P3","false","true","29.00","3400","""2025-12-01T07:43:24.343Z""","""2025-12-01T07:43:24.343Z"""
"49","3fa04ca3-7ac8-4b58-afca-a2aa1363ca03","android mobile app development company","loc_19","en-US","https://www.tekrevol.com/android-app-development","commercial","Commercial · United States","true","P3","false","true","25.00","900","""2025-12-01T07:43:24.343Z""","""2025-12-01T07:43:24.343Z"""
"50","3fa04ca3-7ac8-4b58-afca-a2aa1363ca03","custom android app development company","loc_19","en-US","https://www.tekrevol.com/android-app-development","commercial","Commercial · United States","true","P3","false","true","11.00","500","""2025-12-01T07:43:24.343Z""","""2025-12-01T07:43:24.343Z"""
"51","3fa04ca3-7ac8-4b58-afca-a2aa1363ca03","android application development agency","loc_19","en-US","https://www.tekrevol.com/android-app-development","commercial","Commercial · United States","true","P3","false","true","37.00","200","""2025-12-01T07:43:24.384Z""","""2025-12-01T07:43:24.384Z"""
"52","3fa04ca3-7ac8-4b58-afca-a2aa1363ca03","custom android app development","loc_19","en-US","https://www.tekrevol.com/android-app-development","commercial","Commercial · United States","true","P3","false","true","19.00","700","""2025-12-01T07:43:24.384Z""","""2025-12-01T07:43:24.384Z"""
"53","3fa04ca3-7ac8-4b58-afca-a2aa1363ca03","ecommerce app development","loc_19","en-US","https://www.tekrevol.com/solution/ecommerce-app-development","informational","Informational · United States","true","P3","false","true","12.00","700","""2025-12-01T07:43:24.384Z""","""2025-12-01T07:43:24.384Z"""
"54","3fa04ca3-7ac8-4b58-afca-a2aa1363ca03","ecommerce application development","loc_19","en-US","https://www.tekrevol.com/solution/ecommerce-app-development","informational","Informational · United States","true","P3","false","true","7.00","450","""2025-12-01T07:43:24.384Z""","""2025-12-01T07:43:24.384Z"""
"55","3fa04ca3-7ac8-4b58-afca-a2aa1363ca03","ecommerce app development services","loc_19","en-US","https://www.tekrevol.com/solution/ecommerce-app-development","commercial","Commercial · United States","true","P3","false","true","22.00","700","""2025-12-01T07:43:24.384Z""","""2025-12-01T07:43:24.384Z"""
"56","3fa04ca3-7ac8-4b58-afca-a2aa1363ca03","ecommerce mobile app development","loc_19","en-US","https://www.tekrevol.com/solution/ecommerce-app-development","informational","Informational · United States","true","P3","false","true","9.00","500","""2025-12-01T07:43:24.384Z""","""2025-12-01T07:43:24.384Z"""
"57","3fa04ca3-7ac8-4b58-afca-a2aa1363ca03","mobile ecommerce app development","loc_19","en-US","https://www.tekrevol.com/solution/ecommerce-app-development","informational","Informational · United States","true","P3","false","true","10.00","150","""2025-12-01T07:43:24.384Z""","""2025-12-01T07:43:24.384Z"""
"58","3fa04ca3-7ac8-4b58-afca-a2aa1363ca03","ecommerce application development company","loc_19","en-US","https://www.tekrevol.com/solution/ecommerce-app-development","commercial","Commercial · United States","true","P3","false","true","17.00","200","""2025-12-01T07:43:24.384Z""","""2025-12-01T07:43:24.384Z"""
"59","3fa04ca3-7ac8-4b58-afca-a2aa1363ca03","ecommerce app development company","loc_19","en-US","https://www.tekrevol.com/solution/ecommerce-app-development","commercial","Commercial · United States","true","P3","false","true","26.00","900","""2025-12-01T07:43:24.384Z""","""2025-12-01T07:43:24.384Z"""
"60","3fa04ca3-7ac8-4b58-afca-a2aa1363ca03","e commerce mobile app development company","loc_19","en-US","https://www.tekrevol.com/mobile-app-development","commercial","Commercial · United States","true","P3","false","true","12.00","150","""2025-12-01T07:43:24.384Z""","""2025-12-01T07:43:24.384Z"""
"61","3fa04ca3-7ac8-4b58-afca-a2aa1363ca03","ecommerce application development services","loc_19","en-US","https://www.tekrevol.com/solution/ecommerce-app-development","commercial","Commercial · United States","true","P3","false","true","10.00","200","""2025-12-01T07:43:24.384Z""","""2025-12-01T07:43:24.384Z"""
"62","3fa04ca3-7ac8-4b58-afca-a2aa1363ca03","ecommerce app developer","loc_19","en-US","https://www.tekrevol.com/solution/ecommerce-app-development","informational","Informational · United States","true","P3","false","true","15.00","200","""2025-12-01T07:43:24.384Z""","""2025-12-01T07:43:24.384Z"""
"63","3fa04ca3-7ac8-4b58-afca-a2aa1363ca03","e-commerce application development","loc_19","en-US","https://www.tekrevol.com/mobile-app-development","informational","Informational · United States","true","P3","false","true","6.00","50","""2025-12-01T07:43:24.384Z""","""2025-12-01T07:43:24.384Z"""
"64","3fa04ca3-7ac8-4b58-afca-a2aa1363ca03","mobile app development company miami","loc_12","en-US",,"commercial","Commercial · Miami - United States","true","P3","false","true","5.00","150","""2025-12-01T07:43:24.384Z""","""2025-12-01T07:43:24.384Z"""
"65","3fa04ca3-7ac8-4b58-afca-a2aa1363ca03","mobile app development miami","loc_12","en-US",,"commercial","Commercial · Miami - United States","true","P3","false","true","16.00","150","""2025-12-01T07:43:24.384Z""","""2025-12-01T07:43:24.384Z"""
"66","3fa04ca3-7ac8-4b58-afca-a2aa1363ca03","iphone apps development miami","loc_12","en-US",,"commercial","Commercial · Miami - United States","true","P3","false","true",,"40","""2025-12-01T07:43:24.384Z""","""2025-12-01T07:43:24.384Z"""
"67","3fa04ca3-7ac8-4b58-afca-a2aa1363ca03","ios app developer in miami","loc_12","en-US",,"mixed","Mixed · Miami - United States","true","P3","false","true",,"20","""2025-12-01T07:43:24.384Z""","""2025-12-01T07:43:24.384Z"""
"68","3fa04ca3-7ac8-4b58-afca-a2aa1363ca03","mobile app developer in miami","loc_12","en-US",,"mixed","Mixed · Miami - United States","true","P3","false","true",,"20","""2025-12-01T07:43:24.384Z""","""2025-12-01T07:43:24.384Z"""
"69","3fa04ca3-7ac8-4b58-afca-a2aa1363ca03","mobile app developer miami","loc_12","en-US",,"commercial","Commercial · Miami - United States","true","P3","false","true","2.00","100","""2025-12-01T07:43:24.384Z""","""2025-12-01T07:43:24.384Z"""
"70","3fa04ca3-7ac8-4b58-afca-a2aa1363ca03","mobile app developers miami","loc_12","en-US",,"commercial","Commercial · Miami - United States","true","P3","false","true","2.00","20","""2025-12-01T07:43:24.384Z""","""2025-12-01T07:43:24.384Z"""
"71","3fa04ca3-7ac8-4b58-afca-a2aa1363ca03","app developer miami","loc_12","en-US",,"commercial","Commercial · Miami - United States","true","P3","false","true","3.00","90","""2025-12-01T07:43:24.384Z""","""2025-12-01T07:43:24.384Z"""
"72","3fa04ca3-7ac8-4b58-afca-a2aa1363ca03","app developers miami","loc_12","en-US",,"commercial","Commercial · Miami - United States","true","P3","false","true","2.00","100","""2025-12-01T07:43:24.384Z""","""2025-12-01T07:43:24.384Z"""
"73","3fa04ca3-7ac8-4b58-afca-a2aa1363ca03","Miami app developers","loc_12","en-US",,"commercial","Commercial · Miami - United States","true","P3","false","true","4.00","80","""2025-12-01T07:43:24.384Z""","""2025-12-01T07:43:24.384Z"""
"74","3fa04ca3-7ac8-4b58-afca-a2aa1363ca03","miami app developer","loc_12","en-US",,"commercial","Commercial · Miami - United States","true","P3","false","true",,"200","""2025-12-01T07:43:24.384Z""","""2025-12-01T07:43:24.384Z"""
"75","3fa04ca3-7ac8-4b58-afca-a2aa1363ca03","iphone app development miami","loc_12","en-US",,"commercial","Commercial · Miami - United States","true","P3","false","true","10.00","100","""2025-12-01T07:43:24.384Z""","""2025-12-01T07:43:24.384Z"""
"76","3fa04ca3-7ac8-4b58-afca-a2aa1363ca03","Mobile App Development Company in San Francisco","loc_13","en-US",,"commercial","Commercial · San Francisco - United States","true","P3","false","true","3.00","200","""2025-12-01T07:43:24.384Z""","""2025-12-01T07:43:24.384Z"""
"77","3fa04ca3-7ac8-4b58-afca-a2aa1363ca03","app development companies San Francisco","loc_13","en-US",,"commercial","Commercial · San Francisco - United States","true","P3","false","true","1.00","80","""2025-12-01T07:43:24.384Z""","""2025-12-01T07:43:24.384Z"""
"78","3fa04ca3-7ac8-4b58-afca-a2aa1363ca03","mobile app development San Francisco","loc_13","en-US",,"commercial","Commercial · San Francisco - United States","true","P3","false","true","2.00","300","""2025-12-01T07:43:24.384Z""","""2025-12-01T07:43:24.384Z"""
"79","3fa04ca3-7ac8-4b58-afca-a2aa1363ca03","Mobile App Development In San Francisco","loc_13","en-US",,"commercial","Commercial · San Francisco - United States","true","P3","false","true",,"70","""2025-12-01T07:43:24.384Z""","""2025-12-01T07:43:24.384Z"""
"80","3fa04ca3-7ac8-4b58-afca-a2aa1363ca03","San Francisco Mobile App Development","loc_13","en-US",,"commercial","Commercial · San Francisco - United States","true","P3","false","true",,"200","""2025-12-01T07:43:24.384Z""","""2025-12-01T07:43:24.384Z"""
"81","3fa04ca3-7ac8-4b58-afca-a2aa1363ca03","android app development San francisco","loc_13","en-US",,"mixed","Mixed · San Francisco - United States","true","P3","false","true",,"50","""2025-12-01T07:43:24.384Z""","""2025-12-01T07:43:24.384Z"""
"82","3fa04ca3-7ac8-4b58-afca-a2aa1363ca03","app developers San Francisco","loc_13","en-US",,"commercial","Commercial · San Francisco - United States","true","P3","false","true",,"200","""2025-12-01T07:43:24.384Z""","""2025-12-01T07:43:24.384Z"""
"83","3fa04ca3-7ac8-4b58-afca-a2aa1363ca03","app developers in San Francisco","loc_13","en-US",,"commercial","Commercial · San Francisco - United States","true","P3","false","true","2.00","90","""2025-12-01T07:43:24.384Z""","""2025-12-01T07:43:24.384Z"""
"84","3fa04ca3-7ac8-4b58-afca-a2aa1363ca03","mobile app development companies in san francisco","loc_13","en-US",,"commercial","Commercial · San Francisco - United States","true","P3","false","true","4.00","150","""2025-12-01T07:43:24.384Z""","""2025-12-01T07:43:24.384Z"""
"85","3fa04ca3-7ac8-4b58-afca-a2aa1363ca03","mobile app development company san francisco","loc_13","en-US",,"commercial","Commercial · San Francisco - United States","true","P3","false","true","1.00","100","""2025-12-01T07:43:24.384Z""","""2025-12-01T07:43:24.384Z"""
"86","3fa04ca3-7ac8-4b58-afca-a2aa1363ca03","mobile app development companies san francisco","loc_13","en-US",,"commercial","Commercial · San Francisco - United States","true","P3","false","true","1.00","100","""2025-12-01T07:43:24.384Z""","""2025-12-01T07:43:24.384Z"""
"87","3fa04ca3-7ac8-4b58-afca-a2aa1363ca03","app development company san francisco","loc_13","en-US",,"commercial","Commercial · San Francisco - United States","true","P3","false","true","3.00","100","""2025-12-01T07:43:24.384Z""","""2025-12-01T07:43:24.384Z"""
"88","3fa04ca3-7ac8-4b58-afca-a2aa1363ca03","app development san francisco","loc_13","en-US",,"commercial","Commercial · San Francisco - United States","true","P3","false","true","6.00","150","""2025-12-01T07:43:24.384Z""","""2025-12-01T07:43:24.384Z"""
"89","3fa04ca3-7ac8-4b58-afca-a2aa1363ca03","mobile app developers san francisco","loc_13","en-US",,"commercial","Commercial · San Francisco - United States","true","P3","false","true","1.00","70","""2025-12-01T07:43:24.384Z""","""2025-12-01T07:43:24.384Z"""
"90","3fa04ca3-7ac8-4b58-afca-a2aa1363ca03","website design companies nj","loc_19","en-US",,"commercial","Commercial · United States","true","P3","false","true","21.00","100","""2025-12-01T07:43:24.384Z""","""2025-12-01T07:43:24.384Z"""
"91","3fa04ca3-7ac8-4b58-afca-a2aa1363ca03","web development company new jersey","loc_2","en-US",,"commercial","Commercial · New Jersey - United States","true","P3","false","true","1.00","80","""2025-12-01T07:43:24.384Z""","""2025-12-01T07:43:24.384Z"""
"92","3fa04ca3-7ac8-4b58-afca-a2aa1363ca03","web design company nj","loc_19","en-US",,"commercial","Commercial · United States","true","P3","false","true","23.00","350","""2025-12-01T07:43:24.384Z""","""2025-12-01T07:43:24.384Z"""
"93","3fa04ca3-7ac8-4b58-afca-a2aa1363ca03","web development nj","loc_19","en-US",,"commercial","Commercial · United States","true","P3","false","true","17.00","200","""2025-12-01T07:43:24.384Z""","""2025-12-01T07:43:24.384Z"""
"94","3fa04ca3-7ac8-4b58-afca-a2aa1363ca03","website design new jersey","loc_2","en-US",,"commercial","Commercial · New Jersey - United States","true","P3","false","true","29.00","150","""2025-12-01T07:43:24.384Z""","""2025-12-01T07:43:24.384Z"""
"95","3fa04ca3-7ac8-4b58-afca-a2aa1363ca03","web development new jersey","loc_2","en-US",,"commercial","Commercial · New Jersey - United States","true","P3","false","true","7.00","150","""2025-12-01T07:43:24.384Z""","""2025-12-01T07:43:24.384Z"""
"96","3fa04ca3-7ac8-4b58-afca-a2aa1363ca03","website development nj","loc_19","en-US",,"commercial","Commercial · United States","true","P3","false","true","16.00","150","""2025-12-01T07:43:24.384Z""","""2025-12-01T07:43:24.384Z"""
"97","3fa04ca3-7ac8-4b58-afca-a2aa1363ca03","website design company New Jersey","loc_2","en-US",,"commercial","Commercial · New Jersey - United States","true","P3","false","true","27.00","200","""2025-12-01T07:43:24.384Z""","""2025-12-01T07:43:24.384Z"""
"98","3fa04ca3-7ac8-4b58-afca-a2aa1363ca03","chicago mobile app development","loc_9","en-US","https://www.tekrevol.com/app-development-chicago","commercial","Commercial · Chicago - United States","true","P3","false","true","20.00","200","""2025-12-01T07:43:24.384Z""","""2025-12-01T07:43:24.384Z"""
"99","3fa04ca3-7ac8-4b58-afca-a2aa1363ca03","mobile app development company chicago","loc_9","en-US","https://www.tekrevol.com/app-development-chicago","commercial","Commercial · Chicago - United States","true","P3","false","true","12.00","350","""2025-12-01T07:43:24.384Z""","""2025-12-01T07:43:24.384Z"""
"100","3fa04ca3-7ac8-4b58-afca-a2aa1363ca03","app development chicago","loc_9","en-US","https://www.tekrevol.com/app-development-chicago","commercial","Commercial · Chicago - United States","true","P3","false","true","19.00","250","""2025-12-01T07:43:24.384Z""","""2025-12-01T07:43:24.384Z"""
"101","3fa04ca3-7ac8-4b58-afca-a2aa1363ca03","app developers chicago","loc_9","en-US","https://www.tekrevol.com/app-development-chicago","commercial","Commercial · Chicago - United States","true","P3","false","true","12.00","200","""2025-12-01T07:43:24.427Z""","""2025-12-01T07:43:24.427Z"""
"102","3fa04ca3-7ac8-4b58-afca-a2aa1363ca03","chicago app development","loc_9","en-US","https://www.tekrevol.com/app-development-chicago","commercial","Commercial · Chicago - United States","true","P3","false","true","20.00","30","""2025-12-01T07:43:24.427Z""","""2025-12-01T07:43:24.427Z"""
"103","3fa04ca3-7ac8-4b58-afca-a2aa1363ca03","chicago app developers","loc_9","en-US","https://www.tekrevol.com/app-development-chicago","commercial","Commercial · Chicago - United States","true","P3","false","true","12.00","150","""2025-12-01T07:43:24.427Z""","""2025-12-01T07:43:24.427Z"""
"104","3fa04ca3-7ac8-4b58-afca-a2aa1363ca03","app development companies in chicago","loc_9","en-US",,"commercial","Commercial · Chicago - United States","true","P3","false","true","14.00","150","""2025-12-01T07:43:24.427Z""","""2025-12-01T07:43:24.427Z"""
"105","3fa04ca3-7ac8-4b58-afca-a2aa1363ca03","chicago app development company","loc_9","en-US","https://www.tekrevol.com/app-development-chicago","commercial","Commercial · Chicago - United States","true","P3","false","true","22.00","150","""2025-12-01T07:43:24.427Z""","""2025-12-01T07:43:24.427Z"""
"106","3fa04ca3-7ac8-4b58-afca-a2aa1363ca03","app developers in chicago","loc_9","en-US",,"commercial","Commercial · Chicago - United States","true","P3","false","true","23.00","100","""2025-12-01T07:43:24.427Z""","""2025-12-01T07:43:24.427Z"""
"107","3fa04ca3-7ac8-4b58-afca-a2aa1363ca03","mobile app development company in chicago","loc_9","en-US","https://www.tekrevol.com/app-development-chicago","commercial","Commercial · Chicago - United States","true","P3","false","true","21.00","200","""2025-12-01T07:43:24.427Z""","""2025-12-01T07:43:24.427Z"""
"108","3fa04ca3-7ac8-4b58-afca-a2aa1363ca03","mobile app development company in austin","loc_3","en-US",,"commercial","Commercial · Austin - United States","true","P3","false","true","14.00","200","""2025-12-01T07:43:24.427Z""","""2025-12-01T07:43:24.427Z"""
"109","3fa04ca3-7ac8-4b58-afca-a2aa1363ca03","mobile app development company austin","loc_3","en-US","https://www.tekrevol.com/app-development-austin","commercial","Commercial · Austin - United States","true","P3","false","true","26.00","150","""2025-12-01T07:43:24.427Z""","""2025-12-01T07:43:24.427Z"""
"110","3fa04ca3-7ac8-4b58-afca-a2aa1363ca03","mobile app development austin","loc_3","en-US","https://www.tekrevol.com/app-development-austin","commercial","Commercial · Austin - United States","true","P3","false","true","26.00","90","""2025-12-01T07:43:24.427Z""","""2025-12-01T07:43:24.427Z"""
"111","3fa04ca3-7ac8-4b58-afca-a2aa1363ca03","austin mobile app development","loc_3","en-US","https://www.tekrevol.com/app-development-austin","commercial","Commercial · Austin - United States","true","P3","false","true","24.00","60","""2025-12-01T07:43:24.427Z""","""2025-12-01T07:43:24.427Z"""
"112","3fa04ca3-7ac8-4b58-afca-a2aa1363ca03","app development services austin","loc_3","en-US",,"commercial","Commercial · Austin - United States","true","P3","false","true","13.00","50","""2025-12-01T07:43:24.427Z""","""2025-12-01T07:43:24.427Z"""
"113","3fa04ca3-7ac8-4b58-afca-a2aa1363ca03","austin app developers","loc_3","en-US","https://www.tekrevol.com/app-development-austin","commercial","Commercial · Austin - United States","true","P3","false","true","7.00","100","""2025-12-01T07:43:24.427Z""","""2025-12-01T07:43:24.427Z"""
"114","3fa04ca3-7ac8-4b58-afca-a2aa1363ca03","app development company austin","loc_3","en-US","https://www.tekrevol.com/app-development-austin","commercial","Commercial · Austin - United States","true","P3","false","true","13.00","150","""2025-12-01T07:43:24.427Z""","""2025-12-01T07:43:24.427Z"""
"115","3fa04ca3-7ac8-4b58-afca-a2aa1363ca03","app developers in austin","loc_3","en-US",,"commercial","Commercial · Austin - United States","true","P3","false","true","8.00","100","""2025-12-01T07:43:24.427Z""","""2025-12-01T07:43:24.427Z"""
"116","3fa04ca3-7ac8-4b58-afca-a2aa1363ca03","ios app development company","loc_19","en-US","https://www.tekrevol.com/ios-app-development","commercial","Commercial · United States","true","P3","false","true","41.00","5900","""2025-12-01T07:43:24.427Z""","""2025-12-01T07:43:24.427Z"""
"117","3fa04ca3-7ac8-4b58-afca-a2aa1363ca03","iphone app development company","loc_19","en-US","https://www.tekrevol.com/ios-app-development","commercial","Commercial · United States","true","P3","false","true","38.00","2100","""2025-12-01T07:43:24.427Z""","""2025-12-01T07:43:24.427Z"""
"118","3fa04ca3-7ac8-4b58-afca-a2aa1363ca03","ios app development services","loc_19","en-US","https://www.tekrevol.com/ios-app-development","commercial","Commercial · United States","true","P3","false","true","42.00","2400","""2025-12-01T07:43:24.427Z""","""2025-12-01T07:43:24.427Z"""
"119","3fa04ca3-7ac8-4b58-afca-a2aa1363ca03","iphone app development services","loc_19","en-US","https://www.tekrevol.com/ios-app-development","commercial","Commercial · United States","true","P3","false","true","45.00","1000","""2025-12-01T07:43:24.427Z""","""2025-12-01T07:43:24.427Z"""
"120","3fa04ca3-7ac8-4b58-afca-a2aa1363ca03","iphone application development services","loc_19","en-US",,"commercial","Commercial · United States","true","P3","false","true","38.00","500","""2025-12-01T07:43:24.427Z""","""2025-12-01T07:43:24.427Z"""
"121","3fa04ca3-7ac8-4b58-afca-a2aa1363ca03","ios application development company","loc_19","en-US","https://www.tekrevol.com/ios-app-development","commercial","Commercial · United States","true","P3","false","true","33.00","600","""2025-12-01T07:43:24.427Z""","""2025-12-01T07:43:24.427Z"""
"122","3fa04ca3-7ac8-4b58-afca-a2aa1363ca03","iphone applications development company","loc_19","en-US",,"commercial","Commercial · United States","true","P3","false","true","32.00","150","""2025-12-01T07:43:24.427Z""","""2025-12-01T07:43:24.427Z"""
"123","3fa04ca3-7ac8-4b58-afca-a2aa1363ca03","iphone app development company usa","loc_19","en-US",,"commercial","Commercial · United States","true","P3","false","true","37.00","200","""2025-12-01T07:43:24.427Z""","""2025-12-01T07:43:24.427Z"""
"124","3fa04ca3-7ac8-4b58-afca-a2aa1363ca03","ios app development agency","loc_19","en-US",,"commercial","Commercial · United States","true","P3","false","true","30.00","1100","""2025-12-01T07:43:24.427Z""","""2025-12-01T07:43:24.427Z"""
"125","3fa04ca3-7ac8-4b58-afca-a2aa1363ca03","ios mobile app development company","loc_19","en-US","https://www.tekrevol.com/ios-app-development","commercial","Commercial · United States","true","P3","false","true","37.00","700","""2025-12-01T07:43:24.427Z""","""2025-12-01T07:43:24.427Z"""
"126","3fa04ca3-7ac8-4b58-afca-a2aa1363ca03","custom ios app development services","loc_19","en-US",,"commercial","Commercial · United States","true","P3","false","true","31.00","700","""2025-12-01T07:43:24.427Z""","""2025-12-01T07:43:24.427Z"""
"127","3fa04ca3-7ac8-4b58-afca-a2aa1363ca03","custom ios app development company","loc_19","en-US","https://www.tekrevol.com/ios-app-development","commercial","Commercial · United States","true","P3","false","true","31.00","350","""2025-12-01T07:43:24.427Z""","""2025-12-01T07:43:24.427Z"""
"128","3fa04ca3-7ac8-4b58-afca-a2aa1363ca03","custom iphone app development","loc_19","en-US",,"commercial","Commercial · United States","true","P3","false","true","20.00","500","""2025-12-01T07:43:24.427Z""","""2025-12-01T07:43:24.427Z"""
"129","3fa04ca3-7ac8-4b58-afca-a2aa1363ca03","Website Development Services in USA","loc_19","en-US",,"commercial","Commercial · United States","true","P3","false","true","27.00","250","""2025-12-01T07:43:24.427Z""","""2025-12-01T07:43:24.427Z"""
"130","3fa04ca3-7ac8-4b58-afca-a2aa1363ca03","web development services usa","loc_19","en-US",,"commercial","Commercial · United States","true","P3","false","true","22.00","150","""2025-12-01T07:43:24.427Z""","""2025-12-01T07:43:24.427Z"""
"131","3fa04ca3-7ac8-4b58-afca-a2aa1363ca03","web development services in usa","loc_19","en-US",,"commercial","Commercial · United States","true","P3","false","true","14.00","300","""2025-12-01T07:43:24.427Z""","""2025-12-01T07:43:24.427Z"""
"132","3fa04ca3-7ac8-4b58-afca-a2aa1363ca03","Web Development Services","loc_19","en-US",,"commercial","Commercial · United States","true","P3","false","true","67.00","6500","""2025-12-01T07:43:24.427Z""","""2025-12-01T07:43:24.427Z"""
"133","3fa04ca3-7ac8-4b58-afca-a2aa1363ca03","professional website development services","loc_19","en-US",,"commercial","Commercial · United States","true","P3","false","true","55.00","300","""2025-12-01T07:43:24.427Z""","""2025-12-01T07:43:24.427Z"""
"134","3fa04ca3-7ac8-4b58-afca-a2aa1363ca03","professional web development services","loc_19","en-US",,"commercial","Commercial · United States","true","P3","false","true","12.00","1400","""2025-12-01T07:43:24.427Z""","""2025-12-01T07:43:24.427Z"""
"135","3fa04ca3-7ac8-4b58-afca-a2aa1363ca03","web development service","loc_19","en-US","https://www.tekrevol.com/web-development-uk","commercial","Commercial · United States","true","P3","false","true","35.00","2400","""2025-12-01T07:43:24.427Z""","""2025-12-01T07:43:24.427Z"""
"136","3fa04ca3-7ac8-4b58-afca-a2aa1363ca03","website development solutions","loc_19","en-US",,"commercial","Commercial · United States","true","P3","false","true","24.00","350","""2025-12-01T07:43:24.427Z""","""2025-12-01T07:43:24.427Z"""
"137","3fa04ca3-7ac8-4b58-afca-a2aa1363ca03","website designing and development services","loc_19","en-US",,"commercial","Commercial · United States","true","P3","false","true","44.00","100","""2025-12-01T07:43:24.427Z""","""2025-12-01T07:43:24.427Z"""
"138","3fa04ca3-7ac8-4b58-afca-a2aa1363ca03","web development services company","loc_19","en-US",,"commercial","Commercial · United States","true","P3","false","true","23.00","1600","""2025-12-01T07:43:24.427Z""","""2025-12-01T07:43:24.427Z"""
"139","3fa04ca3-7ac8-4b58-afca-a2aa1363ca03","website development service","loc_19","en-US",,"commercial","Commercial · United States","true","P3","false","true","40.00","1500","""2025-12-01T07:43:24.427Z""","""2025-12-01T07:43:24.427Z"""
"140","3fa04ca3-7ac8-4b58-afca-a2aa1363ca03","website development company","loc_19","en-US","https://www.tekrevol.com/web-development-uk","commercial","Commercial · United States","true","P3","false","true","63.00","9700","""2025-12-01T07:43:24.427Z""","""2025-12-01T07:43:24.427Z"""
"141","3fa04ca3-7ac8-4b58-afca-a2aa1363ca03","website development company in usa","loc_19","en-US",,"commercial","Commercial · United States","true","P3","false","true","16.00","400","""2025-12-01T07:43:24.427Z""","""2025-12-01T07:43:24.427Z"""
"142","3fa04ca3-7ac8-4b58-afca-a2aa1363ca03","website development companies in usa","loc_19","en-US",,"commercial","Commercial · United States","true","P3","false","true","44.00","200","""2025-12-01T07:43:24.427Z""","""2025-12-01T07:43:24.427Z"""
"143","3fa04ca3-7ac8-4b58-afca-a2aa1363ca03","Website Development Services","loc_19","en-US",,"commercial","Commercial · United States","true","P3","false","true","69.00","7000","""2025-12-01T07:43:24.427Z""","""2025-12-01T07:43:24.427Z"""
"144","3fa04ca3-7ac8-4b58-afca-a2aa1363ca03","Website Development Company USA","loc_19","en-US",,"commercial","Commercial · United States","true","P3","false","true","26.00","200","""2025-12-01T07:43:24.427Z""","""2025-12-01T07:43:24.427Z"""
"145","3fa04ca3-7ac8-4b58-afca-a2aa1363ca03","web development company","loc_19","en-US","https://www.tekrevol.com/web-development-uk","commercial","Commercial · United States","true","P3","false","true","26.00","16000","""2025-12-01T07:43:24.427Z""","""2025-12-01T07:43:24.427Z"""
"146","3fa04ca3-7ac8-4b58-afca-a2aa1363ca03","mobile app development dallas","loc_5","en-US","https://www.tekrevol.com/app-development-dallas","commercial","Commercial · Dallas - United States","true","P3","false","true","11.00","600","""2025-12-01T07:43:24.427Z""","""2025-12-01T07:43:24.427Z"""
"147","3fa04ca3-7ac8-4b58-afca-a2aa1363ca03","app development dallas","loc_5","en-US","https://www.tekrevol.com/app-development-dallas","commercial","Commercial · Dallas - United States","true","P3","false","true","20.00","350","""2025-12-01T07:43:24.427Z""","""2025-12-01T07:43:24.427Z"""
"148","3fa04ca3-7ac8-4b58-afca-a2aa1363ca03","app developers in dallas","loc_5","en-US",,"commercial","Commercial · Dallas - United States","true","P3","false","true","20.00","200","""2025-12-01T07:43:24.427Z""","""2025-12-01T07:43:24.427Z"""
"149","3fa04ca3-7ac8-4b58-afca-a2aa1363ca03","mobile app development company in dallas","loc_5","en-US",,"commercial","Commercial · Dallas - United States","true","P3","false","true","24.00","250","""2025-12-01T07:43:24.427Z""","""2025-12-01T07:43:24.427Z"""
"150","3fa04ca3-7ac8-4b58-afca-a2aa1363ca03","dallas mobile app development","loc_5","en-US","https://www.tekrevol.com/app-development-dallas","commercial","Commercial · Dallas - United States","true","P3","false","true","10.00","150","""2025-12-01T07:43:24.427Z""","""2025-12-01T07:43:24.427Z"""
"151","3fa04ca3-7ac8-4b58-afca-a2aa1363ca03","app development companies in dallas","loc_5","en-US",,"commercial","Commercial · Dallas - United States","true","P3","false","true","11.00","100","""2025-12-01T07:43:24.474Z""","""2025-12-01T07:43:24.474Z"""
"152","3fa04ca3-7ac8-4b58-afca-a2aa1363ca03","mobile app development company dallas","loc_5","en-US","https://www.tekrevol.com/app-development-dallas","commercial","Commercial · Dallas - United States","true","P3","false","true","14.00","200","""2025-12-01T07:43:24.474Z""","""2025-12-01T07:43:24.474Z"""
"153","3fa04ca3-7ac8-4b58-afca-a2aa1363ca03","mobile app development companies dallas","loc_5","en-US",,"commercial","Commercial · Dallas - United States","true","P3","false","true","11.00","80","""2025-12-01T07:43:24.474Z""","""2025-12-01T07:43:24.474Z"""
"154","3fa04ca3-7ac8-4b58-afca-a2aa1363ca03","mobile app development dallas, tx","loc_5","en-US",,"mixed","Mixed · Dallas - United States","true","P3","false","true",,,"""2025-12-01T07:43:24.474Z""","""2025-12-01T07:43:24.474Z"""
"155","3fa04ca3-7ac8-4b58-afca-a2aa1363ca03","mobile app developers dallas","loc_5","en-US","https://www.tekrevol.com/app-development-dallas","commercial","Commercial · Dallas - United States","true","P3","false","true","21.00","90","""2025-12-01T07:43:24.474Z""","""2025-12-01T07:43:24.474Z"""
"156","3fa04ca3-7ac8-4b58-afca-a2aa1363ca03","app developers dallas","loc_5","en-US","https://www.tekrevol.com/app-development-dallas","commercial","Commercial · Dallas - United States","true","P3","false","true","16.00","150","""2025-12-01T07:43:24.474Z""","""2025-12-01T07:43:24.474Z"""
"157","3fa04ca3-7ac8-4b58-afca-a2aa1363ca03","mobile app developer dallas","loc_5","en-US",,"commercial","Commercial · Dallas - United States","true","P3","false","true","12.00","150","""2025-12-01T07:43:24.474Z""","""2025-12-01T07:43:24.474Z"""
"158","3fa04ca3-7ac8-4b58-afca-a2aa1363ca03","android app development services in dallas","loc_5","en-US",,"commercial","Commercial · Dallas - United States","true","P3","false","true","22.00","80","""2025-12-01T07:43:24.474Z""","""2025-12-01T07:43:24.474Z"""
"159","3fa04ca3-7ac8-4b58-afca-a2aa1363ca03","dallas mobile app development company","loc_5","en-US",,"commercial","Commercial · Dallas - United States","true","P3","false","true","16.00","200","""2025-12-01T07:43:24.474Z""","""2025-12-01T07:43:24.474Z"""
"160","3fa04ca3-7ac8-4b58-afca-a2aa1363ca03","app developers near me","loc_19","en-US",,"transactional","Transactional · United States","true","P3","false","true","22.00","1900","""2025-12-01T07:43:24.474Z""","""2025-12-01T07:43:24.474Z"""
"161","3fa04ca3-7ac8-4b58-afca-a2aa1363ca03","mobile app development near me","loc_19","en-US",,"commercial","Commercial · United States","true","P3","false","true","48.00","400","""2025-12-01T07:43:24.474Z""","""2025-12-01T07:43:24.474Z"""
"162","3fa04ca3-7ac8-4b58-afca-a2aa1363ca03","mobile app development company near me","loc_19","en-US",,"transactional","Transactional · United States","true","P3","false","true","12.00","300","""2025-12-01T07:43:24.474Z""","""2025-12-01T07:43:24.474Z"""
"163","3fa04ca3-7ac8-4b58-afca-a2aa1363ca03","app development near me","loc_19","en-US",,"transactional","Transactional · United States","true","P3","false","true","22.00","250","""2025-12-01T07:43:24.474Z""","""2025-12-01T07:43:24.474Z"""
"164","3fa04ca3-7ac8-4b58-afca-a2aa1363ca03","app development company near me","loc_19","en-US",,"commercial","Commercial · United States","true","P3","false","true","52.00","200","""2025-12-01T07:43:24.474Z""","""2025-12-01T07:43:24.474Z"""
"165","3fa04ca3-7ac8-4b58-afca-a2aa1363ca03","music app development company","loc_19","en-US",,"commercial","Commercial · United States","true","P3","false","true","5.00","400","""2025-12-01T07:43:24.474Z""","""2025-12-01T07:43:24.474Z"""
"166","3fa04ca3-7ac8-4b58-afca-a2aa1363ca03","music app development services","loc_19","en-US",,"mixed","Mixed · United States","true","P3","false","true","1.00","60","""2025-12-01T07:43:24.474Z""","""2025-12-01T07:43:24.474Z"""
"167","3fa04ca3-7ac8-4b58-afca-a2aa1363ca03","music app developers","loc_19","en-US",,"commercial","Commercial · United States","true","P3","false","true","5.00","100","""2025-12-01T07:43:24.474Z""","""2025-12-01T07:43:24.474Z"""
"168","3fa04ca3-7ac8-4b58-afca-a2aa1363ca03","music app developer","loc_19","en-US",,"commercial","Commercial · United States","true","P3","false","true","72.00","50","""2025-12-01T07:43:24.474Z""","""2025-12-01T07:43:24.474Z"""
"169","3fa04ca3-7ac8-4b58-afca-a2aa1363ca03","music streaming app development company","loc_19","en-US",,"mixed","Mixed · United States","true","P3","false","true","12.00","500","""2025-12-01T07:43:24.474Z""","""2025-12-01T07:43:24.474Z"""
"170","3fa04ca3-7ac8-4b58-afca-a2aa1363ca03","mobile app development company","loc_19","en-US","https://www.tekrevol.com/mobile-app-development","commercial","Commercial · United States","true","P3","false","true","46.00","11000","""2025-12-01T07:43:24.474Z""","""2025-12-01T07:43:24.474Z"""
"171","3fa04ca3-7ac8-4b58-afca-a2aa1363ca03","app development company","loc_19","en-US","https://www.tekrevol.com/mobile-app-development","commercial","Commercial · United States","true","P3","false","true","66.00","7600","""2025-12-01T07:43:24.474Z""","""2025-12-01T07:43:24.474Z"""
"172","3fa04ca3-7ac8-4b58-afca-a2aa1363ca03","mobile application development company","loc_19","en-US","https://www.tekrevol.com/mobile-app-development","commercial","Commercial · United States","true","P3","false","true","39.00","3400","""2025-12-01T07:43:24.474Z""","""2025-12-01T07:43:24.474Z"""
"173","3fa04ca3-7ac8-4b58-afca-a2aa1363ca03","application development company","loc_19","en-US","https://www.tekrevol.com/mobile-app-development","commercial","Commercial · United States","true","P3","false","true","26.00","1400","""2025-12-01T07:43:24.474Z""","""2025-12-01T07:43:24.474Z"""
"174","3fa04ca3-7ac8-4b58-afca-a2aa1363ca03","apps development company","loc_19","en-US","https://www.tekrevol.com/mobile-app-development","commercial","Commercial · United States","true","P3","false","true","47.00","250","""2025-12-01T07:43:24.474Z""","""2025-12-01T07:43:24.474Z"""
"175","3fa04ca3-7ac8-4b58-afca-a2aa1363ca03","mobile apps development company","loc_19","en-US","https://www.tekrevol.com/mobile-app-development","commercial","Commercial · United States","true","P3","false","true","46.00","350","""2025-12-01T07:43:24.474Z""","""2025-12-01T07:43:24.474Z"""
"176","3fa04ca3-7ac8-4b58-afca-a2aa1363ca03","mobile app development agency","loc_19","en-US","https://www.tekrevol.com/mobile-app-development","commercial","Commercial · United States","true","P3","false","true","62.00","5200","""2025-12-01T07:43:24.474Z""","""2025-12-01T07:43:24.474Z"""
"177","3fa04ca3-7ac8-4b58-afca-a2aa1363ca03","mobile application development agency","loc_19","en-US","https://www.tekrevol.com/mobile-app-development","commercial","Commercial · United States","true","P3","false","true","30.00","900","""2025-12-01T07:43:24.474Z""","""2025-12-01T07:43:24.474Z"""
"178","3fa04ca3-7ac8-4b58-afca-a2aa1363ca03","mobile app development company usa","loc_19","en-US","https://www.tekrevol.com/mobile-app-development","commercial","Commercial · United States","true","P3","false","true","70.00","600","""2025-12-01T07:43:24.474Z""","""2025-12-01T07:43:24.474Z"""
"179","3fa04ca3-7ac8-4b58-afca-a2aa1363ca03","mobile app development company in usa","loc_19","en-US","https://www.tekrevol.com/mobile-app-development","commercial","Commercial · United States","true","P3","false","true","53.00","1300","""2025-12-01T07:43:24.474Z""","""2025-12-01T07:43:24.474Z"""
"180","3fa04ca3-7ac8-4b58-afca-a2aa1363ca03","app development company in usa","loc_19","en-US","https://www.tekrevol.com/mobile-app-development","commercial","Commercial · United States","true","P3","false","true","51.00","200","""2025-12-01T07:43:24.474Z""","""2025-12-01T07:43:24.474Z"""
"181","3fa04ca3-7ac8-4b58-afca-a2aa1363ca03","mobile app development dubai","loc_1","en-AE",,"commercial","Commercial · Dubai - United Arab Emirates","true","P3","false","true","59.00","500","""2025-12-01T07:43:24.474Z""","""2025-12-01T07:43:24.474Z"""
"182","3fa04ca3-7ac8-4b58-afca-a2aa1363ca03","mobile app development in dubai","loc_1","en-AE",,"commercial","Commercial · Dubai - United Arab Emirates","true","P3","false","true","51.00","150","""2025-12-01T07:43:24.474Z""","""2025-12-01T07:43:24.474Z"""
"183","3fa04ca3-7ac8-4b58-afca-a2aa1363ca03","mobile app development company dubai","loc_1","en-AE",,"commercial","Commercial · Dubai - United Arab Emirates","true","P3","false","true","64.00","300","""2025-12-01T07:43:24.474Z""","""2025-12-01T07:43:24.474Z"""
"184","3fa04ca3-7ac8-4b58-afca-a2aa1363ca03","mobile app development company in dubai","loc_1","en-AE",,"commercial","Commercial · Dubai - United Arab Emirates","true","P3","false","true","60.00","450","""2025-12-01T07:43:24.474Z""","""2025-12-01T07:43:24.474Z"""
"185","3fa04ca3-7ac8-4b58-afca-a2aa1363ca03","app development company in dubai","loc_1","en-AE",,"commercial","Commercial · Dubai - United Arab Emirates","true","P3","false","true","51.00","100","""2025-12-01T07:43:24.474Z""","""2025-12-01T07:43:24.474Z"""
"186","3fa04ca3-7ac8-4b58-afca-a2aa1363ca03","app development dubai","loc_1","en-AE",,"commercial","Commercial · Dubai - United Arab Emirates","true","P3","false","true","63.00","250","""2025-12-01T07:43:24.474Z""","""2025-12-01T07:43:24.474Z"""
"187","3fa04ca3-7ac8-4b58-afca-a2aa1363ca03","app development companies in dubai","loc_1","en-AE",,"commercial","Commercial · Dubai - United Arab Emirates","true","P3","false","true","57.00","90","""2025-12-01T07:43:24.474Z""","""2025-12-01T07:43:24.474Z"""
"188","3fa04ca3-7ac8-4b58-afca-a2aa1363ca03","dubai mobile app development","loc_1","en-AE",,"commercial","Commercial · Dubai - United Arab Emirates","true","P3","false","true",,"70","""2025-12-01T07:43:24.474Z""","""2025-12-01T07:43:24.474Z"""
"189","3fa04ca3-7ac8-4b58-afca-a2aa1363ca03","mobile app development company","loc_1","en-AE","https://www.tekrevol.com/mobile-app-development","commercial","Commercial · Dubai - United Arab Emirates","true","P3","false","true","46.00","11000","""2025-12-01T07:43:24.474Z""","""2025-12-01T07:43:24.474Z"""
"190","3fa04ca3-7ac8-4b58-afca-a2aa1363ca03","app development uk","loc_8","en-GB",,"commercial","Commercial · London - United Kingdom","true","P3","false","true","52.00","200","""2025-12-01T07:43:24.474Z""","""2025-12-01T07:43:24.474Z"""
"191","3fa04ca3-7ac8-4b58-afca-a2aa1363ca03","app development company","loc_8","en-GB","https://www.tekrevol.com/mobile-app-development","commercial","Commercial · London - United Kingdom","true","P3","false","true","66.00","7600","""2025-12-01T07:43:24.474Z""","""2025-12-01T07:43:24.474Z"""
"192","3fa04ca3-7ac8-4b58-afca-a2aa1363ca03","mobile app development company","loc_8","en-GB","https://www.tekrevol.com/mobile-app-development","commercial","Commercial · London - United Kingdom","true","P3","false","true","46.00","11000","""2025-12-01T07:43:24.474Z""","""2025-12-01T07:43:24.474Z"""
"193","3fa04ca3-7ac8-4b58-afca-a2aa1363ca03","mobile app development companies","loc_8","en-GB",,"commercial","Commercial · London - United Kingdom","true","P3","false","true","20.00","1900","""2025-12-01T07:43:24.474Z""","""2025-12-01T07:43:24.474Z"""
"194","3fa04ca3-7ac8-4b58-afca-a2aa1363ca03","app development company uk","loc_8","en-GB",,"commercial","Commercial · London - United Kingdom","true","P3","false","true","51.00","150","""2025-12-01T07:43:24.474Z""","""2025-12-01T07:43:24.474Z"""
"195","3fa04ca3-7ac8-4b58-afca-a2aa1363ca03","mobile app development uk","loc_8","en-GB",,"commercial","Commercial · London - United Kingdom","true","P3","false","true","56.00","150","""2025-12-01T07:43:24.474Z""","""2025-12-01T07:43:24.474Z"""
"196","3fa04ca3-7ac8-4b58-afca-a2aa1363ca03","app development companies uk","loc_8","en-GB",,"commercial","Commercial · London - United Kingdom","true","P3","false","true","55.00","350","""2025-12-01T07:43:24.474Z""","""2025-12-01T07:43:24.474Z"""
"197","3fa04ca3-7ac8-4b58-afca-a2aa1363ca03","app developer uk","loc_8","en-GB",,"commercial","Commercial · London - United Kingdom","true","P3","false","true","55.00","200","""2025-12-01T07:43:24.474Z""","""2025-12-01T07:43:24.474Z"""
"198","3fa04ca3-7ac8-4b58-afca-a2aa1363ca03","app developers uk","loc_8","en-GB",,"commercial","Commercial · London - United Kingdom","true","P3","false","true","55.00","900","""2025-12-01T07:43:24.474Z""","""2025-12-01T07:43:24.474Z"""
"199","3fa04ca3-7ac8-4b58-afca-a2aa1363ca03","mobile app developers uk","loc_8","en-GB",,"commercial","Commercial · London - United Kingdom","true","P3","false","true","51.00","100","""2025-12-01T07:43:24.474Z""","""2025-12-01T07:43:24.474Z"""
"200","3fa04ca3-7ac8-4b58-afca-a2aa1363ca03","uk app developers","loc_8","en-GB",,"commercial","Commercial · London - United Kingdom","true","P3","false","true","56.00","200","""2025-12-01T07:43:24.474Z""","""2025-12-01T07:43:24.474Z"""
"201","3fa04ca3-7ac8-4b58-afca-a2aa1363ca03","mobile app development company uk","loc_8","en-GB",,"commercial","Commercial · London - United Kingdom","true","P3","false","true","56.00","200","""2025-12-01T07:43:24.511Z""","""2025-12-01T07:43:24.511Z"""
"202","3fa04ca3-7ac8-4b58-afca-a2aa1363ca03","mobile app development bahrain","loc_22","ar-BH",,"commercial","Commercial · Bahrain","true","P3","false","true",,"60","""2025-12-01T07:43:24.511Z""","""2025-12-01T07:43:24.511Z"""
"203","3fa04ca3-7ac8-4b58-afca-a2aa1363ca03","mobile app development company Bahrain","loc_22","ar-BH",,"commercial","Commercial · Bahrain","true","P3","false","true",,"60","""2025-12-01T07:43:24.511Z""","""2025-12-01T07:43:24.511Z"""
"204","3fa04ca3-7ac8-4b58-afca-a2aa1363ca03","mobile app development company in Bahrain","loc_22","ar-BH",,"commercial","Commercial · Bahrain","true","P3","false","true","3.00","40","""2025-12-01T07:43:24.511Z""","""2025-12-01T07:43:24.511Z"""
"205","3fa04ca3-7ac8-4b58-afca-a2aa1363ca03","app developers in Bahrain","loc_22","ar-BH",,"commercial","Commercial · Bahrain","true","P3","false","true",,"30","""2025-12-01T07:43:24.511Z""","""2025-12-01T07:43:24.511Z"""
"206","3fa04ca3-7ac8-4b58-afca-a2aa1363ca03","app development company","loc_22","ar-BH","https://www.tekrevol.com/mobile-app-development","commercial","Commercial · Bahrain","true","P3","false","true","66.00","7600","""2025-12-01T07:43:24.511Z""","""2025-12-01T07:43:24.511Z"""
"207","3fa04ca3-7ac8-4b58-afca-a2aa1363ca03","mobile app development company saudi","loc_23","ar-SA",,"commercial","Commercial · Saudi Arabia","true","P3","false","true",,"20","""2025-12-01T07:43:24.511Z""","""2025-12-01T07:43:24.511Z"""
"208","3fa04ca3-7ac8-4b58-afca-a2aa1363ca03","mobile app development company in saudi","loc_23","ar-SA",,"commercial","Commercial · Saudi Arabia","true","P3","false","true",,"100","""2025-12-01T07:43:24.511Z""","""2025-12-01T07:43:24.511Z"""
"209","3fa04ca3-7ac8-4b58-afca-a2aa1363ca03","app development agency in saudi arabia","loc_23","ar-SA",,"commercial","Commercial · Saudi Arabia","true","P3","false","true",,"70","""2025-12-01T07:43:24.511Z""","""2025-12-01T07:43:24.511Z"""
"210","3fa04ca3-7ac8-4b58-afca-a2aa1363ca03","app developers in saudi arabia","loc_23","ar-SA",,"commercial","Commercial · Saudi Arabia","true","P3","false","true",,"70","""2025-12-01T07:43:24.511Z""","""2025-12-01T07:43:24.511Z"""
"211","3fa04ca3-7ac8-4b58-afca-a2aa1363ca03","mobile app development in KSA","loc_23","ar-SA",,"commercial","Commercial · Saudi Arabia","true","P3","false","true",,,"""2025-12-01T07:43:24.511Z""","""2025-12-01T07:43:24.511Z"""
"212","3fa04ca3-7ac8-4b58-afca-a2aa1363ca03","mobile app development companies in saudi arabia","loc_23","ar-SA",,"commercial","Commercial · Saudi Arabia","true","P3","false","true",,"100","""2025-12-01T07:43:24.511Z""","""2025-12-01T07:43:24.511Z"""
"213","3fa04ca3-7ac8-4b58-afca-a2aa1363ca03","KSA mobile app development","loc_23","ar-SA",,"commercial","Commercial · Saudi Arabia","true","P3","false","true",,,"""2025-12-01T07:43:24.511Z""","""2025-12-01T07:43:24.511Z"""
"214","3fa04ca3-7ac8-4b58-afca-a2aa1363ca03","app developers in KSA","loc_23","ar-SA",,"commercial","Commercial · Saudi Arabia","true","P3","false","true",,,"""2025-12-01T07:43:24.511Z""","""2025-12-01T07:43:24.511Z"""
"215","3fa04ca3-7ac8-4b58-afca-a2aa1363ca03","mobile app development company","loc_23","ar-SA","https://www.tekrevol.com/mobile-app-development","commercial","Commercial · Saudi Arabia","true","P3","false","true","46.00","11000","""2025-12-01T07:43:24.511Z""","""2025-12-01T07:43:24.511Z"""
"216","3fa04ca3-7ac8-4b58-afca-a2aa1363ca03","mobile app development company in riyadh","loc_6","ar-SA",,"commercial","Commercial · Riyadh - Saudi Arabia","true","P3","false","true",,"80","""2025-12-01T07:43:24.511Z""","""2025-12-01T07:43:24.511Z"""
"217","3fa04ca3-7ac8-4b58-afca-a2aa1363ca03","app development company","loc_1","en-AE","https://www.tekrevol.com/mobile-app-development","commercial","Commercial · Dubai - United Arab Emirates","true","P3","false","true","66.00","7600","""2025-12-01T07:43:24.511Z""","""2025-12-01T07:43:24.511Z"""
"218","3fa04ca3-7ac8-4b58-afca-a2aa1363ca03","website development uae","loc_1","en-AE",,"commercial","Commercial · Dubai - United Arab Emirates","true","P3","false","true","64.00","150","""2025-12-01T07:43:24.511Z""","""2025-12-01T07:43:24.511Z"""
"219","3fa04ca3-7ac8-4b58-afca-a2aa1363ca03","website development company","loc_1","en-AE","https://www.tekrevol.com/web-development-uk","commercial","Commercial · Dubai - United Arab Emirates","true","P3","false","true","63.00","9700","""2025-12-01T07:43:24.511Z""","""2025-12-01T07:43:24.511Z"""
"220","3fa04ca3-7ac8-4b58-afca-a2aa1363ca03","web design company dubai","loc_1","en-AE",,"commercial","Commercial · Dubai - United Arab Emirates","true","P3","false","true","66.00","1100","""2025-12-01T07:43:24.511Z""","""2025-12-01T07:43:24.511Z"""
"221","3fa04ca3-7ac8-4b58-afca-a2aa1363ca03","website development dubai","loc_1","en-AE",,"commercial","Commercial · Dubai - United Arab Emirates","true","P3","false","true","62.00","200","""2025-12-01T07:43:24.511Z""","""2025-12-01T07:43:24.511Z"""
"222","3fa04ca3-7ac8-4b58-afca-a2aa1363ca03","web development company dubai","loc_1","en-AE",,"commercial","Commercial · Dubai - United Arab Emirates","true","P3","false","true","62.00","400","""2025-12-01T07:43:24.511Z""","""2025-12-01T07:43:24.511Z"""
"223","3fa04ca3-7ac8-4b58-afca-a2aa1363ca03","website development company dubai","loc_1","en-AE",,"commercial","Commercial · Dubai - United Arab Emirates","true","P3","false","true","53.00","400","""2025-12-01T07:43:24.511Z""","""2025-12-01T07:43:24.511Z"""
"224","3fa04ca3-7ac8-4b58-afca-a2aa1363ca03","web development companies in dubai","loc_1","en-AE",,"commercial","Commercial · Dubai - United Arab Emirates","true","P3","false","true","54.00","400","""2025-12-01T07:43:24.511Z""","""2025-12-01T07:43:24.511Z"""
"225","3fa04ca3-7ac8-4b58-afca-a2aa1363ca03","website development company in dubai","loc_1","en-AE",,"commercial","Commercial · Dubai - United Arab Emirates","true","P3","false","true","50.00","400","""2025-12-01T07:43:24.511Z""","""2025-12-01T07:43:24.511Z"""
"226","3fa04ca3-7ac8-4b58-afca-a2aa1363ca03","web development dubai","loc_1","en-AE",,"commercial","Commercial · Dubai - United Arab Emirates","true","P3","false","true","57.00","400","""2025-12-01T07:43:24.511Z""","""2025-12-01T07:43:24.511Z"""
"227","3fa04ca3-7ac8-4b58-afca-a2aa1363ca03","web design dubai","loc_1","en-AE",,"commercial","Commercial · Dubai - United Arab Emirates","true","P3","false","true","68.00","1200","""2025-12-01T07:43:24.511Z""","""2025-12-01T07:43:24.511Z"""
"228","3fa04ca3-7ac8-4b58-afca-a2aa1363ca03","web design agency dubai","loc_1","en-AE",,"commercial","Commercial · Dubai - United Arab Emirates","true","P3","false","true","62.00","350","""2025-12-01T07:43:24.511Z""","""2025-12-01T07:43:24.511Z"""
"229","3fa04ca3-7ac8-4b58-afca-a2aa1363ca03","website development","loc_1","en-AE",,"informational","Informational · Dubai - United Arab Emirates","true","P3","false","true","80.00","20000","""2025-12-01T07:43:24.511Z""","""2025-12-01T07:43:24.511Z"""
"230","3fa04ca3-7ac8-4b58-afca-a2aa1363ca03","website design dubai","loc_1","en-AE",,"commercial","Commercial · Dubai - United Arab Emirates","true","P3","false","true","67.00","600","""2025-12-01T07:43:24.511Z""","""2025-12-01T07:43:24.511Z"""
"231","3fa04ca3-7ac8-4b58-afca-a2aa1363ca03","web design company","loc_1","en-AE",,"commercial","Commercial · Dubai - United Arab Emirates","true","P3","false","true","81.00","25000","""2025-12-01T07:43:24.511Z""","""2025-12-01T07:43:24.511Z"""
"232","3fa04ca3-7ac8-4b58-afca-a2aa1363ca03","web design company in dubai","loc_1","en-AE",,"commercial","Commercial · Dubai - United Arab Emirates","true","P3","false","true","68.00","700","""2025-12-01T07:43:24.511Z""","""2025-12-01T07:43:24.511Z"""
"233","3fa04ca3-7ac8-4b58-afca-a2aa1363ca03","website design company dubai","loc_1","en-AE",,"commercial","Commercial · Dubai - United Arab Emirates","true","P3","false","true","67.00","350","""2025-12-01T07:43:24.511Z""","""2025-12-01T07:43:24.511Z"""
"234","3fa04ca3-7ac8-4b58-afca-a2aa1363ca03","web design in dubai","loc_1","en-AE",,"commercial","Commercial · Dubai - United Arab Emirates","true","P3","false","true","67.00","250","""2025-12-01T07:43:24.511Z""","""2025-12-01T07:43:24.511Z"""
"235","3fa04ca3-7ac8-4b58-afca-a2aa1363ca03","website design in dubai","loc_1","en-AE",,"commercial","Commercial · Dubai - United Arab Emirates","true","P3","false","true","65.00","250","""2025-12-01T07:43:24.511Z""","""2025-12-01T07:43:24.511Z"""
"236","3fa04ca3-7ac8-4b58-afca-a2aa1363ca03","dubai website design","loc_1","en-AE",,"commercial","Commercial · Dubai - United Arab Emirates","true","P3","false","true","72.00","200","""2025-12-01T07:43:24.511Z""","""2025-12-01T07:43:24.511Z"""
"237","3fa04ca3-7ac8-4b58-afca-a2aa1363ca03","web development services in dubai","loc_1","en-AE",,"commercial","Commercial · Dubai - United Arab Emirates","true","P3","false","true","45.00","300","""2025-12-01T07:43:24.511Z""","""2025-12-01T07:43:24.511Z"""
"238","3fa04ca3-7ac8-4b58-afca-a2aa1363ca03","web development services","loc_1","en-AE",,"commercial","Commercial · Dubai - United Arab Emirates","true","P3","false","true","67.00","6500","""2025-12-01T07:43:24.511Z""","""2025-12-01T07:43:24.511Z"""
"239","3fa04ca3-7ac8-4b58-afca-a2aa1363ca03","web development service dubai","loc_1","en-AE",,"commercial","Commercial · Dubai - United Arab Emirates","true","P3","false","true",,"40","""2025-12-01T07:43:24.511Z""","""2025-12-01T07:43:24.511Z"""
"240","3fa04ca3-7ac8-4b58-afca-a2aa1363ca03","web development company in dubai","loc_1","en-AE",,"commercial","Commercial · Dubai - United Arab Emirates","true","P3","false","true","51.00","400","""2025-12-01T07:43:24.511Z""","""2025-12-01T07:43:24.511Z"""
"241","3fa04ca3-7ac8-4b58-afca-a2aa1363ca03","app developer NYC","loc_4","en-US",,"commercial","Commercial · New York - United States","true","P3","false","true","18.00","150","""2025-12-01T07:43:24.511Z""","""2025-12-01T07:43:24.511Z"""
"242","3fa04ca3-7ac8-4b58-afca-a2aa1363ca03","NYC app developers","loc_4","en-US",,"commercial","Commercial · New York - United States","true","P3","false","true","7.00","100","""2025-12-01T07:43:24.511Z""","""2025-12-01T07:43:24.511Z"""
"243","3fa04ca3-7ac8-4b58-afca-a2aa1363ca03","mobile app development company NYC","loc_4","en-US",,"commercial","Commercial · New York - United States","true","P3","false","true","31.00","150","""2025-12-01T07:43:24.511Z""","""2025-12-01T07:43:24.511Z"""
"244","3fa04ca3-7ac8-4b58-afca-a2aa1363ca03","app development company NYC","loc_4","en-US",,"commercial","Commercial · New York - United States","true","P3","false","true","15.00","150","""2025-12-01T07:43:24.511Z""","""2025-12-01T07:43:24.511Z"""
"245","3fa04ca3-7ac8-4b58-afca-a2aa1363ca03","app developers NYC","loc_4","en-US",,"commercial","Commercial · New York - United States","true","P3","false","true","19.00","200","""2025-12-01T07:43:24.511Z""","""2025-12-01T07:43:24.511Z"""
"246","3fa04ca3-7ac8-4b58-afca-a2aa1363ca03","mobile app developer New York","loc_4","en-US",,"commercial","Commercial · New York - United States","true","P3","false","true","31.00","150","""2025-12-01T07:43:24.511Z""","""2025-12-01T07:43:24.511Z"""
"247","3fa04ca3-7ac8-4b58-afca-a2aa1363ca03","mobile app development NYC","loc_4","en-US","https://www.tekrevol.com/app-development-new-york","commercial","Commercial · New York - United States","true","P3","false","true","35.00","200","""2025-12-01T07:43:24.511Z""","""2025-12-01T07:43:24.511Z"""
"248","3fa04ca3-7ac8-4b58-afca-a2aa1363ca03","app developers New York","loc_4","en-US","https://www.tekrevol.com/app-development-new-york","commercial","Commercial · New York - United States","true","P3","false","true","15.00","200","""2025-12-01T07:43:24.511Z""","""2025-12-01T07:43:24.511Z"""
"249","3fa04ca3-7ac8-4b58-afca-a2aa1363ca03","mobile app developers NYC","loc_4","en-US",,"commercial","Commercial · New York - United States","true","P3","false","true","23.00","200","""2025-12-01T07:43:24.511Z""","""2025-12-01T07:43:24.511Z"""
"250","3fa04ca3-7ac8-4b58-afca-a2aa1363ca03","New York app developers","loc_4","en-US","https://www.tekrevol.com/app-development-new-york","commercial","Commercial · New York - United States","true","P3","false","true","24.00","100","""2025-12-01T07:43:24.511Z""","""2025-12-01T07:43:24.511Z"""
"251","3fa04ca3-7ac8-4b58-afca-a2aa1363ca03","app development NYC","loc_4","en-US","https://www.tekrevol.com/app-development-new-york","commercial","Commercial · New York - United States","true","P3","false","true","24.00","100","""2025-12-01T07:43:24.549Z""","""2025-12-01T07:43:24.549Z"""
"252","3fa04ca3-7ac8-4b58-afca-a2aa1363ca03","mobile app developers New York","loc_4","en-US","https://www.tekrevol.com/app-development-new-york","commercial","Commercial · New York - United States","true","P3","false","true","13.00","150","""2025-12-01T07:43:24.549Z""","""2025-12-01T07:43:24.549Z"""
"253","3fa04ca3-7ac8-4b58-afca-a2aa1363ca03","app development New York","loc_4","en-US","https://www.tekrevol.com/app-development-new-york","commercial","Commercial · New York - United States","true","P3","false","true","18.00","200","""2025-12-01T07:43:24.549Z""","""2025-12-01T07:43:24.549Z"""
"254","3fa04ca3-7ac8-4b58-afca-a2aa1363ca03","mobile app development company New York","loc_4","en-US","https://www.tekrevol.com/app-development-new-york","commercial","Commercial · New York - United States","true","P3","false","true","17.00","500","""2025-12-01T07:43:24.549Z""","""2025-12-01T07:43:24.549Z"""
"255","3fa04ca3-7ac8-4b58-afca-a2aa1363ca03","android app development New York","loc_4","en-US",,"commercial","Commercial · New York - United States","true","P3","false","true","28.00","150","""2025-12-01T07:43:24.549Z""","""2025-12-01T07:43:24.549Z"""
"256","3fa04ca3-7ac8-4b58-afca-a2aa1363ca03","mobile app development company in New York","loc_4","en-US","https://www.tekrevol.com/app-development-new-york","commercial","Commercial · New York - United States","true","P3","false","true","35.00","150","""2025-12-01T07:43:24.549Z""","""2025-12-01T07:43:24.549Z"""
"257","3fa04ca3-7ac8-4b58-afca-a2aa1363ca03","on demand app development","loc_19","en-US","https://www.tekrevol.com/on-demand-app-development","commercial","Commercial · United States","true","P3","false","true","14.00","450","""2025-12-01T07:43:24.549Z""","""2025-12-01T07:43:24.549Z"""
"258","3fa04ca3-7ac8-4b58-afca-a2aa1363ca03","on demand app development company","loc_19","en-US","https://www.tekrevol.com/on-demand-app-development","commercial","Commercial · United States","true","P3","false","true","19.00","700","""2025-12-01T07:43:24.549Z""","""2025-12-01T07:43:24.549Z"""
"259","3fa04ca3-7ac8-4b58-afca-a2aa1363ca03","on demand app development services","loc_19","en-US","https://www.tekrevol.com/on-demand-app-development","commercial","Commercial · United States","true","P3","false","true","36.00","300","""2025-12-01T07:43:24.549Z""","""2025-12-01T07:43:24.549Z"""
"260","3fa04ca3-7ac8-4b58-afca-a2aa1363ca03","on demand mobile app development","loc_19","en-US",,"commercial","Commercial · United States","true","P3","false","true","23.00","100","""2025-12-01T07:43:24.549Z""","""2025-12-01T07:43:24.549Z"""
"261","3fa04ca3-7ac8-4b58-afca-a2aa1363ca03","on demand service app development","loc_19","en-US",,"informational","Informational · United States","true","P3","false","true","23.00","150","""2025-12-01T07:43:24.549Z""","""2025-12-01T07:43:24.549Z"""
"262","3fa04ca3-7ac8-4b58-afca-a2aa1363ca03","crm software development company","loc_19","en-US",,"commercial","Commercial · United States","true","P3","false","true","11.00","1100","""2025-12-01T07:43:24.549Z""","""2025-12-01T07:43:24.549Z"""
"263","3fa04ca3-7ac8-4b58-afca-a2aa1363ca03","crm software development","loc_19","en-US",,"commercial","Commercial · United States","true","P3","false","true","8.00","1200","""2025-12-01T07:43:24.549Z""","""2025-12-01T07:43:24.549Z"""
"264","3fa04ca3-7ac8-4b58-afca-a2aa1363ca03","custom crm development","loc_19","en-US",,"commercial","Commercial · United States","true","P3","false","true","2.00","1100","""2025-12-01T07:43:24.549Z""","""2025-12-01T07:43:24.549Z"""
"265","3fa04ca3-7ac8-4b58-afca-a2aa1363ca03","crm development services","loc_19","en-US",,"commercial","Commercial · United States","true","P3","false","true","6.00","900","""2025-12-01T07:43:24.549Z""","""2025-12-01T07:43:24.549Z"""
"266","3fa04ca3-7ac8-4b58-afca-a2aa1363ca03","crm development company","loc_19","en-US",,"commercial","Commercial · United States","true","P3","false","true","84.00","1300","""2025-12-01T07:43:24.549Z""","""2025-12-01T07:43:24.549Z"""
"267","3fa04ca3-7ac8-4b58-afca-a2aa1363ca03","custom crm software development company","loc_19","en-US",,"commercial","Commercial · United States","true","P3","false","true","9.00","400","""2025-12-01T07:43:24.549Z""","""2025-12-01T07:43:24.549Z"""
"268","3fa04ca3-7ac8-4b58-afca-a2aa1363ca03","custom crm development company","loc_19","en-US",,"commercial","Commercial · United States","true","P3","false","true","8.00","450","""2025-12-01T07:43:24.549Z""","""2025-12-01T07:43:24.549Z"""
"269","3fa04ca3-7ac8-4b58-afca-a2aa1363ca03","custom crm development services","loc_19","en-US",,"commercial","Commercial · United States","true","P3","false","true","12.00","800","""2025-12-01T07:43:24.549Z""","""2025-12-01T07:43:24.549Z"""
"270","3fa04ca3-7ac8-4b58-afca-a2aa1363ca03","staff augmentation services","loc_19","en-US",,"informational","Informational · United States","true","P3","false","true","14.00","2600","""2025-12-01T07:43:24.549Z""","""2025-12-01T07:43:24.549Z"""
"271","3fa04ca3-7ac8-4b58-afca-a2aa1363ca03","it staff augmentation services","loc_19","en-US",,"informational","Informational · United States","true","P3","false","true","12.00","900","""2025-12-01T07:43:24.549Z""","""2025-12-01T07:43:24.549Z"""
"272","3fa04ca3-7ac8-4b58-afca-a2aa1363ca03","staff augmentation company","loc_19","en-US",,"commercial","Commercial · United States","true","P3","false","true","5.00","700","""2025-12-01T07:43:24.549Z""","""2025-12-01T07:43:24.549Z"""
"273","3fa04ca3-7ac8-4b58-afca-a2aa1363ca03","it staff augmentation","loc_19","en-US",,"informational","Informational · United States","true","P3","false","true","3.00","2800","""2025-12-01T07:43:24.549Z""","""2025-12-01T07:43:24.549Z"""
"274","3fa04ca3-7ac8-4b58-afca-a2aa1363ca03","it staff augmentation company","loc_19","en-US",,"commercial","Commercial · United States","true","P3","false","true","12.00","1200","""2025-12-01T07:43:24.549Z""","""2025-12-01T07:43:24.549Z"""
"275","3fa04ca3-7ac8-4b58-afca-a2aa1363ca03","cloud application development services","loc_19","en-US",,"commercial","Commercial · United States","true","P3","false","true","7.00","1400","""2025-12-01T07:43:24.549Z""","""2025-12-01T07:43:24.549Z"""
"276","3fa04ca3-7ac8-4b58-afca-a2aa1363ca03","cloud application development company","loc_19","en-US",,"commercial","Commercial · United States","true","P3","false","true","16.00","700","""2025-12-01T07:43:24.549Z""","""2025-12-01T07:43:24.549Z"""
"277","3fa04ca3-7ac8-4b58-afca-a2aa1363ca03","cloud application services","loc_19","en-US",,"informational","Informational · United States","true","P3","false","true","70.00","450","""2025-12-01T07:43:24.549Z""","""2025-12-01T07:43:24.549Z"""
"278","3fa04ca3-7ac8-4b58-afca-a2aa1363ca03","cloud app development","loc_19","en-US",,"informational","Informational · United States","true","P3","false","true","7.00","600","""2025-12-01T07:43:24.549Z""","""2025-12-01T07:43:24.549Z"""
"279","3fa04ca3-7ac8-4b58-afca-a2aa1363ca03","cloud app development services","loc_19","en-US",,"commercial","Commercial · United States","true","P3","false","true","18.00","350","""2025-12-01T07:43:24.549Z""","""2025-12-01T07:43:24.549Z"""
"280","3fa04ca3-7ac8-4b58-afca-a2aa1363ca03","custom software development company","loc_19","en-US",,"commercial","Commercial · United States","true","P3","false","true","5.00","2000","""2025-12-01T07:43:24.549Z""","""2025-12-01T07:43:24.549Z"""
"281","3fa04ca3-7ac8-4b58-afca-a2aa1363ca03","custom software development","loc_19","en-US","https://www.tekrevol.com/custom-software-development","informational","Informational · United States","true","P3","false","true","22.00","10000","""2025-12-01T07:43:24.549Z""","""2025-12-01T07:43:24.549Z"""
"282","3fa04ca3-7ac8-4b58-afca-a2aa1363ca03","custom software development services","loc_19","en-US","https://www.tekrevol.com/custom-software-development","commercial","Commercial · United States","true","P3","false","true","8.00","6100","""2025-12-01T07:43:24.549Z""","""2025-12-01T07:43:24.549Z"""
"283","3fa04ca3-7ac8-4b58-afca-a2aa1363ca03","custom software development firm","loc_19","en-US",,"commercial","Commercial · United States","true","P3","false","true","70.00","1100","""2025-12-01T07:43:24.549Z""","""2025-12-01T07:43:24.549Z"""
"284","3fa04ca3-7ac8-4b58-afca-a2aa1363ca03","custom software development solutions","loc_19","en-US",,"informational","Informational · United States","true","P3","false","true","23.00","1500","""2025-12-01T07:43:24.549Z""","""2025-12-01T07:43:24.549Z"""
"285","3fa04ca3-7ac8-4b58-afca-a2aa1363ca03","flutter app development company","loc_19","en-US","https://www.tekrevol.com/flutter-app-development","commercial","Commercial · United States","true","P3","false","true","34.00","1900","""2025-12-01T07:43:24.549Z""","""2025-12-01T07:43:24.549Z"""
"286","3fa04ca3-7ac8-4b58-afca-a2aa1363ca03","flutter app development company in usa","loc_19","en-US",,"commercial","Commercial · United States","true","P3","false","true","14.00","200","""2025-12-01T07:43:24.549Z""","""2025-12-01T07:43:24.549Z"""
"287","3fa04ca3-7ac8-4b58-afca-a2aa1363ca03","flutter mobile application development company","loc_19","en-US",,"commercial","Commercial · United States","true","P3","false","true","43.00","200","""2025-12-01T07:43:24.549Z""","""2025-12-01T07:43:24.549Z"""
"288","3fa04ca3-7ac8-4b58-afca-a2aa1363ca03","flutter application development services","loc_19","en-US",,"commercial","Commercial · United States","true","P3","false","true","31.00","300","""2025-12-01T07:43:24.549Z""","""2025-12-01T07:43:24.549Z"""
"289","3fa04ca3-7ac8-4b58-afca-a2aa1363ca03","flutter app development agency","loc_19","en-US",,"commercial","Commercial · United States","true","P3","false","true","26.00","400","""2025-12-01T07:43:24.549Z""","""2025-12-01T07:43:24.549Z"""
"290","3fa04ca3-7ac8-4b58-afca-a2aa1363ca03","mobile app development company toronto","loc_16","en-CA",,"commercial","Commercial · Toronto - Canada","true","P3","false","true","30.00","150","""2025-12-01T07:43:24.549Z""","""2025-12-01T07:43:24.549Z"""
"291","3fa04ca3-7ac8-4b58-afca-a2aa1363ca03","app development company toronto","loc_16","en-CA",,"commercial","Commercial · Toronto - Canada","true","P3","false","true","38.00","100","""2025-12-01T07:43:24.549Z""","""2025-12-01T07:43:24.549Z"""
"292","3fa04ca3-7ac8-4b58-afca-a2aa1363ca03","mobile app development company in toronto","loc_16","en-CA",,"commercial","Commercial · Toronto - Canada","true","P3","false","true","27.00","100","""2025-12-01T07:43:24.549Z""","""2025-12-01T07:43:24.549Z"""
"293","3fa04ca3-7ac8-4b58-afca-a2aa1363ca03","mobile app development companies in toronto","loc_16","en-CA",,"commercial","Commercial · Toronto - Canada","true","P3","false","true","24.00","40","""2025-12-01T07:43:24.549Z""","""2025-12-01T07:43:24.549Z"""
"294","3fa04ca3-7ac8-4b58-afca-a2aa1363ca03","mobile app development toronto","loc_16","en-CA",,"commercial","Commercial · Toronto - Canada","true","P3","false","true",,"10","""2025-12-01T07:43:24.549Z""","""2025-12-01T07:43:24.549Z"""
"295","3fa04ca3-7ac8-4b58-afca-a2aa1363ca03","ai development services","loc_19","en-US",,"commercial","Commercial · United States","true","P3","false","true","57.00","4800","""2025-12-01T07:43:24.549Z""","""2025-12-01T07:43:24.549Z"""
"296","3fa04ca3-7ac8-4b58-afca-a2aa1363ca03","ai development company","loc_19","en-US",,"commercial","Commercial · United States","true","P3","false","true","56.00","2600","""2025-12-01T07:43:24.549Z""","""2025-12-01T07:43:24.549Z"""
"297","3fa04ca3-7ac8-4b58-afca-a2aa1363ca03","artificial intelligence development company","loc_19","en-US",,"commercial","Commercial · United States","true","P3","false","true","72.00","1900","""2025-12-01T07:43:24.549Z""","""2025-12-01T07:43:24.549Z"""
"298","3fa04ca3-7ac8-4b58-afca-a2aa1363ca03","artificial intelligence development services","loc_19","en-US",,"commercial","Commercial · United States","true","P3","false","true","55.00","2000","""2025-12-01T07:43:24.549Z""","""2025-12-01T07:43:24.549Z"""
"299","3fa04ca3-7ac8-4b58-afca-a2aa1363ca03","ai application development services","loc_19","en-US",,"commercial","Commercial · United States","true","P3","false","true","55.00","1200","""2025-12-01T07:43:24.549Z""","""2025-12-01T07:43:24.549Z"""
"300","3fa04ca3-7ac8-4b58-afca-a2aa1363ca03","ai software development services","loc_19","en-US",,"commercial","Commercial · United States","true","P3","false","true","57.00","1800","""2025-12-01T07:43:24.549Z""","""2025-12-01T07:43:24.549Z"""
"301","3fa04ca3-7ac8-4b58-afca-a2aa1363ca03","ai app development company","loc_19","en-US",,"commercial","Commercial · United States","true","P3","false","true","91.00","1600","""2025-12-01T07:43:24.581Z""","""2025-12-01T07:43:24.581Z"""
"302","3fa04ca3-7ac8-4b58-afca-a2aa1363ca03","3d game development","loc_19","en-US",,"informational","Informational · United States","true","P3","false","true","91.00","1000","""2025-12-01T07:43:24.581Z""","""2025-12-01T07:43:24.581Z"""
"303","3fa04ca3-7ac8-4b58-afca-a2aa1363ca03","3d game development services","loc_19","en-US",,"commercial","Commercial · United States","true","P3","false","true","36.00","150","""2025-12-01T07:43:24.581Z""","""2025-12-01T07:43:24.581Z"""
"304","3fa04ca3-7ac8-4b58-afca-a2aa1363ca03","3d game development company","loc_19","en-US",,"informational","Informational · United States","true","P3","false","true","77.00","150","""2025-12-01T07:43:24.581Z""","""2025-12-01T07:43:24.581Z"""
"305","3fa04ca3-7ac8-4b58-afca-a2aa1363ca03","3d game developers","loc_19","en-US",,"informational","Informational · United States","true","P3","false","true","81.00","70","""2025-12-01T07:43:24.581Z""","""2025-12-01T07:43:24.581Z"""
"306","3fa04ca3-7ac8-4b58-afca-a2aa1363ca03","digital marketing agency","loc_19","en-US",,"commercial","Commercial · United States","true","P3","false","true","83.00","75000","""2025-12-01T07:43:24.581Z""","""2025-12-01T07:43:24.581Z"""
"307","3fa04ca3-7ac8-4b58-afca-a2aa1363ca03","digital marketing services","loc_19","en-US",,"commercial","Commercial · United States","true","P3","false","true","77.00","29000","""2025-12-01T07:43:24.581Z""","""2025-12-01T07:43:24.581Z"""
"308","3fa04ca3-7ac8-4b58-afca-a2aa1363ca03","digital marketing company","loc_19","en-US",,"commercial","Commercial · United States","true","P3","false","true","75.00","28000","""2025-12-01T07:43:24.581Z""","""2025-12-01T07:43:24.581Z"""
"309","3fa04ca3-7ac8-4b58-afca-a2aa1363ca03","digital marketing firms in usa","loc_19","en-US",,"commercial","Commercial · United States","true","P3","false","true","68.00","100","""2025-12-01T07:43:24.581Z""","""2025-12-01T07:43:24.581Z"""
"310","3fa04ca3-7ac8-4b58-afca-a2aa1363ca03","digital marketing services usa","loc_19","en-US",,"commercial","Commercial · United States","true","P3","false","true","82.00","450","""2025-12-01T07:43:24.581Z""","""2025-12-01T07:43:24.581Z"""
"311","3fa04ca3-7ac8-4b58-afca-a2aa1363ca03","mobile app development denver","loc_17","en-US","https://www.tekrevol.com/app-development-denver","commercial","Commercial · Denver - United States","true","P3","false","true","16.00","80","""2025-12-01T07:43:24.581Z""","""2025-12-01T07:43:24.581Z"""
"312","3fa04ca3-7ac8-4b58-afca-a2aa1363ca03","app developer denver","loc_17","en-US",,"commercial","Commercial · Denver - United States","true","P3","false","true","29.00","150","""2025-12-01T07:43:24.581Z""","""2025-12-01T07:43:24.581Z"""
"313","3fa04ca3-7ac8-4b58-afca-a2aa1363ca03","mobile app development company denver","loc_17","en-US",,"mixed","Mixed · Denver - United States","true","P3","false","true","9.00","90","""2025-12-01T07:43:24.581Z""","""2025-12-01T07:43:24.581Z"""
"314","3fa04ca3-7ac8-4b58-afca-a2aa1363ca03","denver mobile app development services","loc_17","en-US","https://www.tekrevol.com/app-development-denver","commercial","Commercial · Denver - United States","true","P3","false","true","23.00","70","""2025-12-01T07:43:24.581Z""","""2025-12-01T07:43:24.581Z"""
"315","3fa04ca3-7ac8-4b58-afca-a2aa1363ca03","mobile application development denver","loc_17","en-US","https://www.tekrevol.com/app-development-denver","commercial","Commercial · Denver - United States","true","P3","false","true","23.00","150","""2025-12-01T07:43:24.581Z""","""2025-12-01T07:43:24.581Z"""
"316","3fa04ca3-7ac8-4b58-afca-a2aa1363ca03","mobile app development company in colorado","loc_19","en-US","https://www.tekrevol.com/app-development-denver","mixed","Mixed · United States","true","P3","false","true",,"40","""2025-12-01T07:43:24.581Z""","""2025-12-01T07:43:24.581Z"""
"317","3fa04ca3-7ac8-4b58-afca-a2aa1363ca03","web development company in uk","loc_8","en-GB","https://www.tekrevol.com/web-development-uk","commercial","Commercial · London - United Kingdom","true","P3","false","true","43.00","40","""2025-12-01T07:43:24.581Z""","""2025-12-01T07:43:24.581Z"""
"318","3fa04ca3-7ac8-4b58-afca-a2aa1363ca03","website development company","loc_8","en-GB","https://www.tekrevol.com/web-development-uk","commercial","Commercial · London - United Kingdom","true","P3","false","true","63.00","9700","""2025-12-01T07:43:24.581Z""","""2025-12-01T07:43:24.581Z"""
"319","3fa04ca3-7ac8-4b58-afca-a2aa1363ca03","web development service","loc_8","en-GB","https://www.tekrevol.com/web-development-uk","commercial","Commercial · London - United Kingdom","true","P3","false","true","35.00","2400","""2025-12-01T07:43:24.581Z""","""2025-12-01T07:43:24.581Z"""
"320","3fa04ca3-7ac8-4b58-afca-a2aa1363ca03","web development company","loc_8","en-GB","https://www.tekrevol.com/web-development-uk","commercial","Commercial · London - United Kingdom","true","P3","false","true","26.00","16000","""2025-12-01T07:43:24.581Z""","""2025-12-01T07:43:24.581Z"""
"321","3fa04ca3-7ac8-4b58-afca-a2aa1363ca03","web development company uk","loc_8","en-GB","https://www.tekrevol.com/web-development-uk","commercial","Commercial · London - United Kingdom","true","P3","false","true","13.00","400","""2025-12-01T07:43:24.581Z""","""2025-12-01T07:43:24.581Z"""
"322","3fa04ca3-7ac8-4b58-afca-a2aa1363ca03","web development agency","loc_19","en-US","https://www.tekrevol.com/web-development-uk","commercial","Commercial · United States","true","P3","false","true","84.00","5300","""2025-12-01T07:43:24.581Z""","""2025-12-01T07:43:24.581Z"""
"323","3fa04ca3-7ac8-4b58-afca-a2aa1363ca03","2D Game Development Company","loc_19","en-US","https://www.tekrevol.com/2d-game-development","informational","Informational · United States","true","P3","false","true","79.00","150","""2025-12-01T07:43:24.581Z""","""2025-12-01T07:43:24.581Z"""
"324","3fa04ca3-7ac8-4b58-afca-a2aa1363ca03","2d game development services","loc_19","en-US","https://www.tekrevol.com/2d-game-development","commercial","Commercial · United States","true","P3","false","true","47.00","80","""2025-12-01T07:43:24.581Z""","""2025-12-01T07:43:24.581Z"""
"325","3fa04ca3-7ac8-4b58-afca-a2aa1363ca03","2d game development","loc_19","en-US","https://www.tekrevol.com/2d-game-development","informational","Informational · United States","true","P3","false","true","48.00","100","""2025-12-01T07:43:24.581Z""","""2025-12-01T07:43:24.581Z"""
"326","3fa04ca3-7ac8-4b58-afca-a2aa1363ca03","2d game studios","loc_19","en-US","https://www.tekrevol.com/2d-game-development","informational","Informational · United States","true","P3","false","true","64.00","40","""2025-12-01T07:43:24.581Z""","""2025-12-01T07:43:24.581Z"""
"327","3fa04ca3-7ac8-4b58-afca-a2aa1363ca03","2d game developer","loc_19","en-US","https://www.tekrevol.com/2d-game-development","informational","Informational · United States","true","P3","false","true","76.00","30","""2025-12-01T07:43:24.581Z""","""2025-12-01T07:43:24.581Z"""
"328","3fa04ca3-7ac8-4b58-afca-a2aa1363ca03","cms development company","loc_19","en-US","https://www.tekrevol.com/cms-development","commercial","Commercial · United States","true","P3","false","true","8.00","700","""2025-12-01T07:43:24.581Z""","""2025-12-01T07:43:24.581Z"""
"329","3fa04ca3-7ac8-4b58-afca-a2aa1363ca03","cms development service","loc_19","en-US","https://www.tekrevol.com/cms-development","commercial","Commercial · United States","true","P3","false","true","7.00","100","""2025-12-01T07:43:24.581Z""","""2025-12-01T07:43:24.581Z"""
"330","3fa04ca3-7ac8-4b58-afca-a2aa1363ca03","custom cms development company","loc_19","en-US","https://www.tekrevol.com/cms-development","commercial","Commercial · United States","true","P3","false","true","6.00","150","""2025-12-01T07:43:24.581Z""","""2025-12-01T07:43:24.581Z"""
"331","3fa04ca3-7ac8-4b58-afca-a2aa1363ca03","cms web development services","loc_19","en-US","https://www.tekrevol.com/cms-development","informational","Informational · United States","true","P3","false","true","90.00","150","""2025-12-01T07:43:24.581Z""","""2025-12-01T07:43:24.581Z"""
"332","3fa04ca3-7ac8-4b58-afca-a2aa1363ca03","cms website development companies","loc_19","en-US","https://www.tekrevol.com/cms-development","commercial","Commercial · United States","true","P3","false","true","8.00","30","""2025-12-01T07:43:24.581Z""","""2025-12-01T07:43:24.581Z"""
"333","3fa04ca3-7ac8-4b58-afca-a2aa1363ca03","cms website development company","loc_19","en-US","https://www.tekrevol.com/cms-development","commercial","Commercial · United States","true","P3","false","true","8.00","700","""2025-12-01T07:43:24.581Z""","""2025-12-01T07:43:24.581Z"""
"334","3fa04ca3-7ac8-4b58-afca-a2aa1363ca03","custom cms development services","loc_19","en-US","https://www.tekrevol.com/cms-development","commercial","Commercial · United States","true","P3","false","true","9.00","400","""2025-12-01T07:43:24.581Z""","""2025-12-01T07:43:24.581Z"""
"335","3fa04ca3-7ac8-4b58-afca-a2aa1363ca03","cms development companies","loc_19","en-US","https://www.tekrevol.com/cms-development","commercial","Commercial · United States","true","P3","false","true","3.00","80","""2025-12-01T07:43:24.581Z""","""2025-12-01T07:43:24.581Z"""
"336","3fa04ca3-7ac8-4b58-afca-a2aa1363ca03","cms development services","loc_19","en-US","https://www.tekrevol.com/cms-development","commercial","Commercial · United States","true","P3","false","true","7.00","800","""2025-12-01T07:43:24.581Z""","""2025-12-01T07:43:24.581Z"""
"337","3fa04ca3-7ac8-4b58-afca-a2aa1363ca03","cms website development services","loc_19","en-US","https://www.tekrevol.com/cms-development","commercial","Commercial · United States","true","P3","false","true","9.00","300","""2025-12-01T07:43:24.581Z""","""2025-12-01T07:43:24.581Z"""
"338","3fa04ca3-7ac8-4b58-afca-a2aa1363ca03","cms development","loc_19","en-US","https://www.tekrevol.com/cms-development","informational","Informational · United States","true","P3","false","true","46.00","500","""2025-12-01T07:43:24.581Z""","""2025-12-01T07:43:24.581Z"""
"339","3fa04ca3-7ac8-4b58-afca-a2aa1363ca03","cms website design company","loc_19","en-US","https://www.tekrevol.com/cms-development","commercial","Commercial · United States","true","P3","false","true","67.00","150","""2025-12-01T07:43:24.581Z""","""2025-12-01T07:43:24.581Z"""
"340","3fa04ca3-7ac8-4b58-afca-a2aa1363ca03","custom cms development","loc_19","en-US","https://www.tekrevol.com/cms-development","informational","Informational · United States","true","P3","false","true","2.00","250","""2025-12-01T07:43:24.581Z""","""2025-12-01T07:43:24.581Z"""
"341","3fa04ca3-7ac8-4b58-afca-a2aa1363ca03","ecommerce website development","loc_19","en-US","https://www.tekrevol.com/ecommerce-website-development","informational","Informational · United States","true","P3","false","true","43.00","10000","""2025-12-01T07:43:24.581Z""","""2025-12-01T07:43:24.581Z"""
"342","3fa04ca3-7ac8-4b58-afca-a2aa1363ca03","ecommerce web development","loc_19","en-US","https://www.tekrevol.com/ecommerce-website-development","informational","Informational · United States","true","P3","false","true","37.00","4500","""2025-12-01T07:43:24.581Z""","""2025-12-01T07:43:24.581Z"""
"343","3fa04ca3-7ac8-4b58-afca-a2aa1363ca03","ecommerce website development company","loc_19","en-US","https://www.tekrevol.com/ecommerce-website-development","commercial","Commercial · United States","true","P3","false","true","25.00","1300","""2025-12-01T07:43:24.581Z""","""2025-12-01T07:43:24.581Z"""
"344","3fa04ca3-7ac8-4b58-afca-a2aa1363ca03","ecommerce web design company","loc_19","en-US","https://www.tekrevol.com/ecommerce-website-development","commercial","Commercial · United States","true","P3","false","true","51.00","3300","""2025-12-01T07:43:24.581Z""","""2025-12-01T07:43:24.581Z"""
"345","3fa04ca3-7ac8-4b58-afca-a2aa1363ca03","ecommerce web design agency","loc_19","en-US","https://www.tekrevol.com/ecommerce-website-development","commercial","Commercial · United States","true","P3","false","true","44.00","2400","""2025-12-01T07:43:24.581Z""","""2025-12-01T07:43:24.581Z"""
"346","3fa04ca3-7ac8-4b58-afca-a2aa1363ca03","ecommerce web development services","loc_19","en-US","https://www.tekrevol.com/ecommerce-website-development","commercial","Commercial · United States","true","P3","false","true","33.00","2200","""2025-12-01T07:43:24.581Z""","""2025-12-01T07:43:24.581Z"""
"347","3fa04ca3-7ac8-4b58-afca-a2aa1363ca03","ecommerce website design company","loc_19","en-US","https://www.tekrevol.com/ecommerce-website-development","commercial","Commercial · United States","true","P3","false","true","65.00","3300","""2025-12-01T07:43:24.581Z""","""2025-12-01T07:43:24.581Z"""
"348","3fa04ca3-7ac8-4b58-afca-a2aa1363ca03","ecommerce website developer","loc_19","en-US","https://www.tekrevol.com/ecommerce-website-development","commercial","Commercial · United States","true","P3","false","true","64.00","1400","""2025-12-01T07:43:24.581Z""","""2025-12-01T07:43:24.581Z"""
"349","3fa04ca3-7ac8-4b58-afca-a2aa1363ca03","iphone app development los angeles","loc_19","en-US","https://www.tekrevol.com/app-development-los-angeles","commercial","Commercial · United States","true","P3","false","true","5.00","90","""2025-12-01T07:43:24.581Z""","""2025-12-01T07:43:24.581Z"""
"350","3fa04ca3-7ac8-4b58-afca-a2aa1363ca03","app developers los angeles","loc_19","en-US","https://www.tekrevol.com/app-development-los-angeles","commercial","Commercial · United States","true","P3","false","true","13.00","200","""2025-12-01T07:43:24.581Z""","""2025-12-01T07:43:24.581Z"""
"351","3fa04ca3-7ac8-4b58-afca-a2aa1363ca03","ios app development los angeles","loc_19","en-US","https://www.tekrevol.com/app-development-los-angeles","commercial","Commercial · United States","true","P3","false","true","22.00","100","""2025-12-01T07:43:24.611Z""","""2025-12-01T07:43:24.611Z"""
"352","3fa04ca3-7ac8-4b58-afca-a2aa1363ca03","app developers in los angeles","loc_19","en-US","https://www.tekrevol.com/app-development-los-angeles","commercial","Commercial · United States","true","P3","false","true","10.00","100","""2025-12-01T07:43:24.611Z""","""2025-12-01T07:43:24.611Z"""
"353","3fa04ca3-7ac8-4b58-afca-a2aa1363ca03","app development los angeles","loc_19","en-US","https://www.tekrevol.com/app-development-los-angeles","commercial","Commercial · United States","true","P3","false","true","21.00","100","""2025-12-01T07:43:24.611Z""","""2025-12-01T07:43:24.611Z"""
"354","3fa04ca3-7ac8-4b58-afca-a2aa1363ca03","app developer los angeles","loc_19","en-US","https://www.tekrevol.com/app-development-los-angeles","commercial","Commercial · United States","true","P3","false","true","11.00","150","""2025-12-01T07:43:24.611Z""","""2025-12-01T07:43:24.611Z"""
"355","3fa04ca3-7ac8-4b58-afca-a2aa1363ca03","mobile app development los angeles","loc_19","en-US","https://www.tekrevol.com/app-development-los-angeles","commercial","Commercial · United States","true","P3","false","true","22.00","100","""2025-12-01T07:43:24.611Z""","""2025-12-01T07:43:24.611Z"""
"356","3fa04ca3-7ac8-4b58-afca-a2aa1363ca03","iphone app developers los angeles","loc_19","en-US","https://www.tekrevol.com/app-development-los-angeles","commercial","Commercial · United States","true","P3","false","true","12.00","70","""2025-12-01T07:43:24.611Z""","""2025-12-01T07:43:24.611Z"""
"357","3fa04ca3-7ac8-4b58-afca-a2aa1363ca03","los angeles mobile app development","loc_19","en-US","https://www.tekrevol.com/app-development-los-angeles","commercial","Commercial · United States","true","P3","false","true","12.00","200","""2025-12-01T07:43:24.611Z""","""2025-12-01T07:43:24.611Z"""
"358","3fa04ca3-7ac8-4b58-afca-a2aa1363ca03","mobile app development company los angeles","loc_19","en-US","https://www.tekrevol.com/app-development-los-angeles","commercial","Commercial · United States","true","P3","false","true","20.00","250","""2025-12-01T07:43:24.611Z""","""2025-12-01T07:43:24.611Z"""
"359","3fa04ca3-7ac8-4b58-afca-a2aa1363ca03","mobile app development company in los angeles","loc_19","en-US","https://www.tekrevol.com/app-development-los-angeles","commercial","Commercial · United States","true","P3","false","true","4.00","150","""2025-12-01T07:43:24.611Z""","""2025-12-01T07:43:24.611Z"""
"360","3fa04ca3-7ac8-4b58-afca-a2aa1363ca03","app development company los angeles","loc_19","en-US","https://www.tekrevol.com/app-development-los-angeles","commercial","Commercial · United States","true","P3","false","true","22.00","70","""2025-12-01T07:43:24.611Z""","""2025-12-01T07:43:24.611Z"""
"361","3fa04ca3-7ac8-4b58-afca-a2aa1363ca03","mobile app developers los angeles","loc_19","en-US","https://www.tekrevol.com/app-development-los-angeles","commercial","Commercial · United States","true","P3","false","true","5.00","200","""2025-12-01T07:43:24.611Z""","""2025-12-01T07:43:24.611Z"""
"362","3fa04ca3-7ac8-4b58-afca-a2aa1363ca03","app development companies los angeles","loc_19","en-US","https://www.tekrevol.com/app-development-los-angeles","commercial","Commercial · United States","true","P3","false","true","10.00","80","""2025-12-01T07:43:24.611Z""","""2025-12-01T07:43:24.611Z"""
"363","3fa04ca3-7ac8-4b58-afca-a2aa1363ca03","los angeles app developers","loc_19","en-US","https://www.tekrevol.com/app-development-los-angeles","commercial","Commercial · United States","true","P3","false","true","15.00","80","""2025-12-01T07:43:24.611Z""","""2025-12-01T07:43:24.611Z"""
"364","3fa04ca3-7ac8-4b58-afca-a2aa1363ca03","mobile app development company in boston","loc_18","en-US","https://www.tekrevol.com/mobile-app-development-boston","commercial","Commercial · Boston - United States","true","P3","false","true","2.00","150","""2025-12-01T07:43:24.611Z""","""2025-12-01T07:43:24.611Z"""
"365","3fa04ca3-7ac8-4b58-afca-a2aa1363ca03","mobile app development company boston","loc_18","en-US","https://www.tekrevol.com/mobile-app-development-boston","commercial","Commercial · Boston - United States","true","P3","false","true","20.00","100","""2025-12-01T07:43:24.611Z""","""2025-12-01T07:43:24.611Z"""
"366","3fa04ca3-7ac8-4b58-afca-a2aa1363ca03","mobile app development companies in boston","loc_18","en-US","https://www.tekrevol.com/mobile-app-development-boston","commercial","Commercial · Boston - United States","true","P3","false","true","4.00","40","""2025-12-01T07:43:24.611Z""","""2025-12-01T07:43:24.611Z"""
"367","3fa04ca3-7ac8-4b58-afca-a2aa1363ca03","mobile app developers boston","loc_18","en-US","https://www.tekrevol.com/mobile-app-development-boston","commercial","Commercial · Boston - United States","true","P3","false","true","4.00","150","""2025-12-01T07:43:24.611Z""","""2025-12-01T07:43:24.611Z"""
"368","3fa04ca3-7ac8-4b58-afca-a2aa1363ca03","boston app developers","loc_18","en-US","https://www.tekrevol.com/mobile-app-development-boston","commercial","Commercial · Boston - United States","true","P3","false","true","5.00","70","""2025-12-01T07:43:24.611Z""","""2025-12-01T07:43:24.611Z"""
"369","3fa04ca3-7ac8-4b58-afca-a2aa1363ca03","mobile app development boston","loc_18","en-US","https://www.tekrevol.com/mobile-app-development-boston","commercial","Commercial · Boston - United States","true","P3","false","true","19.00","150","""2025-12-01T07:43:24.611Z""","""2025-12-01T07:43:24.611Z"""
"370","3fa04ca3-7ac8-4b58-afca-a2aa1363ca03","app developers boston","loc_18","en-US","https://www.tekrevol.com/mobile-app-development-boston","commercial","Commercial · Boston - United States","true","P3","false","true","5.00","80","""2025-12-01T07:43:24.611Z""","""2025-12-01T07:43:24.611Z"""
"371","3fa04ca3-7ac8-4b58-afca-a2aa1363ca03","app development company in boston","loc_18","en-US","https://www.tekrevol.com/mobile-app-development-boston","commercial","Commercial · Boston - United States","true","P3","false","true","19.00","70","""2025-12-01T07:43:24.611Z""","""2025-12-01T07:43:24.611Z"""
"372","3fa04ca3-7ac8-4b58-afca-a2aa1363ca03","app development san diego","loc_19","en-US","https://www.tekrevol.com/mobile-app-development-san-diego","commercial","Commercial · United States","true","P3","false","true","2.00","150","""2025-12-01T07:43:24.611Z""","""2025-12-01T07:43:24.611Z"""
"373","3fa04ca3-7ac8-4b58-afca-a2aa1363ca03","mobile app development san diego","loc_19","en-US","https://www.tekrevol.com/mobile-app-development-san-diego","commercial","Commercial · United States","true","P3","false","true","5.00","200","""2025-12-01T07:43:24.611Z""","""2025-12-01T07:43:24.611Z"""
"374","3fa04ca3-7ac8-4b58-afca-a2aa1363ca03","mobile app development company san diego","loc_19","en-US","https://www.tekrevol.com/mobile-app-development-san-diego","commercial","Commercial · United States","true","P3","false","true","2.00","70","""2025-12-01T07:43:24.611Z""","""2025-12-01T07:43:24.611Z"""
"375","3fa04ca3-7ac8-4b58-afca-a2aa1363ca03","mobile app developers san diego","loc_19","en-US","https://www.tekrevol.com/mobile-app-development-san-diego","commercial","Commercial · United States","true","P3","false","true","1.00","80","""2025-12-01T07:43:24.611Z""","""2025-12-01T07:43:24.611Z"""
"376","3fa04ca3-7ac8-4b58-afca-a2aa1363ca03","san diego app developers","loc_19","en-US","https://www.tekrevol.com/mobile-app-development-san-diego","commercial","Commercial · United States","true","P3","false","true","2.00","40","""2025-12-01T07:43:24.611Z""","""2025-12-01T07:43:24.611Z"""
"377","3fa04ca3-7ac8-4b58-afca-a2aa1363ca03","mobile application development san diego","loc_19","en-US","https://www.tekrevol.com/mobile-app-development-san-diego","commercial","Commercial · United States","true","P3","false","true","2.00","90","""2025-12-01T07:43:24.611Z""","""2025-12-01T07:43:24.611Z"""
"378","3fa04ca3-7ac8-4b58-afca-a2aa1363ca03","api integration services","loc_19","en-US","https://www.tekrevol.com/api-integration-service","informational","Informational · United States","true","P3","false","true","12.00","1100","""2025-12-01T07:43:24.611Z""","""2025-12-01T07:43:24.611Z"""
"379","3fa04ca3-7ac8-4b58-afca-a2aa1363ca03","api development and integration services","loc_19","en-US","https://www.tekrevol.com/api-integration-service","commercial","Commercial · United States","true","P3","false","true","2.00","200","""2025-12-01T07:43:24.611Z""","""2025-12-01T07:43:24.611Z"""
"380","3fa04ca3-7ac8-4b58-afca-a2aa1363ca03","api development services","loc_19","en-US","https://www.tekrevol.com/api-integration-service","commercial","Commercial · United States","true","P3","false","true","2.00","900","""2025-12-01T07:43:24.611Z""","""2025-12-01T07:43:24.611Z"""
"381","3fa04ca3-7ac8-4b58-afca-a2aa1363ca03","api integration company","loc_19","en-US","https://www.tekrevol.com/api-integration-service","commercial","Commercial · United States","true","P3","false","true","56.00","200","""2025-12-01T07:43:24.611Z""","""2025-12-01T07:43:24.611Z"""
"382","3fa04ca3-7ac8-4b58-afca-a2aa1363ca03","custom api integration services","loc_19","en-US","https://www.tekrevol.com/api-integration-service","informational","Informational · United States","true","P3","false","true","4.00","30","""2025-12-01T07:43:24.611Z""","""2025-12-01T07:43:24.611Z"""
"383","3fa04ca3-7ac8-4b58-afca-a2aa1363ca03","custom api development services","loc_19","en-US","https://www.tekrevol.com/api-integration-service","commercial","Commercial · United States","true","P3","false","true",,"250","""2025-12-01T07:43:24.611Z""","""2025-12-01T07:43:24.611Z"""
"384","3fa04ca3-7ac8-4b58-afca-a2aa1363ca03","api integration developer","loc_19","en-US","https://www.tekrevol.com/api-integration-service","informational","Informational · United States","true","P3","false","true",,"100","""2025-12-01T07:43:24.611Z""","""2025-12-01T07:43:24.611Z"""
"385","3fa04ca3-7ac8-4b58-afca-a2aa1363ca03","web application development company","loc_19","en-US","https://www.tekrevol.com/web-application-development","commercial","Commercial · United States","true","P3","false","true","21.00","6300","""2025-12-01T07:43:24.611Z""","""2025-12-01T07:43:24.611Z"""
"386","3fa04ca3-7ac8-4b58-afca-a2aa1363ca03","custom web application development services","loc_19","en-US","https://www.tekrevol.com/web-application-development","commercial","Commercial · United States","true","P3","false","true","10.00","1000","""2025-12-01T07:43:24.611Z""","""2025-12-01T07:43:24.611Z"""
"387","3fa04ca3-7ac8-4b58-afca-a2aa1363ca03","custom web application development","loc_19","en-US","https://www.tekrevol.com/web-application-development","commercial","Commercial · United States","true","P3","false","true","5.00","1300","""2025-12-01T07:43:24.611Z""","""2025-12-01T07:43:24.611Z"""
"388","3fa04ca3-7ac8-4b58-afca-a2aa1363ca03","custom web application development company","loc_19","en-US","https://www.tekrevol.com/web-application-development","commercial","Commercial · United States","true","P3","false","true","11.00","1700","""2025-12-01T07:43:24.611Z""","""2025-12-01T07:43:24.611Z"""
"389","3fa04ca3-7ac8-4b58-afca-a2aa1363ca03","web app development services","loc_19","en-US","https://www.tekrevol.com/web-application-development","commercial","Commercial · United States","true","P3","false","true","20.00","1200","""2025-12-01T07:43:24.611Z""","""2025-12-01T07:43:24.611Z"""
"390","3fa04ca3-7ac8-4b58-afca-a2aa1363ca03","web app development company","loc_19","en-US","https://www.tekrevol.com/web-application-development","commercial","Commercial · United States","true","P3","false","true","40.00","3100","""2025-12-01T07:43:24.611Z""","""2025-12-01T07:43:24.611Z"""
"391","3fa04ca3-7ac8-4b58-afca-a2aa1363ca03","website application development","loc_19","en-US","https://www.tekrevol.com/web-application-development","informational","Informational · United States","true","P3","false","true","81.00","600","""2025-12-01T07:43:24.611Z""","""2025-12-01T07:43:24.611Z"""
"392","3fa04ca3-7ac8-4b58-afca-a2aa1363ca03","Mobile Application Maintenance Services","loc_19","en-US","https://www.tekrevol.com/mobile-app-support","informational","Informational · United States","true","P3","false","true","1.00","150","""2025-12-01T07:43:24.611Z""","""2025-12-01T07:43:24.611Z"""
"393","3fa04ca3-7ac8-4b58-afca-a2aa1363ca03","mobile app maintenance services","loc_19","en-US","https://www.tekrevol.com/mobile-app-support","commercial","Commercial · United States","true","P3","false","true","2.00","150","""2025-12-01T07:43:24.611Z""","""2025-12-01T07:43:24.611Z"""
"394","3fa04ca3-7ac8-4b58-afca-a2aa1363ca03","app maintenance services","loc_19","en-US","https://www.tekrevol.com/mobile-app-support","commercial","Commercial · United States","true","P3","false","true","5.00","200","""2025-12-01T07:43:24.611Z""","""2025-12-01T07:43:24.611Z"""
"395","3fa04ca3-7ac8-4b58-afca-a2aa1363ca03","mobile app maintenance","loc_19","en-US","https://www.tekrevol.com/mobile-app-support","informational","Informational · United States","true","P3","false","true",,"150","""2025-12-01T07:43:24.611Z""","""2025-12-01T07:43:24.611Z"""
"396","3fa04ca3-7ac8-4b58-afca-a2aa1363ca03","app maintenance company","loc_19","en-US","https://www.tekrevol.com/mobile-app-support","commercial","Commercial · United States","true","P3","false","true","5.00","60","""2025-12-01T07:43:24.611Z""","""2025-12-01T07:43:24.611Z"""
"397","3fa04ca3-7ac8-4b58-afca-a2aa1363ca03","application support and maintenance services","loc_19","en-US","https://www.tekrevol.com/mobile-app-support","informational","Informational · United States","true","P3","false","true",,"150","""2025-12-01T07:43:24.611Z""","""2025-12-01T07:43:24.611Z"""
"398","3fa04ca3-7ac8-4b58-afca-a2aa1363ca03","application maintenance services","loc_19","en-US","https://www.tekrevol.com/mobile-app-support","informational","Informational · United States","true","P3","false","true","3.00","600","""2025-12-01T07:43:24.611Z""","""2025-12-01T07:43:24.611Z"""
"399","3fa04ca3-7ac8-4b58-afca-a2aa1363ca03","application support services","loc_19","en-US","https://www.tekrevol.com/mobile-app-development","informational","Informational · United States","true","P3","false","true","4.00","400","""2025-12-01T07:43:24.611Z""","""2025-12-01T07:43:24.611Z"""
"400","3fa04ca3-7ac8-4b58-afca-a2aa1363ca03","magento development services","loc_19","en-US","https://www.tekrevol.com/magento-development-services","commercial","Commercial · United States","true","P3","false","true","12.00","1200","""2025-12-01T07:43:24.611Z""","""2025-12-01T07:43:24.611Z"""
"401","3fa04ca3-7ac8-4b58-afca-a2aa1363ca03","magento development company","loc_19","en-US","https://www.tekrevol.com/magento-development-services","commercial","Commercial · United States","true","P3","false","true","12.00","1400","""2025-12-01T07:43:24.639Z""","""2025-12-01T07:43:24.639Z"""
"402","3fa04ca3-7ac8-4b58-afca-a2aa1363ca03","magento development agency","loc_19","en-US","https://www.tekrevol.com/magento-development-services","commercial","Commercial · United States","true","P3","false","true","33.00","1100","""2025-12-01T07:43:24.639Z""","""2025-12-01T07:43:24.639Z"""
"403","3fa04ca3-7ac8-4b58-afca-a2aa1363ca03","magento ecommerce development company","loc_19","en-US","https://www.tekrevol.com/magento-development-services","commercial","Commercial · United States","true","P3","false","true","29.00","1100","""2025-12-01T07:43:24.639Z""","""2025-12-01T07:43:24.639Z"""
"404","3fa04ca3-7ac8-4b58-afca-a2aa1363ca03","magento ecommerce development services","loc_19","en-US","https://www.tekrevol.com/magento-development-services","commercial","Commercial · United States","true","P3","false","true","9.00","450","""2025-12-01T07:43:24.639Z""","""2025-12-01T07:43:24.639Z"""
"405","3fa04ca3-7ac8-4b58-afca-a2aa1363ca03","custom magento development services","loc_19","en-US","https://www.tekrevol.com/magento-development-services","commercial","Commercial · United States","true","P3","false","true","12.00","350","""2025-12-01T07:43:24.639Z""","""2025-12-01T07:43:24.639Z"""
"406","3fa04ca3-7ac8-4b58-afca-a2aa1363ca03","app store optimization services","loc_19","en-US","https://www.tekrevol.com/app-store-optimization","commercial","Commercial · United States","true","P3","false","true","7.00","1700","""2025-12-01T07:43:24.639Z""","""2025-12-01T07:43:24.639Z"""
"407","3fa04ca3-7ac8-4b58-afca-a2aa1363ca03","app store optimization company","loc_19","en-US","https://www.tekrevol.com/app-store-optimization","commercial","Commercial · United States","true","P3","false","true","65.00","500","""2025-12-01T07:43:24.639Z""","""2025-12-01T07:43:24.639Z"""
"408","3fa04ca3-7ac8-4b58-afca-a2aa1363ca03","app store optimization agency","loc_19","en-US","https://www.tekrevol.com/app-store-optimization","commercial","Commercial · United States","true","P3","false","true","8.00","350","""2025-12-01T07:43:24.639Z""","""2025-12-01T07:43:24.639Z"""
"409","3fa04ca3-7ac8-4b58-afca-a2aa1363ca03","app store optimisation service","loc_19","en-US","https://www.tekrevol.com/app-store-optimization","commercial","Commercial · United States","true","P3","false","true","7.00","150","""2025-12-01T07:43:24.639Z""","""2025-12-01T07:43:24.639Z"""
"410","3fa04ca3-7ac8-4b58-afca-a2aa1363ca03","app store optimization expert","loc_19","en-US","https://www.tekrevol.com/app-store-optimization","informational","Informational · United States","true","P3","false","true","2.00","150","""2025-12-01T07:43:24.639Z""","""2025-12-01T07:43:24.639Z"""
"411","3fa04ca3-7ac8-4b58-afca-a2aa1363ca03","enterprise app development company","loc_19","en-US","https://www.tekrevol.com/enterprise-app-development","commercial","Commercial · United States","true","P3","false","true","7.00","900","""2025-12-01T07:43:24.639Z""","""2025-12-01T07:43:24.639Z"""
"412","3fa04ca3-7ac8-4b58-afca-a2aa1363ca03","enterprise mobile app development company","loc_19","en-US","https://www.tekrevol.com/enterprise-app-development","commercial","Commercial · United States","true","P3","false","true","3.00","700","""2025-12-01T07:43:24.639Z""","""2025-12-01T07:43:24.639Z"""
"413","3fa04ca3-7ac8-4b58-afca-a2aa1363ca03","enterprise app development services","loc_19","en-US","https://www.tekrevol.com/enterprise-app-development","commercial","Commercial · United States","true","P3","false","true","18.00","800","""2025-12-01T07:43:24.639Z""","""2025-12-01T07:43:24.639Z"""
"414","3fa04ca3-7ac8-4b58-afca-a2aa1363ca03","enterprise mobile application development company","loc_19","en-US","https://www.tekrevol.com/enterprise-app-development","commercial","Commercial · United States","true","P3","false","true","2.00","150","""2025-12-01T07:43:24.639Z""","""2025-12-01T07:43:24.639Z"""
"415","3fa04ca3-7ac8-4b58-afca-a2aa1363ca03","enterprise mobile application development","loc_19","en-US","https://www.tekrevol.com/enterprise-app-development","informational","Informational · United States","true","P3","false","true","2.00","500","""2025-12-01T07:43:24.639Z""","""2025-12-01T07:43:24.639Z"""
"416","3fa04ca3-7ac8-4b58-afca-a2aa1363ca03","enterprise app developers","loc_19","en-US","https://www.tekrevol.com/enterprise-app-development","informational","Informational · United States","true","P3","false","true","18.00","200","""2025-12-01T07:43:24.639Z""","""2025-12-01T07:43:24.639Z"""
"417","3fa04ca3-7ac8-4b58-afca-a2aa1363ca03","lms developers","loc_19","en-US","https://www.tekrevol.com/solution/custom-lms-development","commercial","Commercial · United States","true","P3","false","true","60.00","250","""2025-12-01T07:43:24.639Z""","""2025-12-01T07:43:24.639Z"""
"418","3fa04ca3-7ac8-4b58-afca-a2aa1363ca03","lms development company","loc_19","en-US","https://www.tekrevol.com/solution/custom-lms-development","commercial","Commercial · United States","true","P3","false","true","12.00","400","""2025-12-01T07:43:24.639Z""","""2025-12-01T07:43:24.639Z"""
"419","3fa04ca3-7ac8-4b58-afca-a2aa1363ca03","lms development services","loc_19","en-US","https://www.tekrevol.com/solution/custom-lms-development","commercial","Commercial · United States","true","P3","false","true","8.00","300","""2025-12-01T07:43:24.639Z""","""2025-12-01T07:43:24.639Z"""
"420","3fa04ca3-7ac8-4b58-afca-a2aa1363ca03","custom learning management system development","loc_19","en-US","https://www.tekrevol.com/solution/custom-lms-development","informational","Informational · United States","true","P3","false","true","2.00","400","""2025-12-01T07:43:24.639Z""","""2025-12-01T07:43:24.639Z"""
"421","3fa04ca3-7ac8-4b58-afca-a2aa1363ca03","lms services","loc_19","en-US","https://www.tekrevol.com/solution/custom-lms-development","commercial","Commercial · United States","true","P3","false","true","71.00","250","""2025-12-01T07:43:24.639Z""","""2025-12-01T07:43:24.639Z"""
"422","3fa04ca3-7ac8-4b58-afca-a2aa1363ca03","custom lms development","loc_19","en-US","https://www.tekrevol.com/solution/custom-lms-development","commercial","Commercial · United States","true","P3","false","true","1.00","700","""2025-12-01T07:43:24.639Z""","""2025-12-01T07:43:24.639Z"""
"423","3fa04ca3-7ac8-4b58-afca-a2aa1363ca03","lms company","loc_19","en-US","https://www.tekrevol.com/solution/custom-lms-development","informational","Informational · United States","true","P3","false","true","87.00","350","""2025-12-01T07:43:24.639Z""","""2025-12-01T07:43:24.639Z"""
"424","3fa04ca3-7ac8-4b58-afca-a2aa1363ca03","ai chatbot development services","loc_19","en-US","https://www.tekrevol.com/chatbot-development-company","commercial","Commercial · United States","true","P3","false","true","1.00","1300","""2025-12-01T07:43:24.639Z""","""2025-12-01T07:43:24.639Z"""
"425","3fa04ca3-7ac8-4b58-afca-a2aa1363ca03","ai chatbot development company","loc_19","en-US","https://www.tekrevol.com/chatbot-development-company","commercial","Commercial · United States","true","P3","false","true","19.00","1100","""2025-12-01T07:43:24.639Z""","""2025-12-01T07:43:24.639Z"""