ID,"Search Engine","Search Engine Type",Keyword,"Location Code","Language Code",Tag,Endpoint,"Response code","SERP pages","Task set","Task complete","Turnaround time",Cost
08070442-9434-0139-0000-f9e8279b261b,google,organic,"music app developers",2840,en,,v3/serp/google/organic/live/advanced,20000,10,"2026-08-07 09:42:53","2026-08-07 09:43:02",00:00:09,0.0155
08070442-9434-0139-0000-fb0724150646,google,organic,"how many apps are created a day",2840,en,,v3/serp/google/organic/live/advanced,20000,10,"2026-08-07 09:42:34","2026-08-07 09:42:51",00:00:17,0.0155
08070442-9434-0139-0000-27853af5d6fa,google,organic,"app developers in chicago",2840,en,,v3/serp/google/organic/live/advanced,20000,10,"2026-08-07 09:42:25","2026-08-07 09:42:33",00:00:08,0.0155
08070442-9434-0139-0000-7152078179e3,google,organic,"how many apps are downloaded a day",2840,en,,v3/serp/google/organic/live/advanced,20000,10,"2026-08-07 09:42:15","2026-08-07 09:42:21",00:00:06,0.0155
08070441-9434-0139-0000-33dac4e31003,google,organic,"website development company",2840,en,,v3/serp/google/organic/live/advanced,20000,10,"2026-08-07 09:41:55","2026-08-07 09:42:12",00:00:17,0.0155
08070441-9434-0139-0000-900653c76611,google,organic,"mobile app development companies in los angeles",2840,en,,v3/serp/google/organic/live/advanced,20000,10,"2026-08-07 09:41:33","2026-08-07 09:41:53",00:00:20,0.0155
08070440-9434-0139-0000-56ba5b588986,google,organic,"web development company",2840,en,,v3/serp/google/organic/live/advanced,20000,10,"2026-08-07 09:41:00","2026-08-07 09:41:29",00:00:29,0.0155
08070440-9434-0139-0000-277bd9ce4ce7,google,organic,"does earnin work with varo",2840,en,,v3/serp/google/organic/live/advanced,20000,10,"2026-08-07 09:40:42","2026-08-07 09:40:57",00:00:15,0.0155
08070440-9434-0139-0000-b159b3fdd616,google,organic,"custom crm development company",2840,en,,v3/serp/google/organic/live/advanced,20000,10,"2026-08-07 09:40:29","2026-08-07 09:40:40",00:00:11,0.0155
08070440-9434-0139-0000-a87dc2bbf50c,google,organic,"how much money does fortnite make a day",2840,en,,v3/serp/google/organic/live/advanced,20000,10,"2026-08-07 09:40:15","2026-08-07 09:40:26",00:00:11,0.0155
08070440-9434-0139-0000-ed1eb6e5b7a9,google,organic,tekrevol,2840,en,,v3/serp/google/organic/live/advanced,20000,10,"2026-08-07 09:40:02","2026-08-07 09:40:15",00:00:13,0.0155
08070439-9434-0139-0000-a41556903423,google,organic,"mobile app development companies uk",2840,en,,v3/serp/google/organic/live/advanced,20000,9,"2026-08-07 09:39:52","2026-08-07 09:40:01",00:00:09,0.014
08070439-9434-0139-0000-b5bb5316aff4,google,organic,"mobile app developers uk",2840,en,,v3/serp/google/organic/live/advanced,20000,10,"2026-08-07 09:39:23","2026-08-07 09:39:50",00:00:27,0.0155
08070439-9434-0139-0000-b03916a8f3e0,google,organic,"mobile app development company new york",2840,en,,v3/serp/google/organic/live/advanced,20000,10,"2026-08-07 09:39:04","2026-08-07 09:39:21",00:00:17,0.0155
08070438-9434-0139-0000-1ebe197e91dd,google,organic,"online digital marketing agency",2840,en,,v3/serp/google/organic/live/advanced,20000,10,"2026-08-07 09:38:53","2026-08-07 09:39:02",00:00:09,0.0155
08070438-9434-0139-0000-c7da75604b2c,google,organic,"custom web development services",2840,en,,v3/serp/google/organic/live/advanced,20000,10,"2026-08-07 09:38:33","2026-08-07 09:38:51",00:00:18,0.0155
08070438-9434-0139-0000-0fc6f60ea028,google,organic,"fortnite lifetime revenue",2840,en,,v3/serp/google/organic/live/advanced,20000,10,"2026-08-07 09:38:15","2026-08-07 09:38:31",00:00:16,0.0155
08070437-9434-0139-0000-82c518b27770,google,organic,"software development examples",2840,en,,v3/serp/google/organic/live/advanced,20000,10,"2026-08-07 09:37:45","2026-08-07 09:38:14",00:00:29,0.0155
08070437-9434-0139-0000-a824aa69aa0b,google,organic,"fortnite sales",2840,en,,v3/serp/google/organic/live/advanced,20000,10,"2026-08-07 09:37:24","2026-08-07 09:37:43",00:00:19,0.0155
08070437-9434-0139-0000-59dad9417834,google,organic,"custom ios app development company",2840,en,,v3/serp/google/organic/live/advanced,20000,10,"2026-08-07 09:37:05","2026-08-07 09:37:22",00:00:17,0.0155
08070436-9434-0139-0000-c27af76a0e1e,google,organic,"ios mobile app development company",2840,en,,v3/serp/google/organic/live/advanced,20000,10,"2026-08-07 09:36:53","2026-08-07 09:37:03",00:00:10,0.0155
08070436-9434-0139-0000-10573d261235,google,organic,"ios app development cost",2840,en,,v3/serp/google/organic/live/advanced,20000,10,"2026-08-07 09:36:25","2026-08-07 09:36:51",00:00:26,0.0155
08070436-9434-0139-0000-82a778e42fb7,google,organic,"how much money does fortnite make a second",2840,en,,v3/serp/google/organic/live/advanced,20000,10,"2026-08-07 09:36:10","2026-08-07 09:36:23",00:00:13,0.0155
08070435-9434-0139-0000-6f413d50de0f,google,organic,"mobile app development company uk",2840,en,,v3/serp/google/organic/live/advanced,20000,10,"2026-08-07 09:35:49","2026-08-07 09:36:08",00:00:19,0.0155
08070435-9434-0139-0000-696d4cd13278,google,organic,"iphone app development services",2840,en,,v3/serp/google/organic/live/advanced,20000,10,"2026-08-07 09:35:26","2026-08-07 09:35:47",00:00:21,0.0155
08070435-9434-0139-0000-5c73d4a8ef59,google,organic,"ios app development services",2840,en,,v3/serp/google/organic/live/advanced,20000,10,"2026-08-07 09:35:10","2026-08-07 09:35:24",00:00:14,0.0155
08070434-9434-0139-0000-625f21a70d1b,google,organic,"iphone app development company",2840,en,,v3/serp/google/organic/live/advanced,20000,10,"2026-08-07 09:34:35","2026-08-07 09:35:04",00:00:29,0.0155
08070434-9434-0139-0000-7b9755e205e0,google,organic,"ios app development company",2840,en,,v3/serp/google/organic/live/advanced,20000,10,"2026-08-07 09:34:19","2026-08-07 09:34:33",00:00:14,0.0155
08070433-9434-0139-0000-833482f2e5b4,google,organic,"ios application development company",2840,en,,v3/serp/google/organic/live/advanced,20000,10,"2026-08-07 09:33:54","2026-08-07 09:34:17",00:00:23,0.0155
08070433-9434-0139-0000-41cb4e008995,google,organic,"mobile app company uk",2840,en,,v3/serp/google/organic/live/advanced,20000,9,"2026-08-07 09:33:33","2026-08-07 09:33:50",00:00:17,0.014
08070433-9434-0139-0000-977fa7805899,google,organic,"tekrevol houston",2840,en,,v3/serp/google/organic/live/advanced,20000,10,"2026-08-07 09:33:15","2026-08-07 09:33:29",00:00:14,0.0155
08070433-9434-0139-0000-8029e20eed99,google,organic,"mobile app development company in chicago",2392,en,,v3/serp/google/organic/live/advanced,20000,7,"2026-08-07 09:33:01","2026-08-07 09:33:13",00:00:12,0.011
08070432-9434-0139-0000-ad101fa0e4c2,google,organic,"how much did gta 6 cost to make",2840,en,,v3/serp/google/organic/live/advanced,20000,10,"2026-08-07 09:32:38","2026-08-07 09:32:58",00:00:20,0.0155
08070432-9434-0139-0000-7a272035953c,google,organic,"chicago app development company",2392,en,,v3/serp/google/organic/live/advanced,20000,6,"2026-08-07 09:32:28","2026-08-07 09:32:37",00:00:09,0.0095
08070432-9434-0139-0000-74bb9fa09b24,google,organic,"how much money does fortnite make a year",2840,en,,v3/serp/google/organic/live/advanced,20000,10,"2026-08-07 09:32:08","2026-08-07 09:32:26",00:00:18,0.0155
08070431-9434-0139-0000-06b8955ac11a,google,organic,"mobile app development company",2840,en,,v3/serp/google/organic/live/advanced,20000,10,"2026-08-07 09:31:45","2026-08-07 09:32:05",00:00:20,0.0155
08070431-9434-0139-0000-c06b208f6506,google,organic,"chicago app developers",2392,en,,v3/serp/google/organic/live/advanced,20000,6,"2026-08-07 09:31:12","2026-08-07 09:31:44",00:00:32,0.0095
08070430-9434-0139-0000-6b42c2a474ff,google,organic,"chicago app development",2392,en,,v3/serp/google/organic/live/advanced,20000,7,"2026-08-07 09:30:55","2026-08-07 09:31:10",00:00:15,0.011
08070430-9434-0139-0000-b1d52bdb47ac,google,organic,"app developers chicago",2392,en,,v3/serp/google/organic/live/advanced,20000,6,"2026-08-07 09:30:42","2026-08-07 09:30:53",00:00:11,0.0095
08070430-9434-0139-0000-6a3704ca36df,google,organic,"app development chicago",2392,en,,v3/serp/google/organic/live/advanced,20000,8,"2026-08-07 09:30:23","2026-08-07 09:30:39",00:00:16,0.0125
08070430-9434-0139-0000-1837b6d8f795,google,organic,"mobile app development company chicago",2392,en,,v3/serp/google/organic/live/advanced,20000,7,"2026-08-07 09:30:07","2026-08-07 09:30:21",00:00:14,0.011
08070429-9434-0139-0000-a3701b899393,google,organic,"chicago mobile app development",2392,en,,v3/serp/google/organic/live/advanced,20000,6,"2026-08-07 09:29:48","2026-08-07 09:30:05",00:00:17,0.0095
08070429-9434-0139-0000-a7bb1addb4ca,google,organic,"mobile app development companies los angeles",2840,en,,v3/serp/google/organic/live/advanced,20000,10,"2026-08-07 09:29:21","2026-08-07 09:29:45",00:00:24,0.0155
08070429-9434-0139-0000-15d2ffb11b7c,google,organic,"reddit alternatives",2840,en,,v3/serp/google/organic/live/advanced,20000,10,"2026-08-07 09:29:05","2026-08-07 09:29:19",00:00:14,0.0155
08070428-9434-0139-0000-2f2117acb51d,google,organic,"development software examples",2840,en,,v3/serp/google/organic/live/advanced,20000,10,"2026-08-07 09:28:53","2026-08-07 09:29:03",00:00:10,0.0155
08070428-9434-0139-0000-3b9e4aa153bd,google,organic,"2d game development company",2840,en,,v3/serp/google/organic/live/advanced,20000,10,"2026-08-07 09:28:41","2026-08-07 09:28:51",00:00:10,0.0155
08070428-9434-0139-0000-9bd07854ebef,google,organic,"mobile game revenue by genre",2840,en,,v3/serp/google/organic/live/advanced,20000,10,"2026-08-07 09:28:06","2026-08-07 09:28:38",00:00:32,0.0155
08070427-9434-0139-0000-f437cfdfd075,google,organic,"how much does fortnite make a day",2840,en,,v3/serp/google/organic/live/advanced,20000,10,"2026-08-07 09:27:45","2026-08-07 09:28:04",00:00:19,0.0155
08070427-9434-0139-0000-676681092c68,google,organic,"mobile app development companies in washington dc",2840,en,,v3/serp/google/organic/live/advanced,20000,10,"2026-08-07 09:27:21","2026-08-07 09:27:45",00:00:24,0.0155
08070427-9434-0139-0000-3c0ef60fa766,google,organic,"how does klarna make money",2840,en,,v3/serp/google/organic/live/advanced,20000,9,"2026-08-07 09:27:04","2026-08-07 09:27:19",00:00:15,0.014
08070426-9434-0139-0000-8697f2ae5e0c,google,organic,"how much has fortnite made",2840,en,,v3/serp/google/organic/live/advanced,20000,10,"2026-08-07 09:26:44","2026-08-07 09:27:02",00:00:18,0.0155
08070426-9434-0139-0000-0e07253b72cf,google,organic,"digital marketing in usa",2840,en,,v3/serp/google/organic/live/advanced,20000,10,"2026-08-07 09:26:14","2026-08-07 09:26:43",00:00:29,0.0155
08070425-9434-0139-0000-3577c62ccdf3,google,organic,"reddit alternative",2840,en,,v3/serp/google/organic/live/advanced,20000,10,"2026-08-07 09:25:59","2026-08-07 09:26:13",00:00:14,0.0155
08070425-9434-0139-0000-6f53567d0c47,google,organic,"what is fortnite worth",2840,en,,v3/serp/google/organic/live/advanced,20000,10,"2026-08-07 09:25:46","2026-08-07 09:25:57",00:00:11,0.0155
08070425-9434-0139-0000-14524851510b,google,organic,"mobile app development company in saudi arabia",2840,en,,v3/serp/google/organic/live/advanced,20000,7,"2026-08-07 09:25:32","2026-08-07 09:25:45",00:00:13,0.011
08070425-9434-0139-0000-df813d528079,google,organic,"software development example",2840,en,,v3/serp/google/organic/live/advanced,20000,10,"2026-08-07 09:25:07","2026-08-07 09:25:29",00:00:22,0.0155
08070424-9434-0139-0000-c6b34566a4cc,google,organic,"hard launch vs soft launch",2840,en,,v3/serp/google/organic/live/advanced,20000,10,"2026-08-07 09:24:32","2026-08-07 09:25:04",00:00:32,0.0155
08070424-9434-0139-0000-ccff1ad51fba,google,organic,"app development company chicago",2840,en,,v3/serp/google/organic/live/advanced,20000,10,"2026-08-07 09:24:14","2026-08-07 09:24:30",00:00:16,0.0155
08070423-9434-0139-0000-053d01841e25,google,organic,"crm development service",2840,en,,v3/serp/google/organic/live/advanced,20000,10,"2026-08-07 09:23:42","2026-08-07 09:24:13",00:00:31,0.0155
08070423-9434-0139-0000-ac5e767d3ed2,google,organic,"web development service",2840,en,,v3/serp/google/organic/live/advanced,20000,10,"2026-08-07 09:23:14","2026-08-07 09:23:40",00:00:26,0.0155
08070422-9434-0139-0000-4a12207415b3,google,organic,"professional web development services",2840,en,,v3/serp/google/organic/live/advanced,20000,10,"2026-08-07 09:22:55","2026-08-07 09:23:13",00:00:18,0.0155
08070422-9434-0139-0000-e158237b7fd6,google,organic,"app developers in dc",2840,en,,v3/serp/google/organic/live/advanced,20000,9,"2026-08-07 09:22:41","2026-08-07 09:22:51",00:00:10,0.014
08070422-9434-0139-0000-87222a76d4ff,google,organic,"gta 6 budget",2840,en,,v3/serp/google/organic/live/advanced,20000,10,"2026-08-07 09:22:10","2026-08-07 09:22:38",00:00:28,0.0155
08070421-9434-0139-0000-069dce4e239a,google,organic,"mobile app development company chicago",2840,en,,v3/serp/google/organic/live/advanced,20000,10,"2026-08-07 09:21:50","2026-08-07 09:22:08",00:00:18,0.0155
08070421-9434-0139-0000-15e633863617,google,organic,"e-commerce application development",2840,en,,v3/serp/google/organic/live/advanced,20000,10,"2026-08-07 09:21:42","2026-08-07 09:21:49",00:00:07,0.0155
08070421-9434-0139-0000-01ce3770d160,google,organic,"ecommerce app developer",2840,en,,v3/serp/google/organic/live/advanced,20000,10,"2026-08-07 09:21:10","2026-08-07 09:21:39",00:00:29,0.0155
08070420-9434-0139-0000-b3d51e65d54a,google,organic,"ecommerce application development services",2840,en,,v3/serp/google/organic/live/advanced,20000,10,"2026-08-07 09:20:38","2026-08-07 09:21:08",00:00:30,0.0155
08070420-9434-0139-0000-281d0e0275a5,google,organic,"e commerce mobile app development company",2840,en,,v3/serp/google/organic/live/advanced,20000,10,"2026-08-07 09:20:02","2026-08-07 09:20:35",00:00:33,0.0155
08070419-9434-0139-0000-2ee9c0a1ba35,google,organic,"ecommerce application development company",2840,en,,v3/serp/google/organic/live/advanced,20000,10,"2026-08-07 09:19:45","2026-08-07 09:19:59",00:00:14,0.0155
08070419-9434-0139-0000-a754a065a7ac,google,organic,"mobile ecommerce app development",2840,en,,v3/serp/google/organic/live/advanced,20000,10,"2026-08-07 09:19:09","2026-08-07 09:19:22",00:00:13,0.0155
08070418-9434-0139-0000-adc590fd781e,google,organic,"ecommerce mobile app development",2840,en,,v3/serp/google/organic/live/advanced,20000,10,"2026-08-07 09:18:46","2026-08-07 09:19:06",00:00:20,0.0155
08070418-9434-0139-0000-d2156b2812d9,google,organic,"ecommerce application development",2840,en,,v3/serp/google/organic/live/advanced,20000,10,"2026-08-07 09:18:38","2026-08-07 09:18:46",00:00:08,0.0155
08070418-9434-0139-0000-99db84108ca5,google,organic,"ecommerce app development",2840,en,,v3/serp/google/organic/live/advanced,20000,10,"2026-08-07 09:18:16","2026-08-07 09:18:36",00:00:20,0.0155
08070417-9434-0139-0000-cc0307ace41a,google,organic,"custom android app development",2840,en,,v3/serp/google/organic/live/advanced,20000,10,"2026-08-07 09:17:56","2026-08-07 09:18:14",00:00:18,0.0155
08070417-9434-0139-0000-0dae0a056d85,google,organic,"android application development agency",2840,en,,v3/serp/google/organic/live/advanced,20000,10,"2026-08-07 09:17:38","2026-08-07 09:17:53",00:00:15,0.0155
08070417-9434-0139-0000-ed32e351b7cf,google,organic,"custom android app development company",2840,en,,v3/serp/google/organic/live/advanced,20000,10,"2026-08-07 09:17:14","2026-08-07 09:17:35",00:00:21,0.0155
08070417-9434-0139-0000-e413a4e61301,google,organic,"android mobile app development company",2840,en,,v3/serp/google/organic/live/advanced,20000,10,"2026-08-07 09:17:04","2026-08-07 09:17:13",00:00:09,0.0155
08070416-9434-0139-0000-f8090f94878c,google,organic,"android app development agency",2840,en,,v3/serp/google/organic/live/advanced,20000,10,"2026-08-07 09:16:41","2026-08-07 09:17:02",00:00:21,0.0155
08070416-9434-0139-0000-db0396a859ad,google,organic,"android application development services",2840,en,,v3/serp/google/organic/live/advanced,20000,10,"2026-08-07 09:16:13","2026-08-07 09:16:38",00:00:25,0.0155
08070415-9434-0139-0000-18fecc6cb82b,google,organic,"android application development company",2840,en,,v3/serp/google/organic/live/advanced,20000,10,"2026-08-07 09:15:42","2026-08-07 09:16:10",00:00:28,0.0155
08070415-9434-0139-0000-bbeebd0729fc,google,organic,"android development services",2840,en,,v3/serp/google/organic/live/advanced,20000,10,"2026-08-07 09:15:32","2026-08-07 09:15:40",00:00:08,0.0155
08070415-9434-0139-0000-15635ea09d20,google,organic,"android app development services",2840,en,,v3/serp/google/organic/live/advanced,20000,10,"2026-08-07 09:15:02","2026-08-07 09:15:30",00:00:28,0.0155
08070414-9434-0139-0000-290af63510df,google,organic,"android apps development services",2840,en,,v3/serp/google/organic/live/advanced,20000,10,"2026-08-07 09:14:48","2026-08-07 09:15:00",00:00:12,0.0155
08070414-9434-0139-0000-0287109be257,google,organic,"android app development company",2840,en,,v3/serp/google/organic/live/advanced,20000,10,"2026-08-07 09:14:29","2026-08-07 09:14:46",00:00:17,0.0155
08070414-9434-0139-0000-28598bfbba01,google,organic,"mobile game app developer",2840,en,,v3/serp/google/organic/live/advanced,20000,10,"2026-08-07 09:14:08","2026-08-07 09:14:27",00:00:19,0.0155
08070413-9434-0139-0000-c328c2015cb4,google,organic,"mobile game development agency",2840,en,,v3/serp/google/organic/live/advanced,20000,10,"2026-08-07 09:13:43","2026-08-07 09:14:05",00:00:22,0.0155
08070413-9434-0139-0000-3497ad1ba2cf,google,organic,"mobile game app development company",2840,en,,v3/serp/google/organic/live/advanced,20000,10,"2026-08-07 09:13:23","2026-08-07 09:13:41",00:00:18,0.0155
08070413-9434-0139-0000-904e07831c9f,google,organic,"mobile game developer",2840,en,,v3/serp/google/organic/live/advanced,20000,10,"2026-08-07 09:13:05","2026-08-07 09:13:21",00:00:16,0.0155
08070412-9434-0139-0000-56b54d2be2f0,google,organic,"mobile game development services",2840,en,,v3/serp/google/organic/live/advanced,20000,10,"2026-08-07 09:12:43","2026-08-07 09:13:02",00:00:19,0.0155
08070412-9434-0139-0000-ca4610f35194,google,organic,"game app developers",2840,en,,v3/serp/google/organic/live/advanced,20000,10,"2026-08-07 09:12:25","2026-08-07 09:12:40",00:00:15,0.0155
08070412-9434-0139-0000-e744d452dac1,google,organic,"Game Development Services",2840,en,,v3/serp/google/organic/live/advanced,20000,10,"2026-08-07 09:12:10","2026-08-07 09:12:23",00:00:13,0.0155
08070411-9434-0139-0000-ebe4c414052c,google,organic,"mobile game development companies",2840,en,,v3/serp/google/organic/live/advanced,20000,10,"2026-08-07 09:11:57","2026-08-07 09:12:08",00:00:11,0.0155
08070411-9434-0139-0000-05405ad9c0a5,google,organic,"game app development company",2840,en,,v3/serp/google/organic/live/advanced,20000,10,"2026-08-07 09:11:37","2026-08-07 09:11:55",00:00:18,0.0155
08070411-9434-0139-0000-5cbb15af12f1,google,organic,"mobile game development company",2840,en,,v3/serp/google/organic/live/advanced,20000,10,"2026-08-07 09:11:02","2026-08-07 09:11:34",00:00:32,0.0155
08070410-9434-0139-0000-56c7262491a2,google,organic,"mobile health app developers",2840,en,,v3/serp/google/organic/live/advanced,20000,10,"2026-08-07 09:10:44","2026-08-07 09:11:00",00:00:16,0.0155
08070410-9434-0139-0000-6d1c41849771,google,organic,"medical app developers",2840,en,,v3/serp/google/organic/live/advanced,20000,10,"2026-08-07 09:10:25","2026-08-07 09:10:44",00:00:19,0.0155
08070410-9434-0139-0000-519085f19c3d,google,organic,"healthcare mobile application development",2840,en,,v3/serp/google/organic/live/advanced,20000,10,"2026-08-07 09:10:05","2026-08-07 09:10:23",00:00:18,0.0155
08070409-9434-0139-0000-ac9be4d4efbf,google,organic,"medical app development",2840,en,,v3/serp/google/organic/live/advanced,20000,10,"2026-08-07 09:09:48","2026-08-07 09:10:03",00:00:15,0.0155
08070409-9434-0139-0000-8ee1dce30841,google,organic,"healthcare app development",2840,en,,v3/serp/google/organic/live/advanced,20000,10,"2026-08-07 09:09:40","2026-08-07 09:09:47",00:00:07,0.0155
08070409-9434-0139-0000-63f3c8156f25,google,organic,"healthcare application development",2840,en,,v3/serp/google/organic/live/advanced,20000,10,"2026-08-07 09:09:26","2026-08-07 09:09:37",00:00:11,0.0155
08070409-9434-0139-0000-8e70cbad563b,google,organic,"medical app development companies",2840,en,,v3/serp/google/organic/live/advanced,20000,10,"2026-08-07 09:09:04","2026-08-07 09:09:24",00:00:20,0.0155
08070408-9434-0139-0000-37fe24187250,google,organic,"healthcare mobile app development companies",2840,en,,v3/serp/google/organic/live/advanced,20000,10,"2026-08-07 09:08:44","2026-08-07 09:09:01",00:00:17,0.0155
08070408-9434-0139-0000-56d07a4ee367,google,organic,"healthcare app developers",2840,en,,v3/serp/google/organic/live/advanced,20000,10,"2026-08-07 09:08:26","2026-08-07 09:08:44",00:00:18,0.0155
08070407-9434-0139-0000-0dd1a82b7ae0,google,organic,"healthcare application development services",2840,en,,v3/serp/google/organic/live/advanced,20000,10,"2026-08-07 09:07:58","2026-08-07 09:08:24",00:00:26,0.0155
08070407-9434-0139-0000-d126f57e87fe,google,organic,"healthcare app development services",2840,en,,v3/serp/google/organic/live/advanced,20000,10,"2026-08-07 09:07:36","2026-08-07 09:07:57",00:00:21,0.0155
08070407-9434-0139-0000-cd7a8b058491,google,organic,"healthcare mobile app development company",2840,en,,v3/serp/google/organic/live/advanced,20000,10,"2026-08-07 09:07:13","2026-08-07 09:07:33",00:00:20,0.0155
08070406-9434-0139-0000-62cdd76c82f8,google,organic,"app development houston",2500,en,,v3/serp/google/organic/live/advanced,20000,7,"2026-08-07 09:06:49","2026-08-07 09:07:04",00:00:15,0.011
08070406-9434-0139-0000-5e3d56ee0d8d,google,organic,"mobile app development company houston",2500,en,,v3/serp/google/organic/live/advanced,20000,7,"2026-08-07 09:06:34","2026-08-07 09:06:47",00:00:13,0.011
08070406-9434-0139-0000-111e8a2c2e38,google,organic,"houston mobile app development",2500,en,,v3/serp/google/organic/live/advanced,20000,8,"2026-08-07 09:06:19","2026-08-07 09:06:32",00:00:13,0.0125
08070406-9434-0139-0000-f02abb224e28,google,organic,"mobile app development houston",2500,en,,v3/serp/google/organic/live/advanced,20000,8,"2026-08-07 09:06:01","2026-08-07 09:06:17",00:00:16,0.0125
08070405-9434-0139-0000-f0f3fcc7b578,google,organic,"android app development houston",2500,en,,v3/serp/google/organic/live/advanced,20000,8,"2026-08-07 09:05:49","2026-08-07 09:05:59",00:00:10,0.0125
08070405-9434-0139-0000-88b90870a8e7,google,organic,"app developer houston",2500,en,,v3/serp/google/organic/live/advanced,20000,7,"2026-08-07 09:05:32","2026-08-07 09:05:47",00:00:15,0.011
08070405-9434-0139-0000-440bf31635be,google,organic,"mobile app developer houston",2500,en,,v3/serp/google/organic/live/advanced,20000,7,"2026-08-07 09:05:17","2026-08-07 09:05:30",00:00:13,0.011
08070405-9434-0139-0000-a6d94b4647a4,google,organic,"mobile apps development houston",2500,en,,v3/serp/google/organic/live/advanced,20000,9,"2026-08-07 09:05:08","2026-08-07 09:05:16",00:00:08,0.014
08070404-9434-0139-0000-13cd17fc0208,google,organic,"mobile app developers houston",2500,en,,v3/serp/google/organic/live/advanced,20000,8,"2026-08-07 09:04:59","2026-08-07 09:05:07",00:00:08,0.0125
08070404-9434-0139-0000-257137eda025,google,organic,"houston app developers",2500,en,,v3/serp/google/organic/live/advanced,20000,7,"2026-08-07 09:04:39","2026-08-07 09:04:57",00:00:18,0.011
08070404-9434-0139-0000-c272872e08f0,google,organic,"music app development company",2840,en,,v3/serp/google/organic/live/advanced,20000,10,"2026-08-07 09:04:12","2026-08-07 09:04:36",00:00:24,0.0155
08070403-9434-0139-0000-087af95e7540,google,organic,"mobile app development company san francisco",2840,en,,v3/serp/google/organic/live/advanced,20000,10,"2026-08-07 09:03:42","2026-08-07 09:04:10",00:00:28,0.0155
08070403-9434-0139-0000-52fd994c444f,google,organic,"musi alternative",2840,en,,v3/serp/google/organic/live/advanced,20000,6,"2026-08-07 09:03:15","2026-08-07 09:03:39",00:00:24,0.0095
08070402-9434-0139-0000-12e6e654544d,google,organic,"custom website development services",2840,en,,v3/serp/google/organic/live/advanced,20000,10,"2026-08-07 09:02:47","2026-08-07 09:03:13",00:00:26,0.0155
08070402-9434-0139-0000-f9e920667495,google,organic,"fortnite revenue",2840,en,,v3/serp/google/organic/live/advanced,20000,10,"2026-08-07 09:02:39","2026-08-07 09:02:46",00:00:07,0.0155
08070402-9434-0139-0000-e8918251b83a,google,organic,"digital marketing companies usa",2840,en,,v3/serp/google/organic/live/advanced,20000,10,"2026-08-07 09:02:16","2026-08-07 09:02:36",00:00:20,0.0155
08070401-9434-0139-0000-5e77f769125e,google,organic,"mobile app development companies in san francisco",2840,en,,v3/serp/google/organic/live/advanced,20000,10,"2026-08-07 09:01:55","2026-08-07 09:02:15",00:00:20,0.0155
08070401-9434-0139-0000-01df4afb8bfc,google,organic,"healthcare app development company",2840,en,,v3/serp/google/organic/live/advanced,20000,10,"2026-08-07 09:01:35","2026-08-07 09:01:53",00:00:18,0.0155
08070401-9434-0139-0000-5e14f2adaa75,google,organic,"how much is fortnite worth",2840,en,,v3/serp/google/organic/live/advanced,20000,10,"2026-08-07 09:01:08","2026-08-07 09:01:33",00:00:25,0.0155
08070400-9434-0139-0000-9487c2f7fe9f,google,organic,"apps like tiktok",2840,en,,v3/serp/google/organic/live/advanced,20000,10,"2026-08-07 09:00:54","2026-08-07 09:01:05",00:00:11,0.0155
08070400-9434-0139-0000-6a1af333f433,google,organic,"app developer miami",2840,en,,v3/serp/google/organic/live/advanced,20000,10,"2026-08-07 09:00:26","2026-08-07 09:00:52",00:00:26,0.0155
08070359-9434-0139-0000-7f4f30170ba1,google,organic,"app developers near me",2840,en,,v3/serp/google/organic/live/advanced,20000,10,"2026-08-07 08:59:47","2026-08-07 09:00:24",00:00:37,0.0155
08070359-9434-0139-0000-f275c4420bd9,google,organic,"how much does fortnite make a year",2840,en,,v3/serp/google/organic/live/advanced,20000,10,"2026-08-07 08:59:39","2026-08-07 08:59:45",00:00:06,0.0155
08070359-9434-0139-0000-ef467be10303,google,organic,"digital marketing agency usa",2840,en,,v3/serp/google/organic/live/advanced,20000,10,"2026-08-07 08:59:29","2026-08-07 08:59:37",00:00:08,0.0155
08070359-9434-0139-0000-1d00ed45ceac,google,organic,"fortnite net worth",2840,en,,v3/serp/google/organic/live/advanced,20000,10,"2026-08-07 08:59:12","2026-08-07 08:59:27",00:00:15,0.0155
08070359-9434-0139-0000-fd5b0e44b5dd,google,organic,"crm development services",2840,en,,v3/serp/google/organic/live/advanced,20000,10,"2026-08-07 08:59:02","2026-08-07 08:59:10",00:00:08,0.0155
08070358-9434-0139-0000-b23693dd52ca,google,organic,"ecommerce web development services",2840,en,,v3/serp/google/organic/live/advanced,20000,10,"2026-08-07 08:58:38","2026-08-07 08:59:00",00:00:22,0.0155
08070358-9434-0139-0000-62210c484914,google,organic,"web development services",2840,en,,v3/serp/google/organic/live/advanced,20000,10,"2026-08-07 08:58:11","2026-08-07 08:58:32",00:00:21,0.0155
08070357-9434-0139-0000-e419b12ae673,google,organic,"ai automation companies",2840,en,,v3/serp/google/organic/live/advanced,20000,10,"2026-08-07 08:57:58","2026-08-07 08:58:09",00:00:11,0.0155
08070357-9434-0139-0000-e85e51cc2775,google,organic,"what is new in gaming technology jogametech",2840,en,,v3/serp/google/organic/live/advanced,20000,9,"2026-08-07 08:57:49","2026-08-07 08:57:57",00:00:08,0.014
08070357-9434-0139-0000-3a85ae1c12af,google,organic,"ai automation agency",2840,en,,v3/serp/google/organic/live/advanced,20000,10,"2026-08-07 08:57:26","2026-08-07 08:57:45",00:00:19,0.0155
08070357-9434-0139-0000-695d438a1a88,google,organic,"gta 6 cost to make",2840,en,,v3/serp/google/organic/live/advanced,20000,10,"2026-08-07 08:57:05","2026-08-07 08:57:23",00:00:18,0.0155
08070356-9434-0139-0000-1c221d778755,google,organic,"mobile app development company denver",2404,en,,v3/serp/google/organic/live/advanced,20000,9,"2026-08-07 08:56:53","2026-08-07 08:57:03",00:00:10,0.014
08070356-9434-0139-0000-ee2429054c57,google,organic,"app developer denver",2404,en,,v3/serp/google/organic/live/advanced,20000,10,"2026-08-07 08:56:42","2026-08-07 08:56:51",00:00:09,0.0155
08070356-9434-0139-0000-114dcc6e4d61,google,organic,"digital marketing services usa",2840,en,,v3/serp/google/organic/live/advanced,20000,10,"2026-08-07 08:56:16","2026-08-07 08:56:39",00:00:23,0.0155
08070355-9434-0139-0000-000eb242f786,google,organic,"digital marketing firms in usa",2840,en,,v3/serp/google/organic/live/advanced,20000,10,"2026-08-07 08:55:59","2026-08-07 08:56:15",00:00:16,0.0155
08070355-9434-0139-0000-5e96a70509fe,google,organic,"digital marketing company",2840,en,,v3/serp/google/organic/live/advanced,20000,10,"2026-08-07 08:55:45","2026-08-07 08:55:56",00:00:11,0.0155
08070355-9434-0139-0000-16fe87d4d320,google,organic,"digital marketing services",2840,en,,v3/serp/google/organic/live/advanced,20000,10,"2026-08-07 08:55:32","2026-08-07 08:55:42",00:00:10,0.0155
08070355-9434-0139-0000-118e7ba0a16d,google,organic,"digital marketing agency",2840,en,,v3/serp/google/organic/live/advanced,20000,10,"2026-08-07 08:55:09","2026-08-07 08:55:29",00:00:20,0.0155
08070354-9434-0139-0000-bd9dbdbc03f8,google,organic,"3d game developers",2840,en,,v3/serp/google/organic/live/advanced,20000,10,"2026-08-07 08:54:50","2026-08-07 08:55:06",00:00:16,0.0155
08070354-9434-0139-0000-159da55721c6,google,organic,"3d game development company",2840,en,,v3/serp/google/organic/live/advanced,20000,10,"2026-08-07 08:54:33","2026-08-07 08:54:49",00:00:16,0.0155
08070354-9434-0139-0000-32c3dc4ea37f,google,organic,"3d game development services",2840,en,,v3/serp/google/organic/live/advanced,20000,10,"2026-08-07 08:54:14","2026-08-07 08:54:31",00:00:17,0.0155
08070353-9434-0139-0000-e51f6e5141b0,google,organic,"3d game development",2840,en,,v3/serp/google/organic/live/advanced,20000,9,"2026-08-07 08:53:50","2026-08-07 08:54:12",00:00:22,0.014
08070353-9434-0139-0000-66408d95fb72,google,organic,"ai app development company",2840,en,,v3/serp/google/organic/live/advanced,20000,10,"2026-08-07 08:53:27","2026-08-07 08:53:49",00:00:22,0.0155
08070353-9434-0139-0000-8c1c4c3bb17d,google,organic,"ai software development services",2840,en,,v3/serp/google/organic/live/advanced,20000,10,"2026-08-07 08:53:18","2026-08-07 08:53:26",00:00:08,0.0155
08070352-9434-0139-0000-cff17508e750,google,organic,"ai application development services",2840,en,,v3/serp/google/organic/live/advanced,20000,10,"2026-08-07 08:52:57","2026-08-07 08:53:15",00:00:18,0.0155
08070352-9434-0139-0000-65474144e8df,google,organic,"artificial intelligence development services",2840,en,,v3/serp/google/organic/live/advanced,20000,10,"2026-08-07 08:52:38","2026-08-07 08:52:54",00:00:16,0.0155
08070352-9434-0139-0000-cf69db0cff3a,google,organic,"artificial intelligence development company",2840,en,,v3/serp/google/organic/live/advanced,20000,10,"2026-08-07 08:52:03","2026-08-07 08:52:35",00:00:32,0.0155
08070351-9434-0139-0000-58d7a794badf,google,organic,"ai development company",2840,en,,v3/serp/google/organic/live/advanced,20000,10,"2026-08-07 08:51:44","2026-08-07 08:52:01",00:00:17,0.0155
08070351-9434-0139-0000-f75e174ed0e0,google,organic,"flutter app development agency",2840,en,,v3/serp/google/organic/live/advanced,20000,10,"2026-08-07 08:51:15","2026-08-07 08:51:39",00:00:24,0.0155
08070350-9434-0139-0000-350eacb66917,google,organic,"flutter application development services",2840,en,,v3/serp/google/organic/live/advanced,20000,10,"2026-08-07 08:50:53","2026-08-07 08:51:13",00:00:20,0.0155
08070350-9434-0139-0000-80b14dbbec38,google,organic,"flutter mobile application development company",2840,en,,v3/serp/google/organic/live/advanced,20000,10,"2026-08-07 08:50:17","2026-08-07 08:50:51",00:00:34,0.0155
08070349-9434-0139-0000-ea39c38e9ffb,google,organic,"flutter app development company in usa",2840,en,,v3/serp/google/organic/live/advanced,20000,10,"2026-08-07 08:49:53","2026-08-07 08:50:14",00:00:21,0.0155
08070349-9434-0139-0000-8968a418b296,google,organic,"custom software development solutions",2840,en,,v3/serp/google/organic/live/advanced,20000,10,"2026-08-07 08:49:39","2026-08-07 08:49:52",00:00:13,0.0155
08070349-9434-0139-0000-794133fdd993,google,organic,"custom software development firm",2840,en,,v3/serp/google/organic/live/advanced,20000,10,"2026-08-07 08:49:16","2026-08-07 08:49:37",00:00:21,0.0155
08070349-9434-0139-0000-aebc904a9c57,google,organic,"custom software development",2840,en,,v3/serp/google/organic/live/advanced,20000,10,"2026-08-07 08:49:07","2026-08-07 08:49:15",00:00:08,0.0155
08070348-9434-0139-0000-9cb75c8b974e,google,organic,"custom software development company",2840,en,,v3/serp/google/organic/live/advanced,20000,10,"2026-08-07 08:48:34","2026-08-07 08:49:04",00:00:30,0.0155
08070348-9434-0139-0000-ec294f244597,google,organic,"cloud app development services",2840,en,,v3/serp/google/organic/live/advanced,20000,10,"2026-08-07 08:48:17","2026-08-07 08:48:32",00:00:15,0.0155
08070348-9434-0139-0000-4fb32bf668e6,google,organic,"cloud app development",2840,en,,v3/serp/google/organic/live/advanced,20000,10,"2026-08-07 08:48:03","2026-08-07 08:48:14",00:00:11,0.0155
08070347-9434-0139-0000-cf62c01bd6d1,google,organic,"cloud application services",2840,en,,v3/serp/google/organic/live/advanced,20000,10,"2026-08-07 08:47:44","2026-08-07 08:48:00",00:00:16,0.0155
08070347-9434-0139-0000-4fa97d923d70,google,organic,"cloud application development company",2840,en,,v3/serp/google/organic/live/advanced,20000,10,"2026-08-07 08:47:24","2026-08-07 08:47:42",00:00:18,0.0155
08070346-9434-0139-0000-54b4c75ce96f,google,organic,"it staff augmentation company",2840,en,,v3/serp/google/organic/live/advanced,20000,10,"2026-08-07 08:46:49","2026-08-07 08:47:22",00:00:33,0.0155
08070346-9434-0139-0000-5debdc267719,google,organic,"it staff augmentation",2840,en,,v3/serp/google/organic/live/advanced,20000,10,"2026-08-07 08:46:28","2026-08-07 08:46:47",00:00:19,0.0155
08070346-9434-0139-0000-32921d5b0648,google,organic,"staff augmentation company",2840,en,,v3/serp/google/organic/live/advanced,20000,10,"2026-08-07 08:46:06","2026-08-07 08:46:26",00:00:20,0.0155
08070345-9434-0139-0000-27587b4a75cf,google,organic,"it staff augmentation services",2840,en,,v3/serp/google/organic/live/advanced,20000,10,"2026-08-07 08:45:38","2026-08-07 08:46:03",00:00:25,0.0155
08070345-9434-0139-0000-1307073440a3,google,organic,"staff augmentation services",2840,en,,v3/serp/google/organic/live/advanced,20000,10,"2026-08-07 08:45:28","2026-08-07 08:45:35",00:00:07,0.0155
08070345-9434-0139-0000-332eeae4f2b8,google,organic,"custom crm development services",2840,en,,v3/serp/google/organic/live/advanced,20000,10,"2026-08-07 08:45:09","2026-08-07 08:45:25",00:00:16,0.0155
08070344-9434-0139-0000-c6676117fe51,google,organic,"crm development company",2840,en,,v3/serp/google/organic/live/advanced,20000,10,"2026-08-07 08:44:59","2026-08-07 08:45:07",00:00:08,0.0155
08070344-9434-0139-0000-c19ac5eaade3,google,organic,"custom crm development",2840,en,,v3/serp/google/organic/live/advanced,20000,10,"2026-08-07 08:44:49","2026-08-07 08:44:57",00:00:08,0.0155
08070344-9434-0139-0000-121c45f245db,google,organic,"crm software development",2840,en,,v3/serp/google/organic/live/advanced,20000,10,"2026-08-07 08:44:22","2026-08-07 08:44:49",00:00:27,0.0155
08070343-9434-0139-0000-023dd6c2a9d7,google,organic,"crm software development company",2840,en,,v3/serp/google/organic/live/advanced,20000,10,"2026-08-07 08:43:55","2026-08-07 08:44:21",00:00:26,0.0155
08070343-9434-0139-0000-0d05a8f353a7,google,organic,"on demand service app development",2840,en,,v3/serp/google/organic/live/advanced,20000,10,"2026-08-07 08:43:40","2026-08-07 08:43:53",00:00:13,0.0155
08070343-9434-0139-0000-0bb727b78f34,google,organic,"on demand mobile app development",2840,en,,v3/serp/google/organic/live/advanced,20000,10,"2026-08-07 08:43:25","2026-08-07 08:43:38",00:00:13,0.0155
08070343-9434-0139-0000-135b6431af3e,google,organic,"android app development New York",2458,en,,v3/serp/google/organic/live/advanced,20000,10,"2026-08-07 08:43:09","2026-08-07 08:43:23",00:00:14,0.0155
08070342-9434-0139-0000-6279605ae7b8,google,organic,"mobile app developers NYC",2458,en,,v3/serp/google/organic/live/advanced,20000,9,"2026-08-07 08:42:36","2026-08-07 08:43:07",00:00:31,0.014
08070341-9434-0139-0000-b6bd2ff859c0,google,organic,"mobile app developer New York",2458,en,,v3/serp/google/organic/live/advanced,20000,9,"2026-08-07 08:41:57","2026-08-07 08:42:31",00:00:34,0.014
08070341-9434-0139-0000-05a2c324f634,google,organic,"app developers NYC",2458,en,,v3/serp/google/organic/live/advanced,20000,9,"2026-08-07 08:41:41","2026-08-07 08:41:55",00:00:14,0.014
08070341-9434-0139-0000-74b771da269c,google,organic,"app development company NYC",2458,en,,v3/serp/google/organic/live/advanced,20000,9,"2026-08-07 08:41:28","2026-08-07 08:41:38",00:00:10,0.014
08070341-9434-0139-0000-f7fa78c2d890,google,organic,"mobile app development company NYC",2458,en,,v3/serp/google/organic/live/advanced,20000,10,"2026-08-07 08:41:18","2026-08-07 08:41:27",00:00:09,0.0155
08070340-9434-0139-0000-796321edbd37,google,organic,"NYC app developers",2458,en,,v3/serp/google/organic/live/advanced,20000,10,"2026-08-07 08:40:48","2026-08-07 08:41:18",00:00:30,0.0155
08070340-9434-0139-0000-b49c1bf9d889,google,organic,"app developer NYC",2458,en,,v3/serp/google/organic/live/advanced,20000,10,"2026-08-07 08:40:32","2026-08-07 08:40:48",00:00:16,0.0155
08070340-9434-0139-0000-5f33117845f4,google,organic,"custom crm software development company",2840,en,,v3/serp/google/organic/live/advanced,20000,10,"2026-08-07 08:40:10","2026-08-07 08:40:19",00:00:09,0.0155
08070339-9434-0139-0000-81c8aafc849f,google,organic,"app developers in KSA",2682,ar,,v3/serp/google/organic/live/advanced,20000,9,"2026-08-07 08:39:37","2026-08-07 08:39:53",00:00:16,0.014
08070339-9434-0139-0000-fe035380a73e,google,organic,"KSA mobile app development",2682,ar,,v3/serp/google/organic/live/advanced,20000,9,"2026-08-07 08:39:19","2026-08-07 08:39:33",00:00:14,0.014
08070339-9434-0139-0000-907647c85cb4,google,organic,"mobile app development companies in saudi arabia",2682,ar,,v3/serp/google/organic/live/advanced,20000,8,"2026-08-07 08:39:03","2026-08-07 08:39:16",00:00:13,0.0125
08070338-9434-0139-0000-275e83fd6859,google,organic,"mobile app development in KSA",2682,ar,,v3/serp/google/organic/live/advanced,20000,9,"2026-08-07 08:38:46","2026-08-07 08:39:00",00:00:14,0.014
08070338-9434-0139-0000-a72f50d0ac0d,google,organic,"app developers in saudi arabia",2682,ar,,v3/serp/google/organic/live/advanced,20000,9,"2026-08-07 08:38:37","2026-08-07 08:38:45",00:00:08,0.014
08070338-9434-0139-0000-6d5c5416df76,google,organic,"app development agency in saudi arabia",2682,ar,,v3/serp/google/organic/live/advanced,20000,9,"2026-08-07 08:38:23","2026-08-07 08:38:34",00:00:11,0.014
08070338-9434-0139-0000-3dc95c661415,google,organic,"mobile app development company in saudi",2682,ar,,v3/serp/google/organic/live/advanced,20000,9,"2026-08-07 08:38:05","2026-08-07 08:38:21",00:00:16,0.014
08070337-9434-0139-0000-52dbffab70ba,google,organic,"mobile app development company saudi",2682,ar,,v3/serp/google/organic/live/advanced,20000,9,"2026-08-07 08:37:49","2026-08-07 08:38:02",00:00:13,0.014
08070337-9434-0139-0000-7d7bb05c852a,google,organic,"mobile app development company uk",2826,en,,v3/serp/google/organic/live/advanced,20000,10,"2026-08-07 08:37:13","2026-08-07 08:37:42",00:00:29,0.0155
08070336-9434-0139-0000-5700cc72d043,google,organic,"uk app developers",2826,en,,v3/serp/google/organic/live/advanced,20000,10,"2026-08-07 08:36:57","2026-08-07 08:37:11",00:00:14,0.0155
08070336-9434-0139-0000-64c8b5f9f411,google,organic,"mobile app developers uk",2826,en,,v3/serp/google/organic/live/advanced,20000,10,"2026-08-07 08:36:43","2026-08-07 08:36:56",00:00:13,0.0155
08070336-9434-0139-0000-b6a322e1997f,google,organic,"app developers uk",2826,en,,v3/serp/google/organic/live/advanced,20000,10,"2026-08-07 08:36:35","2026-08-07 08:36:42",00:00:07,0.0155
08070336-9434-0139-0000-f16e616ac304,google,organic,"app developer uk",2826,en,,v3/serp/google/organic/live/advanced,20000,10,"2026-08-07 08:36:17","2026-08-07 08:36:33",00:00:16,0.0155
08070336-9434-0139-0000-04e5a78a1212,google,organic,"app development companies uk",2826,en,,v3/serp/google/organic/live/advanced,20000,10,"2026-08-07 08:36:10","2026-08-07 08:36:16",00:00:06,0.0155
08070336-9434-0139-0000-6b75c714fe75,google,organic,"mobile app development uk",2826,en,,v3/serp/google/organic/live/advanced,20000,10,"2026-08-07 08:36:01","2026-08-07 08:36:09",00:00:08,0.0155
08070335-9434-0139-0000-497537f30b51,google,organic,"app development company uk",2826,en,,v3/serp/google/organic/live/advanced,20000,10,"2026-08-07 08:35:41","2026-08-07 08:35:58",00:00:17,0.0155
08070335-9434-0139-0000-2c948e08d379,google,organic,"houston app development",2500,en,,v3/serp/google/organic/live/advanced,20000,4,"2026-08-07 08:35:37","2026-08-07 08:35:40",00:00:03,0.0065
08070335-9434-0139-0000-3a1ffb733d1b,google,organic,"mobile app development companies",2826,en,,v3/serp/google/organic/live/advanced,20000,10,"2026-08-07 08:35:16","2026-08-07 08:35:34",00:00:18,0.0155
08070334-9434-0139-0000-2dcd5d0123ed,google,organic,"app development uk",2826,en,,v3/serp/google/organic/live/advanced,20000,10,"2026-08-07 08:34:57","2026-08-07 08:35:13",00:00:16,0.0155
08070334-9434-0139-0000-c5edb0488b5d,google,organic,"music streaming app development company",2840,en,,v3/serp/google/organic/live/advanced,20000,10,"2026-08-07 08:34:34","2026-08-07 08:34:47",00:00:13,0.0155
08070334-9434-0139-0000-52d27ed0cf9f,google,organic,"music app development services",2840,en,,v3/serp/google/organic/live/advanced,20000,10,"2026-08-07 08:34:11","2026-08-07 08:34:32",00:00:21,0.0155
08070333-9434-0139-0000-fb351bcdef23,google,organic,"app development company near me",2840,en,,v3/serp/google/organic/live/advanced,20000,10,"2026-08-07 08:33:51","2026-08-07 08:34:08",00:00:17,0.0155
08070333-9434-0139-0000-133f3ec675b4,google,organic,"app development near me",2840,en,,v3/serp/google/organic/live/advanced,20000,10,"2026-08-07 08:33:23","2026-08-07 08:33:49",00:00:26,0.0155
08070333-9434-0139-0000-82b0958388eb,google,organic,"mobile app development company near me",2840,en,,v3/serp/google/organic/live/advanced,20000,10,"2026-08-07 08:33:13","2026-08-07 08:33:20",00:00:07,0.0155
08070332-9434-0139-0000-d9d9eaae8452,google,organic,"mobile app development near me",2840,en,,v3/serp/google/organic/live/advanced,20000,10,"2026-08-07 08:32:54","2026-08-07 08:33:05",00:00:11,0.0155
08070332-9434-0139-0000-7165eafbfec6,google,organic,"Website Development Company USA",2840,en,,v3/serp/google/organic/live/advanced,20000,10,"2026-08-07 08:32:27","2026-08-07 08:32:44",00:00:17,0.0155
08070332-9434-0139-0000-e93f76ba37a1,google,organic,"Website Development Services",2840,en,,v3/serp/google/organic/live/advanced,20000,10,"2026-08-07 08:32:07","2026-08-07 08:32:24",00:00:17,0.0155
08070331-9434-0139-0000-dd00b7ae65b3,google,organic,"website development companies in usa",2840,en,,v3/serp/google/organic/live/advanced,20000,10,"2026-08-07 08:31:46","2026-08-07 08:32:04",00:00:18,0.0155
08070331-9434-0139-0000-a8db060cd586,google,organic,"website development company in usa",2840,en,,v3/serp/google/organic/live/advanced,20000,10,"2026-08-07 08:31:25","2026-08-07 08:31:40",00:00:15,0.0155
08070330-9434-0139-0000-d81ca84a6eea,google,organic,"web development services company",2840,en,,v3/serp/google/organic/live/advanced,20000,10,"2026-08-07 08:30:48","2026-08-07 08:31:22",00:00:34,0.0155
08070330-9434-0139-0000-dac9e180e6c6,google,organic,"website designing and development services",2840,en,,v3/serp/google/organic/live/advanced,20000,10,"2026-08-07 08:30:35","2026-08-07 08:30:45",00:00:10,0.0155
08070330-9434-0139-0000-efcd56d7ef7e,google,organic,"website development solutions",2840,en,,v3/serp/google/organic/live/advanced,20000,10,"2026-08-07 08:30:21","2026-08-07 08:30:32",00:00:11,0.0155
08070330-9434-0139-0000-8d4d42cdbc8d,google,organic,"professional website development services",2840,en,,v3/serp/google/organic/live/advanced,20000,10,"2026-08-07 08:30:07","2026-08-07 08:30:18",00:00:11,0.0155
08070329-9434-0139-0000-63b62d60c214,google,organic,"Web Development Services",2840,en,,v3/serp/google/organic/live/advanced,20000,10,"2026-08-07 08:29:40","2026-08-07 08:30:00",00:00:20,0.0155
08070329-9434-0139-0000-ba53fa2c74ff,google,organic,"web development services in usa",2840,en,,v3/serp/google/organic/live/advanced,20000,10,"2026-08-07 08:29:22","2026-08-07 08:29:38",00:00:16,0.0155
08070328-9434-0139-0000-bf3de2079a27,google,organic,"web development services usa",2840,en,,v3/serp/google/organic/live/advanced,20000,10,"2026-08-07 08:28:47","2026-08-07 08:29:19",00:00:32,0.0155
08070328-9434-0139-0000-87ea8acee33a,google,organic,"Website Development Services in USA",2840,en,,v3/serp/google/organic/live/advanced,20000,10,"2026-08-07 08:28:29","2026-08-07 08:28:44",00:00:15,0.0155
08070328-9434-0139-0000-e900d6402755,google,organic,"custom iphone app development",2840,en,,v3/serp/google/organic/live/advanced,20000,10,"2026-08-07 08:28:14","2026-08-07 08:28:26",00:00:12,0.0155
08070327-9434-0139-0000-45cda309781e,google,organic,"custom ios app development services",2840,en,,v3/serp/google/organic/live/advanced,20000,10,"2026-08-07 08:27:58","2026-08-07 08:28:12",00:00:14,0.0155
08070327-9434-0139-0000-c274ecf053a2,google,organic,"ios app development agency",2840,en,,v3/serp/google/organic/live/advanced,20000,10,"2026-08-07 08:27:27","2026-08-07 08:27:55",00:00:28,0.0155
08070327-9434-0139-0000-f5d8921da1c3,google,organic,"iphone app development company usa",2840,en,,v3/serp/google/organic/live/advanced,20000,10,"2026-08-07 08:27:15","2026-08-07 08:27:23",00:00:08,0.0155
08070326-9434-0139-0000-f56e2834dcfc,google,organic,"iphone applications development company",2840,en,,v3/serp/google/organic/live/advanced,20000,0,"2026-08-07 08:26:35","2026-08-07 08:27:13",00:00:38,0.002
08070326-9434-0139-0000-96577bd2b8cc,google,organic,"iphone application development services",2840,en,,v3/serp/google/organic/live/advanced,20000,10,"2026-08-07 08:26:13","2026-08-07 08:26:33",00:00:20,0.0155
08070325-9434-0139-0000-0a831b048d95,google,organic,"app developers in chicago",2392,en,,v3/serp/google/organic/live/advanced,20000,7,"2026-08-07 08:25:51","2026-08-07 08:26:08",00:00:17,0.011
08070325-9434-0139-0000-ed8ddc20b181,google,organic,"app development companies in chicago",2392,en,,v3/serp/google/organic/live/advanced,20000,7,"2026-08-07 08:25:33","2026-08-07 08:25:49",00:00:16,0.011
08070325-9434-0139-0000-7c6502757c32,google,organic,"website design company New Jersey",21167,en,,v3/serp/google/organic/live/advanced,20000,10,"2026-08-07 08:25:10","2026-08-07 08:25:30",00:00:20,0.0155
08070324-9434-0139-0000-fdc429f483ac,google,organic,"website development nj",2840,en,,v3/serp/google/organic/live/advanced,20000,10,"2026-08-07 08:24:52","2026-08-07 08:25:06",00:00:14,0.0155
08070324-9434-0139-0000-8a4c8828b861,google,organic,"web development new jersey",21167,en,,v3/serp/google/organic/live/advanced,20000,10,"2026-08-07 08:24:34","2026-08-07 08:24:49",00:00:15,0.0155
08070324-9434-0139-0000-99c937fc93d4,google,organic,"website design new jersey",21167,en,,v3/serp/google/organic/live/advanced,20000,10,"2026-08-07 08:24:04","2026-08-07 08:24:29",00:00:25,0.0155
08070323-9434-0139-0000-4d571bb57278,google,organic,"web development nj",2840,en,,v3/serp/google/organic/live/advanced,20000,10,"2026-08-07 08:23:50","2026-08-07 08:24:01",00:00:11,0.0155
08070323-9434-0139-0000-e4231cc2f05d,google,organic,"web design company nj",2840,en,,v3/serp/google/organic/live/advanced,20000,10,"2026-08-07 08:23:34","2026-08-07 08:23:49",00:00:15,0.0155
08070323-9434-0139-0000-fa9b61894679,google,organic,"web development company new jersey",21167,en,,v3/serp/google/organic/live/advanced,20000,10,"2026-08-07 08:23:11","2026-08-07 08:23:31",00:00:20,0.0155
08070322-9434-0139-0000-d53c5a32f3fb,google,organic,"website design companies nj",2840,en,,v3/serp/google/organic/live/advanced,20000,10,"2026-08-07 08:22:56","2026-08-07 08:23:08",00:00:12,0.0155
08070322-9434-0139-0000-8539ac23ba40,google,organic,"mobile app development",2840,en,,v3/serp/google/organic/live/advanced,20000,10,"2026-08-07 08:22:19","2026-08-07 08:22:31",00:00:12,0.0155
08070319-9434-0139-0000-2fd7ac55c3df,google,organic,"marketing os smoke",2840,en,,v3/serp/google/organic/live/advanced,20000,0,"2026-08-07 08:19:39","2026-08-07 08:19:55",00:00:16,0.002
08070249-9434-0139-0000-5721061074ee,google,organic,"mobile app development company san francisco",2840,en,,v3/serp/google/organic/live/advanced,20000,10,"2026-08-07 07:49:37","2026-08-07 07:49:51",00:00:14,0.0155
08070249-9434-0139-0000-10f7915272d2,google,organic,"musi alternative",2840,en,,v3/serp/google/organic/live/advanced,20000,6,"2026-08-07 07:49:12","2026-08-07 07:49:35",00:00:23,0.0095
08070248-9434-0139-0000-89e59f13b8bd,google,organic,"custom website development services",2840,en,,v3/serp/google/organic/live/advanced,20000,10,"2026-08-07 07:48:35","2026-08-07 07:49:09",00:00:34,0.0155
08070248-9434-0139-0000-9a0d9c2937b0,google,organic,"fortnite revenue",2840,en,,v3/serp/google/organic/live/advanced,20000,10,"2026-08-07 07:48:22","2026-08-07 07:48:32",00:00:10,0.0155
08070247-9434-0139-0000-8e0fe8afb0d9,google,organic,"digital marketing companies usa",2840,en,,v3/serp/google/organic/live/advanced,20000,10,"2026-08-07 07:47:48","2026-08-07 07:48:20",00:00:32,0.0155
08070247-9434-0139-0000-36912fb89b92,google,organic,"mobile app development companies in san francisco",2840,en,,v3/serp/google/organic/live/advanced,20000,10,"2026-08-07 07:47:09","2026-08-07 07:47:45",00:00:36,0.0155
08070246-9434-0139-0000-f29a3eeb3ff4,google,organic,"healthcare app development company",2840,en,,v3/serp/google/organic/live/advanced,20000,10,"2026-08-07 07:46:48","2026-08-07 07:47:07",00:00:19,0.0155
08070246-9434-0139-0000-db77e88362bc,google,organic,"how much is fortnite worth",2840,en,,v3/serp/google/organic/live/advanced,20000,10,"2026-08-07 07:46:29","2026-08-07 07:46:45",00:00:16,0.0155
08070245-9434-0139-0000-5500f63806f9,google,organic,"apps like tiktok",2840,en,,v3/serp/google/organic/live/advanced,20000,10,"2026-08-07 07:45:53","2026-08-07 07:46:27",00:00:34,0.0155
08070245-9434-0139-0000-33f8197a4017,google,organic,"app developer miami",2840,en,,v3/serp/google/organic/live/advanced,20000,10,"2026-08-07 07:45:35","2026-08-07 07:45:51",00:00:16,0.0155
08070244-9434-0139-0000-17af788987e8,google,organic,"app developers near me",2840,en,,v3/serp/google/organic/live/advanced,20000,10,"2026-08-07 07:44:19","2026-08-07 07:44:30",00:00:11,0.0155
08070243-9434-0139-0000-d3560268aa26,google,organic,"how much does fortnite make a year",2840,en,,v3/serp/google/organic/live/advanced,20000,10,"2026-08-07 07:43:52","2026-08-07 07:44:18",00:00:26,0.0155
08070243-9434-0139-0000-fd1f7be7a2f5,google,organic,"digital marketing agency usa",2840,en,,v3/serp/google/organic/live/advanced,20000,10,"2026-08-07 07:43:27","2026-08-07 07:43:49",00:00:22,0.0155
08070242-9434-0139-0000-bec970962d98,google,organic,"fortnite net worth",2840,en,,v3/serp/google/organic/live/advanced,20000,10,"2026-08-07 07:42:48","2026-08-07 07:43:24",00:00:36,0.0155
08070242-9434-0139-0000-4beabcf71a7e,google,organic,"crm development services",2840,en,,v3/serp/google/organic/live/advanced,20000,10,"2026-08-07 07:42:21","2026-08-07 07:42:46",00:00:25,0.0155
08070242-9434-0139-0000-270e642a69c6,google,organic,"ecommerce web development services",2840,en,,v3/serp/google/organic/live/advanced,20000,10,"2026-08-07 07:42:00","2026-08-07 07:42:19",00:00:19,0.0155
08070241-9434-0139-0000-68ae4d8761c2,google,organic,"web development services",2840,en,,v3/serp/google/organic/live/advanced,20000,10,"2026-08-07 07:41:35","2026-08-07 07:41:57",00:00:22,0.0155
08070241-9434-0139-0000-6314d52efa0f,google,organic,"ai automation companies",2840,en,,v3/serp/google/organic/live/advanced,20000,10,"2026-08-07 07:41:22","2026-08-07 07:41:33",00:00:11,0.0155
08070241-9434-0139-0000-385c32acc37a,google,organic,"what is new in gaming technology jogametech",2840,en,,v3/serp/google/organic/live/advanced,20000,8,"2026-08-07 07:41:02","2026-08-07 07:41:20",00:00:18,0.0125
08070240-9434-0139-0000-0cb964f3c27c,google,organic,"ai automation agency",2840,en,,v3/serp/google/organic/live/advanced,20000,10,"2026-08-07 07:40:42","2026-08-07 07:41:00",00:00:18,0.0155
08070240-9434-0139-0000-bdb27565d608,google,organic,"gta 6 cost to make",2840,en,,v3/serp/google/organic/live/advanced,20000,10,"2026-08-07 07:40:32","2026-08-07 07:40:40",00:00:08,0.0155
08070240-9434-0139-0000-77570862967d,google,organic,"mobile app development company denver",2404,en,,v3/serp/google/organic/live/advanced,20000,10,"2026-08-07 07:40:06","2026-08-07 07:40:30",00:00:24,0.0155
08070239-9434-0139-0000-3c0edb22e06a,google,organic,"app developer denver",2404,en,,v3/serp/google/organic/live/advanced,20000,10,"2026-08-07 07:39:44","2026-08-07 07:40:03",00:00:19,0.0155
08070239-9434-0139-0000-415ffc3942d4,google,organic,"digital marketing services usa",2840,en,,v3/serp/google/organic/live/advanced,20000,10,"2026-08-07 07:39:18","2026-08-07 07:39:42",00:00:24,0.0155
08070238-9434-0139-0000-6dc8e7a83073,google,organic,"digital marketing firms in usa",2840,en,,v3/serp/google/organic/live/advanced,20000,10,"2026-08-07 07:38:46","2026-08-07 07:39:11",00:00:25,0.0155
08070238-9434-0139-0000-8d91f61fcb25,google,organic,"digital marketing company",2840,en,,v3/serp/google/organic/live/advanced,20000,10,"2026-08-07 07:38:18","2026-08-07 07:38:43",00:00:25,0.0155
08070238-9434-0139-0000-0425837010ec,google,organic,"digital marketing services",2840,en,,v3/serp/google/organic/live/advanced,20000,10,"2026-08-07 07:38:10","2026-08-07 07:38:16",00:00:06,0.0155
08070237-9434-0139-0000-37817fde3b19,google,organic,"digital marketing agency",2840,en,,v3/serp/google/organic/live/advanced,20000,10,"2026-08-07 07:37:53","2026-08-07 07:38:07",00:00:14,0.0155
08070237-9434-0139-0000-f9160be6832a,google,organic,"3d game developers",2840,en,,v3/serp/google/organic/live/advanced,20000,10,"2026-08-07 07:37:36","2026-08-07 07:37:52",00:00:16,0.0155
08070237-9434-0139-0000-a41603b977a5,google,organic,"3d game development company",2840,en,,v3/serp/google/organic/live/advanced,20000,10,"2026-08-07 07:37:29","2026-08-07 07:37:35",00:00:06,0.0155
08070237-9434-0139-0000-72df3b48c6de,google,organic,"3d game development services",2840,en,,v3/serp/google/organic/live/advanced,20000,10,"2026-08-07 07:37:14","2026-08-07 07:37:27",00:00:13,0.0155
08070236-9434-0139-0000-44ff8a198eae,google,organic,"3d game development",2840,en,,v3/serp/google/organic/live/advanced,20000,9,"2026-08-07 07:36:58","2026-08-07 07:37:11",00:00:13,0.014
08070236-9434-0139-0000-06822f7ae6e7,google,organic,"ai app development company",2840,en,,v3/serp/google/organic/live/advanced,20000,10,"2026-08-07 07:36:43","2026-08-07 07:36:55",00:00:12,0.0155
08070236-9434-0139-0000-ffe5fa4a6060,google,organic,"ai software development services",2840,en,,v3/serp/google/organic/live/advanced,20000,10,"2026-08-07 07:36:12","2026-08-07 07:36:40",00:00:28,0.0155
08070235-9434-0139-0000-67f44b3991ec,google,organic,"ai application development services",2840,en,,v3/serp/google/organic/live/advanced,20000,10,"2026-08-07 07:35:51","2026-08-07 07:36:09",00:00:18,0.0155
08070235-9434-0139-0000-62f61be30637,google,organic,"artificial intelligence development services",2840,en,,v3/serp/google/organic/live/advanced,20000,10,"2026-08-07 07:35:30","2026-08-07 07:35:48",00:00:18,0.0155
08070235-9434-0139-0000-5c4634f20edb,google,organic,"artificial intelligence development company",2840,en,,v3/serp/google/organic/live/advanced,20000,10,"2026-08-07 07:35:13","2026-08-07 07:35:27",00:00:14,0.0155
08070235-9434-0139-0000-7e6648984738,google,organic,"ai development company",2840,en,,v3/serp/google/organic/live/advanced,20000,10,"2026-08-07 07:35:05","2026-08-07 07:35:11",00:00:06,0.0155
08070234-9434-0139-0000-4deb2c5ad43f,google,organic,"flutter app development agency",2840,en,,v3/serp/google/organic/live/advanced,20000,10,"2026-08-07 07:34:40","2026-08-07 07:35:00",00:00:20,0.0155
08070234-9434-0139-0000-1db484210f03,google,organic,"flutter application development services",2840,en,,v3/serp/google/organic/live/advanced,20000,10,"2026-08-07 07:34:26","2026-08-07 07:34:38",00:00:12,0.0155
08070233-9434-0139-0000-08899d64d787,google,organic,"flutter mobile application development company",2840,en,,v3/serp/google/organic/live/advanced,20000,10,"2026-08-07 07:33:51","2026-08-07 07:34:23",00:00:32,0.0155
08070233-9434-0139-0000-f498c0e72527,google,organic,"flutter app development company in usa",2840,en,,v3/serp/google/organic/live/advanced,20000,10,"2026-08-07 07:33:21","2026-08-07 07:33:47",00:00:26,0.0155
08070233-9434-0139-0000-ba3d06c5ee4b,google,organic,"custom software development solutions",2840,en,,v3/serp/google/organic/live/advanced,20000,10,"2026-08-07 07:33:12","2026-08-07 07:33:20",00:00:08,0.0155
08070232-9434-0139-0000-7e4f4d1fb173,google,organic,"custom software development firm",2840,en,,v3/serp/google/organic/live/advanced,20000,10,"2026-08-07 07:32:53","2026-08-07 07:33:08",00:00:15,0.0155
08070232-9434-0139-0000-4b9e3b71c516,google,organic,"custom software development",2840,en,,v3/serp/google/organic/live/advanced,20000,10,"2026-08-07 07:32:32","2026-08-07 07:32:50",00:00:18,0.0155
08070232-9434-0139-0000-8bdf824e7d86,google,organic,"custom software development company",2840,en,,v3/serp/google/organic/live/advanced,20000,10,"2026-08-07 07:32:23","2026-08-07 07:32:32",00:00:09,0.0155
08070232-9434-0139-0000-109b0b28540b,google,organic,"cloud app development services",2840,en,,v3/serp/google/organic/live/advanced,20000,10,"2026-08-07 07:32:03","2026-08-07 07:32:20",00:00:17,0.0155
08070231-9434-0139-0000-4c79416a3535,google,organic,"cloud app development",2840,en,,v3/serp/google/organic/live/advanced,20000,10,"2026-08-07 07:31:30","2026-08-07 07:32:00",00:00:30,0.0155
08070230-9434-0139-0000-3b0f90dab67f,google,organic,"cloud application services",2840,en,,v3/serp/google/organic/live/advanced,20000,10,"2026-08-07 07:30:56","2026-08-07 07:31:28",00:00:32,0.0155
08070230-9434-0139-0000-087f9e974c42,google,organic,"cloud application development company",2840,en,,v3/serp/google/organic/live/advanced,20000,10,"2026-08-07 07:30:42","2026-08-07 07:30:54",00:00:12,0.0155
08070230-9434-0139-0000-0105e5b51b44,google,organic,"it staff augmentation company",2840,en,,v3/serp/google/organic/live/advanced,20000,10,"2026-08-07 07:30:19","2026-08-07 07:30:40",00:00:21,0.0155
08070229-9434-0139-0000-85383a7a7b4c,google,organic,"it staff augmentation",2840,en,,v3/serp/google/organic/live/advanced,20000,10,"2026-08-07 07:29:35","2026-08-07 07:30:17",00:00:42,0.0155
08070229-9434-0139-0000-3eb5601e2afa,google,organic,"staff augmentation company",2840,en,,v3/serp/google/organic/live/advanced,20000,10,"2026-08-07 07:29:17","2026-08-07 07:29:33",00:00:16,0.0155
08070228-9434-0139-0000-4e0395f9c1f3,google,organic,"it staff augmentation services",2840,en,,v3/serp/google/organic/live/advanced,20000,10,"2026-08-07 07:28:58","2026-08-07 07:29:15",00:00:17,0.0155
08070228-9434-0139-0000-636e9a603905,google,organic,"staff augmentation services",2840,en,,v3/serp/google/organic/live/advanced,20000,10,"2026-08-07 07:28:50","2026-08-07 07:28:56",00:00:06,0.0155
08070228-9434-0139-0000-ba2c4a3c45d9,google,organic,"custom crm development services",2840,en,,v3/serp/google/organic/live/advanced,20000,10,"2026-08-07 07:28:20","2026-08-07 07:28:47",00:00:27,0.0155
08070227-9434-0139-0000-0c24a2c9a5c1,google,organic,"crm development company",2840,en,,v3/serp/google/organic/live/advanced,20000,10,"2026-08-07 07:27:54","2026-08-07 07:28:17",00:00:23,0.0155
08070227-9434-0139-0000-2c6babb89cbe,google,organic,"custom crm development",2840,en,,v3/serp/google/organic/live/advanced,20000,10,"2026-08-07 07:27:25","2026-08-07 07:27:52",00:00:27,0.0155
08070226-9434-0139-0000-c7dfb327b81d,google,organic,"crm software development",2840,en,,v3/serp/google/organic/live/advanced,20000,10,"2026-08-07 07:26:46","2026-08-07 07:27:23",00:00:37,0.0155
08070226-9434-0139-0000-088a3e03df2a,google,organic,"crm software development company",2840,en,,v3/serp/google/organic/live/advanced,20000,10,"2026-08-07 07:26:33","2026-08-07 07:26:41",00:00:08,0.0155
08070226-9434-0139-0000-93b73a26411f,google,organic,"on demand service app development",2840,en,,v3/serp/google/organic/live/advanced,20000,10,"2026-08-07 07:26:18","2026-08-07 07:26:31",00:00:13,0.0155
08070225-9434-0139-0000-60b1b6c6917f,google,organic,"on demand mobile app development",2840,en,,v3/serp/google/organic/live/advanced,20000,10,"2026-08-07 07:25:59","2026-08-07 07:26:15",00:00:16,0.0155
08070225-9434-0139-0000-4c6f3045806f,google,organic,"android app development New York",2458,en,,v3/serp/google/organic/live/advanced,20000,8,"2026-08-07 07:25:39","2026-08-07 07:25:57",00:00:18,0.0125
08070225-9434-0139-0000-ffb0a0720f53,google,organic,"mobile app developers NYC",2458,en,,v3/serp/google/organic/live/advanced,20000,9,"2026-08-07 07:25:25","2026-08-07 07:25:37",00:00:12,0.014
08070224-9434-0139-0000-688840ad9099,google,organic,"mobile app developer New York",2458,en,,v3/serp/google/organic/live/advanced,20000,10,"2026-08-07 07:24:53","2026-08-07 07:25:23",00:00:30,0.0155
08070224-9434-0139-0000-90369b276fc7,google,organic,"app developers NYC",2458,en,,v3/serp/google/organic/live/advanced,20000,10,"2026-08-07 07:24:45","2026-08-07 07:24:52",00:00:07,0.0155
08070224-9434-0139-0000-87f2f2ac614b,google,organic,"app development company NYC",2458,en,,v3/serp/google/organic/live/advanced,20000,9,"2026-08-07 07:24:33","2026-08-07 07:24:43",00:00:10,0.014
08070224-9434-0139-0000-ef7b5716258e,google,organic,"mobile app development company NYC",2458,en,,v3/serp/google/organic/live/advanced,20000,9,"2026-08-07 07:24:16","2026-08-07 07:24:30",00:00:14,0.014
08070223-9434-0139-0000-e02261f8f021,google,organic,"NYC app developers",2458,en,,v3/serp/google/organic/live/advanced,20000,9,"2026-08-07 07:23:57","2026-08-07 07:24:10",00:00:13,0.014
08070223-9434-0139-0000-82d0b7bd3324,google,organic,"app developer NYC",2458,en,,v3/serp/google/organic/live/advanced,20000,9,"2026-08-07 07:23:30","2026-08-07 07:23:55",00:00:25,0.014
08070223-9434-0139-0000-bbf5789c3b77,google,organic,"custom crm software development company",2840,en,,v3/serp/google/organic/live/advanced,20000,10,"2026-08-07 07:23:03","2026-08-07 07:23:21",00:00:18,0.0155
08070222-9434-0139-0000-9d281fc06d58,google,organic,"app developers in KSA",2682,ar,,v3/serp/google/organic/live/advanced,20000,9,"2026-08-07 07:22:30","2026-08-07 07:22:47",00:00:17,0.014
08070222-9434-0139-0000-5f1595d2298e,google,organic,"KSA mobile app development",2682,ar,,v3/serp/google/organic/live/advanced,20000,9,"2026-08-07 07:22:14","2026-08-07 07:22:27",00:00:13,0.014
08070222-9434-0139-0000-dd8c457b7f56,google,organic,"mobile app development companies in saudi arabia",2682,ar,,v3/serp/google/organic/live/advanced,20000,9,"2026-08-07 07:22:04","2026-08-07 07:22:13",00:00:09,0.014
08070221-9434-0139-0000-3281d6363347,google,organic,"mobile app development in KSA",2682,ar,,v3/serp/google/organic/live/advanced,20000,9,"2026-08-07 07:21:38","2026-08-07 07:22:01",00:00:23,0.014
08070221-9434-0139-0000-4692869ecd23,google,organic,"app developers in saudi arabia",2682,ar,,v3/serp/google/organic/live/advanced,20000,9,"2026-08-07 07:21:06","2026-08-07 07:21:36",00:00:30,0.014
08070220-9434-0139-0000-f59521ebfd71,google,organic,"app development agency in saudi arabia",2682,ar,,v3/serp/google/organic/live/advanced,20000,9,"2026-08-07 07:20:49","2026-08-07 07:21:04",00:00:15,0.014
08070220-9434-0139-0000-ff03839b5a39,google,organic,"mobile app development company in saudi",2682,ar,,v3/serp/google/organic/live/advanced,20000,9,"2026-08-07 07:20:26","2026-08-07 07:20:46",00:00:20,0.014
08070220-9434-0139-0000-324d162bbfca,google,organic,"mobile app development company saudi",2682,ar,,v3/serp/google/organic/live/advanced,20000,9,"2026-08-07 07:20:07","2026-08-07 07:20:24",00:00:17,0.014
08070219-9434-0139-0000-d9c9705608ee,google,organic,"mobile app development company uk",2826,en,,v3/serp/google/organic/live/advanced,20000,10,"2026-08-07 07:19:43","2026-08-07 07:20:03",00:00:20,0.0155
08070219-9434-0139-0000-bbce7b5e775e,google,organic,"uk app developers",2826,en,,v3/serp/google/organic/live/advanced,20000,10,"2026-08-07 07:19:05","2026-08-07 07:19:40",00:00:35,0.0155
08070218-9434-0139-0000-1b73f0b69078,google,organic,"mobile app developers uk",2826,en,,v3/serp/google/organic/live/advanced,20000,10,"2026-08-07 07:18:44","2026-08-07 07:19:03",00:00:19,0.0155
08070218-9434-0139-0000-aeaf312a9986,google,organic,"app developers uk",2826,en,,v3/serp/google/organic/live/advanced,20000,10,"2026-08-07 07:18:20","2026-08-07 07:18:41",00:00:21,0.0155
08070218-9434-0139-0000-0fcf9003540b,google,organic,"app developer uk",2826,en,,v3/serp/google/organic/live/advanced,20000,10,"2026-08-07 07:18:04","2026-08-07 07:18:17",00:00:13,0.0155
08070217-9434-0139-0000-fbce1afbb446,google,organic,"app development companies uk",2826,en,,v3/serp/google/organic/live/advanced,20000,10,"2026-08-07 07:17:55","2026-08-07 07:18:03",00:00:08,0.0155
08070217-9434-0139-0000-d54e3b545c91,google,organic,"mobile app development uk",2826,en,,v3/serp/google/organic/live/advanced,20000,10,"2026-08-07 07:17:31","2026-08-07 07:17:53",00:00:22,0.0155
08070217-9434-0139-0000-d110d4ef553d,google,organic,"app development company uk",2826,en,,v3/serp/google/organic/live/advanced,20000,10,"2026-08-07 07:17:04","2026-08-07 07:17:29",00:00:25,0.0155
08070216-9434-0139-0000-03b6b0b5a73d,google,organic,"houston app development",2500,en,,v3/serp/google/organic/live/advanced,20000,7,"2026-08-07 07:16:45","2026-08-07 07:17:01",00:00:16,0.011
08070216-9434-0139-0000-a58b5f69a701,google,organic,"mobile app development companies",2826,en,,v3/serp/google/organic/live/advanced,20000,10,"2026-08-07 07:16:20","2026-08-07 07:16:43",00:00:23,0.0155
08070216-9434-0139-0000-1d06edd80e90,google,organic,"app development uk",2826,en,,v3/serp/google/organic/live/advanced,20000,10,"2026-08-07 07:16:11","2026-08-07 07:16:18",00:00:07,0.0155
08070215-9434-0139-0000-c19f908bac1a,google,organic,"music streaming app development company",2840,en,,v3/serp/google/organic/live/advanced,20000,10,"2026-08-07 07:15:39","2026-08-07 07:16:04",00:00:25,0.0155
08070215-9434-0139-0000-9af07d91b80d,google,organic,"music app development services",2840,en,,v3/serp/google/organic/live/advanced,20000,10,"2026-08-07 07:15:11","2026-08-07 07:15:37",00:00:26,0.0155
08070214-9434-0139-0000-fa093b80d25c,google,organic,"app development company near me",2840,en,,v3/serp/google/organic/live/advanced,20000,10,"2026-08-07 07:14:32","2026-08-07 07:15:08",00:00:36,0.0155
08070214-9434-0139-0000-7f347686cd80,google,organic,"app development near me",2840,en,,v3/serp/google/organic/live/advanced,20000,10,"2026-08-07 07:14:19","2026-08-07 07:14:29",00:00:10,0.0155
08070214-9434-0139-0000-36462e208d37,google,organic,"mobile app development company near me",2840,en,,v3/serp/google/organic/live/advanced,20000,10,"2026-08-07 07:14:01","2026-08-07 07:14:16",00:00:15,0.0155
08070213-9434-0139-0000-7bbd0894e50d,google,organic,"mobile app development near me",2840,en,,v3/serp/google/organic/live/advanced,20000,10,"2026-08-07 07:13:22","2026-08-07 07:13:58",00:00:36,0.0155
08070212-9434-0139-0000-7c9ca95b1527,google,organic,"Website Development Company USA",2840,en,,v3/serp/google/organic/live/advanced,20000,10,"2026-08-07 07:12:40","2026-08-07 07:13:10",00:00:30,0.0155
08070212-9434-0139-0000-3e8d8e7f3204,google,organic,"Website Development Services",2840,en,,v3/serp/google/organic/live/advanced,20000,10,"2026-08-07 07:12:04","2026-08-07 07:12:37",00:00:33,0.0155
08070211-9434-0139-0000-b52c9734246c,google,organic,"website development companies in usa",2840,en,,v3/serp/google/organic/live/advanced,20000,10,"2026-08-07 07:11:43","2026-08-07 07:12:02",00:00:19,0.0155
08070211-9434-0139-0000-efe238b97b20,google,organic,"website development company in usa",2840,en,,v3/serp/google/organic/live/advanced,20000,10,"2026-08-07 07:11:28","2026-08-07 07:11:39",00:00:11,0.0155
08070211-9434-0139-0000-1aa71432c6f9,google,organic,"web development services company",2840,en,,v3/serp/google/organic/live/advanced,20000,10,"2026-08-07 07:11:05","2026-08-07 07:11:25",00:00:20,0.0155
08070210-9434-0139-0000-216ff845f245,google,organic,"website designing and development services",2840,en,,v3/serp/google/organic/live/advanced,20000,10,"2026-08-07 07:10:22","2026-08-07 07:10:40",00:00:18,0.0155
08070209-9434-0139-0000-bee33cb4bdb4,google,organic,"website development solutions",2840,en,,v3/serp/google/organic/live/advanced,20000,10,"2026-08-07 07:09:49","2026-08-07 07:10:18",00:00:29,0.0155
08070209-9434-0139-0000-cc77a8db4f8b,google,organic,"professional website development services",2840,en,,v3/serp/google/organic/live/advanced,20000,10,"2026-08-07 07:09:33","2026-08-07 07:09:45",00:00:12,0.0155
08070209-9434-0139-0000-bc7df0f78b14,google,organic,"Web Development Services",2840,en,,v3/serp/google/organic/live/advanced,20000,10,"2026-08-07 07:09:19","2026-08-07 07:09:31",00:00:12,0.0155
08070208-9434-0139-0000-1222e7a0ee0e,google,organic,"web development services in usa",2840,en,,v3/serp/google/organic/live/advanced,20000,10,"2026-08-07 07:08:43","2026-08-07 07:09:15",00:00:32,0.0155
08070208-9434-0139-0000-6481e04c5975,google,organic,"web development services usa",2840,en,,v3/serp/google/organic/live/advanced,20000,10,"2026-08-07 07:08:30","2026-08-07 07:08:40",00:00:10,0.0155
08070207-9434-0139-0000-72ff40ab60ac,google,organic,"Website Development Services in USA",2840,en,,v3/serp/google/organic/live/advanced,20000,10,"2026-08-07 07:07:51","2026-08-07 07:08:26",00:00:35,0.0155
08070207-9434-0139-0000-217027343d22,google,organic,"custom iphone app development",2840,en,,v3/serp/google/organic/live/advanced,20000,10,"2026-08-07 07:07:18","2026-08-07 07:07:48",00:00:30,0.0155
08070206-9434-0139-0000-a857183859a2,google,organic,"custom ios app development services",2840,en,,v3/serp/google/organic/live/advanced,20000,10,"2026-08-07 07:06:52","2026-08-07 07:07:16",00:00:24,0.0155
08070206-9434-0139-0000-2071da84502c,google,organic,"ios app development agency",2840,en,,v3/serp/google/organic/live/advanced,20000,10,"2026-08-07 07:06:26","2026-08-07 07:06:49",00:00:23,0.0155
08070206-9434-0139-0000-db19e754086c,google,organic,"iphone app development company usa",2840,en,,v3/serp/google/organic/live/advanced,20000,10,"2026-08-07 07:06:12","2026-08-07 07:06:23",00:00:11,0.0155
08070205-9434-0139-0000-b6afb041c6cb,google,organic,"iphone applications development company",2840,en,,v3/serp/google/organic/live/advanced,20000,2,"2026-08-07 07:05:50","2026-08-07 07:06:10",00:00:20,0.0035
08070205-9434-0139-0000-1509071fde35,google,organic,"iphone application development services",2840,en,,v3/serp/google/organic/live/advanced,20000,10,"2026-08-07 07:05:32","2026-08-07 07:05:47",00:00:15,0.0155
08070205-9434-0139-0000-ddf2711cdb15,google,organic,"app developers in chicago",2392,en,,v3/serp/google/organic/live/advanced,20000,7,"2026-08-07 07:05:04","2026-08-07 07:05:27",00:00:23,0.011
08070204-9434-0139-0000-9a5cd3265509,google,organic,"app development companies in chicago",2392,en,,v3/serp/google/organic/live/advanced,20000,7,"2026-08-07 07:04:25","2026-08-07 07:05:03",00:00:38,0.011
08070204-9434-0139-0000-09f0be4fcb09,google,organic,"website design company New Jersey",21167,en,,v3/serp/google/organic/live/advanced,20000,10,"2026-08-07 07:04:17","2026-08-07 07:04:24",00:00:07,0.0155
08070204-9434-0139-0000-f3cd219e349a,google,organic,"website development nj",2840,en,,v3/serp/google/organic/live/advanced,20000,10,"2026-08-07 07:04:03","2026-08-07 07:04:14",00:00:11,0.0155
08070203-9434-0139-0000-b17f2d91a384,google,organic,"web development new jersey",21167,en,,v3/serp/google/organic/live/advanced,20000,10,"2026-08-07 07:03:34","2026-08-07 07:04:01",00:00:27,0.0155
08070203-9434-0139-0000-8eb5c98ff5f8,google,organic,"website design new jersey",21167,en,,v3/serp/google/organic/live/advanced,20000,10,"2026-08-07 07:03:10","2026-08-07 07:03:34",00:00:24,0.0155
08070202-9434-0139-0000-f2361deaf74b,google,organic,"web development nj",2840,en,,v3/serp/google/organic/live/advanced,20000,10,"2026-08-07 07:02:30","2026-08-07 07:03:07",00:00:37,0.0155
08070202-9434-0139-0000-f1be5b57bb79,google,organic,"web design company nj",2840,en,,v3/serp/google/organic/live/advanced,20000,10,"2026-08-07 07:02:07","2026-08-07 07:02:27",00:00:20,0.0155
08070201-9434-0139-0000-e6ecec0eb702,google,organic,"web development company new jersey",21167,en,,v3/serp/google/organic/live/advanced,20000,10,"2026-08-07 07:01:57","2026-08-07 07:02:05",00:00:08,0.0155
08070201-9434-0139-0000-b21158c90031,google,organic,"website design companies nj",2840,en,,v3/serp/google/organic/live/advanced,20000,10,"2026-08-07 07:01:39","2026-08-07 07:01:54",00:00:15,0.0155
08070201-9434-0139-0000-c83bf62dd942,google,organic,"mobile app development",2840,en,,v3/serp/google/organic/live/advanced,20000,10,"2026-08-07 07:01:09","2026-08-07 07:01:18",00:00:09,0.0155
08070200-9434-0139-0000-1f065a450ae1,google,organic,"marketing os smoke",2840,en,,v3/serp/google/organic/live/advanced,20000,4,"2026-08-07 07:00:21","2026-08-07 07:00:55",00:00:34,0.0065
08060054-9434-0139-0000-4ddce9e0f973,google,organic,"ios app development costs",2840,en,,v3/serp/google/organic/live/advanced,20000,10,"2026-08-06 05:54:04","2026-08-06 05:54:14",00:00:10,0.0155
08060053-9434-0139-0000-842f7202ed4a,google,organic,"cash check online instantly",2840,en,,v3/serp/google/organic/live/advanced,20000,10,"2026-08-06 05:53:47","2026-08-06 05:54:03",00:00:16,0.0155
08060053-9434-0139-0000-6ec6d89ec8e5,google,organic,"soft launch vs hard launch",2840,en,,v3/serp/google/organic/live/advanced,20000,10,"2026-08-06 05:53:34","2026-08-06 05:53:44",00:00:10,0.0155
08060053-9434-0139-0000-aa7dddd14f38,google,organic,"add business to apple maps",2840,en,,v3/serp/google/organic/live/advanced,20000,9,"2026-08-06 05:53:15","2026-08-06 05:53:32",00:00:17,0.014
08060053-9434-0139-0000-bf527e968a1a,google,organic,"how many copies has fortnite sold",2840,en,,v3/serp/google/organic/live/advanced,20000,10,"2026-08-06 05:53:00","2026-08-06 05:53:13",00:00:13,0.0155
08060052-9434-0139-0000-2b75f0d72ddc,google,organic,"mobile app development agency uk",2840,en,,v3/serp/google/organic/live/advanced,20000,9,"2026-08-06 05:52:51","2026-08-06 05:52:59",00:00:08,0.014
08060052-9434-0139-0000-eb3c4a35c00d,google,organic,"fortnite revenue 2022",2840,en,,v3/serp/google/organic/live/advanced,20000,9,"2026-08-06 05:52:36","2026-08-06 05:52:49",00:00:13,0.014
08060051-9434-0139-0000-b64a88713230,google,organic,"best currency exchange app",2840,en,,v3/serp/google/organic/live/advanced,20000,10,"2026-08-06 05:51:37","2026-08-06 05:52:34",00:00:57,0.0155
08060051-9434-0139-0000-7aaca4c4d7be,google,organic,"how much does it cost to build an ios app",2840,en,,v3/serp/google/organic/live/advanced,20000,10,"2026-08-06 05:51:12","2026-08-06 05:51:35",00:00:23,0.0155
08060051-9434-0139-0000-97faa22a465f,google,organic,"denver app development",2840,en,,v3/serp/google/organic/live/advanced,20000,10,"2026-08-06 05:51:01","2026-08-06 05:51:10",00:00:09,0.0155
08060050-9434-0139-0000-021997b67194,google,organic,"how much money has epic games made from fortnite",2840,en,,v3/serp/google/organic/live/advanced,20000,10,"2026-08-06 05:50:51","2026-08-06 05:51:00",00:00:09,0.0155
08060050-9434-0139-0000-a2b7b6c31162,google,organic,"fortnite gross revenue",2840,en,,v3/serp/google/organic/live/advanced,20000,10,"2026-08-06 05:50:33","2026-08-06 05:50:49",00:00:16,0.0155
08060050-9434-0139-0000-98d654cc8774,google,organic,"software staff augmentation",2840,en,,v3/serp/google/organic/live/advanced,20000,10,"2026-08-06 05:50:23","2026-08-06 05:50:32",00:00:09,0.0155
08060050-9434-0139-0000-19ecab8eac0c,google,organic,"in game ads revenue",2840,en,,v3/serp/google/organic/live/advanced,20000,10,"2026-08-06 05:50:09","2026-08-06 05:50:16",00:00:07,0.0155
08060049-9434-0139-0000-7089ed1a054e,google,organic,"web app development denver",2840,en,,v3/serp/google/organic/live/advanced,20000,0,"2026-08-06 05:49:39","2026-08-06 05:50:08",00:00:29,0.002
08060049-9434-0139-0000-3ee22512c3c9,google,organic,"does netspend use ingo",2840,en,,v3/serp/google/organic/live/advanced,20000,7,"2026-08-06 05:49:30","2026-08-06 05:49:39",00:00:09,0.011
08060049-9434-0139-0000-72014645182e,google,organic,"app developers in miami",2840,en,,v3/serp/google/organic/live/advanced,20000,9,"2026-08-06 05:49:02","2026-08-06 05:49:28",00:00:26,0.014
08060048-9434-0139-0000-1ac783d3083e,google,organic,"app development company uk",2840,en,,v3/serp/google/organic/live/advanced,20000,9,"2026-08-06 05:48:50","2026-08-06 05:49:00",00:00:10,0.014
08060048-9434-0139-0000-0d5c353fc14f,google,organic,"currency exchange apps",2840,en,,v3/serp/google/organic/live/advanced,20000,10,"2026-08-06 05:48:28","2026-08-06 05:48:49",00:00:21,0.0155
08060048-9434-0139-0000-02614a81f483,google,organic,"healthcare mobile app development services",2840,en,,v3/serp/google/organic/live/advanced,20000,10,"2026-08-06 05:48:08","2026-08-06 05:48:26",00:00:18,0.0155
08060047-9434-0139-0000-7581fcaa82ea,google,organic,"ai development services",2840,en,,v3/serp/google/organic/live/advanced,20000,10,"2026-08-06 05:47:49","2026-08-06 05:48:06",00:00:17,0.0155
08060047-9434-0139-0000-58af9e3ab374,google,organic,"ios app developers in new york",2840,en,,v3/serp/google/organic/live/advanced,20000,1,"2026-08-06 05:47:11","2026-08-06 05:47:47",00:00:36,0.002
08060046-9434-0139-0000-dfde9980bb49,google,organic,"industrial software",2840,en,,v3/serp/google/organic/live/advanced,20000,10,"2026-08-06 05:46:46","2026-08-06 05:47:09",00:00:23,0.0155
08060046-9434-0139-0000-3eb853384d1e,google,organic,"best currency converter app for iphone",2840,en,,v3/serp/google/organic/live/advanced,20000,10,"2026-08-06 05:46:27","2026-08-06 05:46:42",00:00:15,0.0155
08060046-9434-0139-0000-9a8746a7eb1b,google,organic,"how much did fortnite cost to make",2840,en,,v3/serp/google/organic/live/advanced,20000,10,"2026-08-06 05:46:05","2026-08-06 05:46:24",00:00:19,0.0155
08060045-9434-0139-0000-2ac7a91e0819,google,organic,"mobile game ads revenue",2840,en,,v3/serp/google/organic/live/advanced,20000,10,"2026-08-06 05:45:40","2026-08-06 05:46:03",00:00:23,0.0155
08060045-9434-0139-0000-2aac3fa575a6,google,organic,"app developer nyc",2840,en,,v3/serp/google/organic/live/advanced,20000,10,"2026-08-06 05:45:17","2026-08-06 05:45:39",00:00:22,0.0155
08060045-9434-0139-0000-8d7a7d0ee202,google,organic,"mobile app development services london",2840,en,,v3/serp/google/organic/live/advanced,20000,9,"2026-08-06 05:45:05","2026-08-06 05:45:15",00:00:10,0.014
08060044-9434-0139-0000-ad366291595e,google,organic,"mobile app developers san diego",2840,en,,v3/serp/google/organic/live/advanced,20000,10,"2026-08-06 05:44:43","2026-08-06 05:45:03",00:00:20,0.0155
08060044-9434-0139-0000-3a7647b13819,google,organic,"fortnite revenue per day",2840,en,,v3/serp/google/organic/live/advanced,20000,9,"2026-08-06 05:44:15","2026-08-06 05:44:41",00:00:26,0.014
08060043-9434-0139-0000-094281e42966,google,organic,"mobile app development manhattan",2840,en,,v3/serp/google/organic/live/advanced,20000,0,"2026-08-06 05:43:52","2026-08-06 05:44:14",00:00:22,0.002
08060043-9434-0139-0000-a214eb8622b6,google,organic,"mobile application development companies in new york",2840,en,,v3/serp/google/organic/live/advanced,20000,10,"2026-08-06 05:43:23","2026-08-06 05:43:50",00:00:27,0.0155
08060043-9434-0139-0000-06de41e4890f,google,organic,"games similar to connections",2840,en,,v3/serp/google/organic/live/advanced,20000,10,"2026-08-06 05:43:11","2026-08-06 05:43:21",00:00:10,0.0155
08060042-9434-0139-0000-89f9d4299127,google,organic,"fortnite total revenue",2840,en,,v3/serp/google/organic/live/advanced,20000,10,"2026-08-06 05:42:55","2026-08-06 05:43:09",00:00:14,0.0155
08060042-9434-0139-0000-df9fb8d8eede,google,organic,"mobile app development company in toronto",2840,en,,v3/serp/google/organic/live/advanced,20000,9,"2026-08-06 05:42:34","2026-08-06 05:42:54",00:00:20,0.014
08060041-9434-0139-0000-a692e7e73afc,google,organic,"chicago app development",2840,en,,v3/serp/google/organic/live/advanced,20000,10,"2026-08-06 05:41:55","2026-08-06 05:42:32",00:00:37,0.0155
08060041-9434-0139-0000-74bce4d0ef3f,google,organic,"dubai web design company",2840,en,,v3/serp/google/organic/live/advanced,20000,9,"2026-08-06 05:41:37","2026-08-06 05:41:53",00:00:16,0.014
08060041-9434-0139-0000-d4e4a27b138c,google,organic,"how much money fortnite made",2840,en,,v3/serp/google/organic/live/advanced,20000,10,"2026-08-06 05:41:12","2026-08-06 05:41:34",00:00:22,0.0155
08060040-9434-0139-0000-fd1844117df0,google,organic,"web design company in new jersey",2840,en,,v3/serp/google/organic/live/advanced,20000,10,"2026-08-06 05:40:43","2026-08-06 05:41:10",00:00:27,0.0155
08060040-9434-0139-0000-f1f7944cbd5c,google,organic,"how much is fortnite worth today",2840,en,,v3/serp/google/organic/live/advanced,20000,10,"2026-08-06 05:40:26","2026-08-06 05:40:40",00:00:14,0.0155
08060040-9434-0139-0000-7867245a6784,google,organic,"custom app development toronto",2840,en,,v3/serp/google/organic/live/advanced,20000,7,"2026-08-06 05:40:08","2026-08-06 05:40:23",00:00:15,0.011
08060039-9434-0139-0000-eeec8405ace2,google,organic,"lion loan app",2840,en,,v3/serp/google/organic/live/advanced,20000,7,"2026-08-06 05:39:56","2026-08-06 05:40:06",00:00:10,0.011
08060039-9434-0139-0000-74053ef7b14d,google,organic,"gta 6 production cost",2840,en,,v3/serp/google/organic/live/advanced,20000,8,"2026-08-06 05:39:40","2026-08-06 05:39:55",00:00:15,0.0125
08060039-9434-0139-0000-52493043d0a1,google,organic,"ios mobile app development services",2840,en,,v3/serp/google/organic/live/advanced,20000,10,"2026-08-06 05:39:20","2026-08-06 05:39:39",00:00:19,0.0155
08060039-9434-0139-0000-1da2d5b67a75,google,organic,"how much does fortnite make a month",2840,en,,v3/serp/google/organic/live/advanced,20000,10,"2026-08-06 05:39:03","2026-08-06 05:39:19",00:00:16,0.0155
08060038-9434-0139-0000-61d8144541e0,google,organic,"genius scan",2840,en,,v3/serp/google/organic/live/advanced,20000,6,"2026-08-06 05:38:49","2026-08-06 05:39:02",00:00:13,0.0095
08060038-9434-0139-0000-7b7deda1da9b,google,organic,"how much money has fortnite made in total",2840,en,,v3/serp/google/organic/live/advanced,20000,10,"2026-08-06 05:38:25","2026-08-06 05:38:48",00:00:23,0.0155
08060037-9434-0139-0000-976de4b81c68,google,organic,"denver mobile application development",2840,en,,v3/serp/google/organic/live/advanced,20000,0,"2026-08-06 05:37:56","2026-08-06 05:38:24",00:00:28,0.002
08060037-9434-0139-0000-e340625657a7,google,organic,"how much money has fortnite made all time",2840,en,,v3/serp/google/organic/live/advanced,20000,10,"2026-08-06 05:37:28","2026-08-06 05:37:54",00:00:26,0.0155
08060037-9434-0139-0000-5adac3ebc416,google,organic,"uk mobile app developers",2840,en,,v3/serp/google/organic/live/advanced,20000,10,"2026-08-06 05:37:19","2026-08-06 05:37:27",00:00:08,0.0155
08060036-9434-0139-0000-4e1527963397,google,organic,"cost to create an app for iphone",2840,en,,v3/serp/google/organic/live/advanced,20000,10,"2026-08-06 05:36:56","2026-08-06 05:37:18",00:00:22,0.0155
08060036-9434-0139-0000-5b6a795f7522,google,organic,"how many apps are created a day?",2840,en,,v3/serp/google/organic/live/advanced,20000,10,"2026-08-06 05:36:26","2026-08-06 05:36:54",00:00:28,0.0155
08060036-9434-0139-0000-de14c71ff2b4,google,organic,"apps like step",2840,en,,v3/serp/google/organic/live/advanced,20000,8,"2026-08-06 05:36:16","2026-08-06 05:36:25",00:00:09,0.0125
08060036-9434-0139-0000-09292d4e5893,google,organic,"flutter app development cost",2840,en,,v3/serp/google/organic/live/advanced,20000,8,"2026-08-06 05:36:01","2026-08-06 05:36:14",00:00:13,0.0125
08060035-9434-0139-0000-f5387c8c0a32,google,organic,"how much money does fortnite make in a year",2840,en,,v3/serp/google/organic/live/advanced,20000,10,"2026-08-06 05:35:41","2026-08-06 05:36:00",00:00:19,0.0155
08060035-9434-0139-0000-cc19c8d7cf56,google,organic,"app developers california",2840,en,,v3/serp/google/organic/live/advanced,20000,10,"2026-08-06 05:35:33","2026-08-06 05:35:41",00:00:08,0.0155
08060035-9434-0139-0000-757fbb559f8c,google,organic,"average cost to develop an iphone app",2840,en,,v3/serp/google/organic/live/advanced,20000,10,"2026-08-06 05:35:08","2026-08-06 05:35:31",00:00:23,0.0155
08060034-9434-0139-0000-c672ae83f287,google,organic,"ecommerce app development services",2840,en,,v3/serp/google/organic/live/advanced,20000,10,"2026-08-06 05:34:55","2026-08-06 05:35:06",00:00:11,0.0155
08060034-9434-0139-0000-d90087f5c8e3,google,organic,"app development company los angeles",2840,en,,v3/serp/google/organic/live/advanced,20000,10,"2026-08-06 05:34:33","2026-08-06 05:34:53",00:00:20,0.0155
08060034-9434-0139-0000-c2130c13a29a,google,organic,"how much does fortnite make per day",2840,en,,v3/serp/google/organic/live/advanced,20000,10,"2026-08-06 05:34:01","2026-08-06 05:34:30",00:00:29,0.0155
08060033-9434-0139-0000-cd3afddb2bb0,google,organic,"what is fortnite's net worth",2840,en,,v3/serp/google/organic/live/advanced,20000,10,"2026-08-06 05:33:47","2026-08-06 05:33:59",00:00:12,0.0155
08060033-9434-0139-0000-8e651b346f83,google,organic,"how much money do mobile games make per ad",2840,en,,v3/serp/google/organic/live/advanced,20000,7,"2026-08-06 05:33:38","2026-08-06 05:33:46",00:00:08,0.011
08060033-9434-0139-0000-f771e5e39ed2,google,organic,"online marketing company usa",2840,en,,v3/serp/google/organic/live/advanced,20000,5,"2026-08-06 05:33:15","2026-08-06 05:33:35",00:00:20,0.008
08060032-9434-0139-0000-6dce6b702e7b,google,organic,"how much money has fortnite made",2840,en,,v3/serp/google/organic/live/advanced,20000,10,"2026-08-06 05:32:52","2026-08-06 05:33:13",00:00:21,0.0155
08060032-9434-0139-0000-ddd77e4fa6d8,google,organic,"apps like super.com",2840,en,,v3/serp/google/organic/live/advanced,20000,6,"2026-08-06 05:32:37","2026-08-06 05:32:50",00:00:13,0.0095
08060031-9434-0139-0000-19ad7173649d,google,organic,"app development companies nyc",2840,en,,v3/serp/google/organic/live/advanced,20000,10,"2026-08-06 05:31:56","2026-08-06 05:32:35",00:00:39,0.0155
08060031-9434-0139-0000-ebc6a8c0cf6e,google,organic,"android app development company in uk",2840,en,,v3/serp/google/organic/live/advanced,20000,10,"2026-08-06 05:31:37","2026-08-06 05:31:55",00:00:18,0.0155
08060031-9434-0139-0000-badd60959bfe,google,organic,"how much money do mobile games make from ads",2840,en,,v3/serp/google/organic/live/advanced,20000,8,"2026-08-06 05:31:28","2026-08-06 05:31:37",00:00:09,0.0125
08060031-9434-0139-0000-423dfad73e79,google,organic,"mobile app development companies in london",2840,en,,v3/serp/google/organic/live/advanced,20000,10,"2026-08-06 05:31:14","2026-08-06 05:31:26",00:00:12,0.0155
08060030-9434-0139-0000-f10269e71a19,google,organic,"chatbot app development",2840,en,,v3/serp/google/organic/live/advanced,20000,10,"2026-08-06 05:30:53","2026-08-06 05:31:12",00:00:19,0.0155
08060030-9434-0139-0000-6f728e435fee,google,organic,"how much money does fortnite make in a day",2840,en,,v3/serp/google/organic/live/advanced,20000,10,"2026-08-06 05:30:34","2026-08-06 05:30:51",00:00:17,0.0155
08060030-9434-0139-0000-1c1df413ae5c,google,organic,"android app developers nyc",2840,en,,v3/serp/google/organic/live/advanced,20000,10,"2026-08-06 05:30:13","2026-08-06 05:30:32",00:00:19,0.0155
08060029-9434-0139-0000-ec231d45eba0,google,organic,"mobile app development new york city",2840,en,,v3/serp/google/organic/live/advanced,20000,10,"2026-08-06 05:29:57","2026-08-06 05:30:11",00:00:14,0.0155
08060029-9434-0139-0000-55a31e0b9182,google,organic,"app developers in denver",2840,en,,v3/serp/google/organic/live/advanced,20000,10,"2026-08-06 05:29:45","2026-08-06 05:29:55",00:00:10,0.0155
08060029-9434-0139-0000-22241bb9632c,google,organic,"apps like reddit",2840,en,,v3/serp/google/organic/live/advanced,20000,9,"2026-08-06 05:29:37","2026-08-06 05:29:44",00:00:07,0.014
08060029-9434-0139-0000-7e19c1afdc43,google,organic,"application development new york",2840,en,,v3/serp/google/organic/live/advanced,20000,10,"2026-08-06 05:29:23","2026-08-06 05:29:35",00:00:12,0.0155
08060029-9434-0139-0000-69ced589e053,google,organic,"instacash apps",2840,en,,v3/serp/google/organic/live/advanced,20000,10,"2026-08-06 05:29:06","2026-08-06 05:29:23",00:00:17,0.0155
08060028-9434-0139-0000-1ee4cf3ca428,google,organic,"mobile app denver",2840,en,,v3/serp/google/organic/live/advanced,20000,10,"2026-08-06 05:28:35","2026-08-06 05:29:04",00:00:29,0.0155
08060028-9434-0139-0000-dd24fabb886d,google,organic,"is fortnite profitable",2840,en,,v3/serp/google/organic/live/advanced,20000,10,"2026-08-06 05:28:28","2026-08-06 05:28:34",00:00:06,0.0155
08060028-9434-0139-0000-c4bd2371e0d3,google,organic,"how much does epic games make a day",2840,en,,v3/serp/google/organic/live/advanced,20000,10,"2026-08-06 05:28:14","2026-08-06 05:28:27",00:00:13,0.0155
08060028-9434-0139-0000-6e4b6c98c352,google,organic,"android app development company uk",2840,en,,v3/serp/google/organic/live/advanced,20000,6,"2026-08-06 05:28:09","2026-08-06 05:28:13",00:00:04,0.0095
08060027-9434-0139-0000-d3cd54059997,google,organic,"how much money does epic games make a day",2840,en,,v3/serp/google/organic/live/advanced,20000,10,"2026-08-06 05:27:51","2026-08-06 05:28:07",00:00:16,0.0155
08060027-9434-0139-0000-b60d82c2d8db,google,organic,"internet marketing agency usa",2840,en,,v3/serp/google/organic/live/advanced,20000,10,"2026-08-06 05:27:32","2026-08-06 05:27:50",00:00:18,0.0155
08060027-9434-0139-0000-3ded277e87da,google,organic,"how much does fortnite make in a day",2840,en,,v3/serp/google/organic/live/advanced,20000,10,"2026-08-06 05:27:11","2026-08-06 05:27:31",00:00:20,0.0155
08060026-9434-0139-0000-552dc3634090,google,organic,"best digital marketing agency in usa",2840,en,,v3/serp/google/organic/live/advanced,20000,10,"2026-08-06 05:26:55","2026-08-06 05:27:09",00:00:14,0.0155
08060026-9434-0139-0000-7c69783e1bb0,google,organic,"fortnite yearly revenue",2840,en,,v3/serp/google/organic/live/advanced,20000,10,"2026-08-06 05:26:37","2026-08-06 05:26:53",00:00:16,0.0155
08060026-9434-0139-0000-e5381cd0908d,google,organic,"apps like grid",2840,en,,v3/serp/google/organic/live/advanced,20000,8,"2026-08-06 05:26:20","2026-08-06 05:26:35",00:00:15,0.0125
08060026-9434-0139-0000-1841e424e2f4,google,organic,"multimodal ai examples",2840,en,,v3/serp/google/organic/live/advanced,20000,10,"2026-08-06 05:26:08","2026-08-06 05:26:19",00:00:11,0.0155
08060025-9434-0139-0000-c3d39e2f78cd,google,organic,"hire android app developer",2840,en,,v3/serp/google/organic/live/advanced,20000,10,"2026-08-06 05:25:59","2026-08-06 05:26:07",00:00:08,0.0155
08060025-9434-0139-0000-6e628fc5a8f6,google,organic,"fortnite daily revenue",2840,en,,v3/serp/google/organic/live/advanced,20000,10,"2026-08-06 05:25:38","2026-08-06 05:25:58",00:00:20,0.0155
08060025-9434-0139-0000-e4fc2296051c,google,organic,"mobile app development agency london",2840,en,,v3/serp/google/organic/live/advanced,20000,10,"2026-08-06 05:25:07","2026-08-06 05:25:36",00:00:29,0.0155
08060024-9434-0139-0000-e946243a6e14,google,organic,"app development agency in new york",2840,en,,v3/serp/google/organic/live/advanced,20000,10,"2026-08-06 05:24:44","2026-08-06 05:25:05",00:00:21,0.0155
08060024-9434-0139-0000-a123613d396c,google,organic,"denver web app development",2840,en,,v3/serp/google/organic/live/advanced,20000,1,"2026-08-06 05:24:18","2026-08-06 05:24:43",00:00:25,0.002
08060023-9434-0139-0000-c2c6c3396b92,google,organic,"app developers uk",2840,en,,v3/serp/google/organic/live/advanced,20000,10,"2026-08-06 05:23:49","2026-08-06 05:24:16",00:00:27,0.0155
08060023-9434-0139-0000-6d70e1df3b53,google,organic,"web app development chicago",2840,en,,v3/serp/google/organic/live/advanced,20000,0,"2026-08-06 05:23:19","2026-08-06 05:23:48",00:00:29,0.002
08060023-9434-0139-0000-470f8826935d,google,organic,"mobile app developers in chicago",2840,en,,v3/serp/google/organic/live/advanced,20000,10,"2026-08-06 05:23:02","2026-08-06 05:23:18",00:00:16,0.0155
08060022-9434-0139-0000-048b5a33712f,google,organic,"currency exchange app",2840,en,,v3/serp/google/organic/live/advanced,20000,10,"2026-08-06 05:22:42","2026-08-06 05:23:00",00:00:18,0.0155
08060022-9434-0139-0000-638a40a9b0f9,google,organic,"iphone vs android market share",2840,en,,v3/serp/google/organic/live/advanced,20000,10,"2026-08-06 05:22:28","2026-08-06 05:22:40",00:00:12,0.0155
08060022-9434-0139-0000-3c7979eb3d7e,google,organic,"app development toronto",2840,en,,v3/serp/google/organic/live/advanced,20000,8,"2026-08-06 05:22:12","2026-08-06 05:22:27",00:00:15,0.0125
08060021-9434-0139-0000-5342993cec8b,google,organic,"average mobile game revenue",2840,en,,v3/serp/google/organic/live/advanced,20000,9,"2026-08-06 05:21:47","2026-08-06 05:22:10",00:00:23,0.014
08060021-9434-0139-0000-57ce60e3e9ed,google,organic,"how do mobile games make money",2840,en,,v3/serp/google/organic/live/advanced,20000,10,"2026-08-06 05:21:24","2026-08-06 05:21:45",00:00:21,0.0155
08060021-9434-0139-0000-e6ee737d0a80,google,organic,"mobile app developers nyc",2840,en,,v3/serp/google/organic/live/advanced,20000,10,"2026-08-06 05:21:12","2026-08-06 05:21:22",00:00:10,0.0155
08060020-9434-0139-0000-e63d885d383e,google,organic,"ecommerce app development dubai",2840,en,,v3/serp/google/organic/live/advanced,20000,7,"2026-08-06 05:20:51","2026-08-06 05:21:01",00:00:10,0.011
08060020-9434-0139-0000-88675fa901fd,google,organic,"what is the typical timeline of a poc?",2840,en,,v3/serp/google/organic/live/advanced,20000,10,"2026-08-06 05:20:16","2026-08-06 05:20:50",00:00:34,0.0155
08060019-9434-0139-0000-984508a6dc54,google,organic,"professional web development service",2840,en,,v3/serp/google/organic/live/advanced,20000,10,"2026-08-06 05:19:58","2026-08-06 05:20:14",00:00:16,0.0155
08060019-9434-0139-0000-6b2b27e7b5ab,google,organic,"how much has epic games made from fortnite",2840,en,,v3/serp/google/organic/live/advanced,20000,10,"2026-08-06 05:19:34","2026-08-06 05:19:56",00:00:22,0.0155
08060019-9434-0139-0000-80231d714f31,google,organic,"ecommerce app development company",2840,en,,v3/serp/google/organic/live/advanced,20000,10,"2026-08-06 05:19:06","2026-08-06 05:19:32",00:00:26,0.0155
08060018-9434-0139-0000-9f8002b97148,google,organic,"web application development company new york",2840,en,,v3/serp/google/organic/live/advanced,20000,10,"2026-08-06 05:18:56","2026-08-06 05:19:05",00:00:09,0.0155
08060018-9434-0139-0000-3685e99fcba8,google,organic,"games like osrs",2840,en,,v3/serp/google/organic/live/advanced,20000,8,"2026-08-06 05:18:34","2026-08-06 05:18:54",00:00:20,0.0125
08060018-9434-0139-0000-d11bb02b4058,google,organic,"how much do mobile games make per ad",2840,en,,v3/serp/google/organic/live/advanced,20000,9,"2026-08-06 05:18:15","2026-08-06 05:18:32",00:00:17,0.014
08060017-9434-0139-0000-7a17f9f29836,google,organic,"mobile application development company new york",2840,en,,v3/serp/google/organic/live/advanced,20000,10,"2026-08-06 05:17:54","2026-08-06 05:18:13",00:00:19,0.0155
08060017-9434-0139-0000-9d7aac757d92,google,organic,"example of software development",2840,en,,v3/serp/google/organic/live/advanced,20000,10,"2026-08-06 05:17:44","2026-08-06 05:17:53",00:00:09,0.0155
08060017-9434-0139-0000-ac4688234c10,google,organic,"app developers in houston",2500,en,,v3/serp/google/organic/live/advanced,20000,7,"2026-08-06 05:17:38","2026-08-06 05:17:44",00:00:06,0.011
08060017-9434-0139-0000-e1d91d225a55,google,organic,"custom software development services",2840,en,,v3/serp/google/organic/live/advanced,20000,10,"2026-08-06 05:17:13","2026-08-06 05:17:36",00:00:23,0.0155
08060016-9434-0139-0000-fb6a7601e5e3,google,organic,"mobile app development denver",2840,en,,v3/serp/google/organic/live/advanced,20000,10,"2026-08-06 05:16:52","2026-08-06 05:17:10",00:00:18,0.0155
08060016-9434-0139-0000-7d3ac2fe1ca9,google,organic,"mobile app development san diego",2840,en,,v3/serp/google/organic/live/advanced,20000,10,"2026-08-06 05:16:24","2026-08-06 05:16:50",00:00:26,0.0155
08060016-9434-0139-0000-d11e92ec0106,google,organic,"ai chatbot development company",2840,en,,v3/serp/google/organic/live/advanced,20000,10,"2026-08-06 05:16:12","2026-08-06 05:16:22",00:00:10,0.0155
08060015-9434-0139-0000-2b65e892fea7,google,organic,"ai chatbot development services",2840,en,,v3/serp/google/organic/live/advanced,20000,10,"2026-08-06 05:15:49","2026-08-06 05:16:10",00:00:21,0.0155
08060015-9434-0139-0000-8eb7524109b8,google,organic,"lms company",2840,en,,v3/serp/google/organic/live/advanced,20000,10,"2026-08-06 05:15:30","2026-08-06 05:15:47",00:00:17,0.0155
08060015-9434-0139-0000-12e6363c4f1e,google,organic,"custom lms development",2840,en,,v3/serp/google/organic/live/advanced,20000,10,"2026-08-06 05:15:06","2026-08-06 05:15:29",00:00:23,0.0155
08060014-9434-0139-0000-5b391c581a6f,google,organic,"lms services",2840,en,,v3/serp/google/organic/live/advanced,20000,10,"2026-08-06 05:14:48","2026-08-06 05:15:05",00:00:17,0.0155
08060014-9434-0139-0000-698c4f88f4c2,google,organic,"custom learning management system development",2840,en,,v3/serp/google/organic/live/advanced,20000,10,"2026-08-06 05:14:39","2026-08-06 05:14:47",00:00:08,0.0155
08060014-9434-0139-0000-3fbc4d3435e6,google,organic,"lms development services",2840,en,,v3/serp/google/organic/live/advanced,20000,10,"2026-08-06 05:14:15","2026-08-06 05:14:37",00:00:22,0.0155
08060013-9434-0139-0000-4418ff975193,google,organic,"lms development company",2840,en,,v3/serp/google/organic/live/advanced,20000,10,"2026-08-06 05:13:54","2026-08-06 05:14:13",00:00:19,0.0155
08060013-9434-0139-0000-d6c77d5e68d6,google,organic,"lms developers",2840,en,,v3/serp/google/organic/live/advanced,20000,10,"2026-08-06 05:13:32","2026-08-06 05:13:52",00:00:20,0.0155
08060013-9434-0139-0000-3ed0dbc371e3,google,organic,"enterprise app developers",2840,en,,v3/serp/google/organic/live/advanced,20000,10,"2026-08-06 05:13:08","2026-08-06 05:13:30",00:00:22,0.0155
08060012-9434-0139-0000-c0368572f4a1,google,organic,"enterprise mobile application development",2840,en,,v3/serp/google/organic/live/advanced,20000,10,"2026-08-06 05:12:58","2026-08-06 05:13:07",00:00:09,0.0155
08060012-9434-0139-0000-2d0c61378dd8,google,organic,"enterprise mobile application development company",2840,en,,v3/serp/google/organic/live/advanced,20000,10,"2026-08-06 05:12:49","2026-08-06 05:12:58",00:00:09,0.0155
08060012-9434-0139-0000-1bc684d93f39,google,organic,"enterprise app development services",2840,en,,v3/serp/google/organic/live/advanced,20000,10,"2026-08-06 05:12:28","2026-08-06 05:12:47",00:00:19,0.0155
08060012-9434-0139-0000-649d9c55b2aa,google,organic,"enterprise mobile app development company",2840,en,,v3/serp/google/organic/live/advanced,20000,10,"2026-08-06 05:12:11","2026-08-06 05:12:26",00:00:15,0.0155
08060011-9434-0139-0000-1ef3b3c35df6,google,organic,"enterprise app development company",2840,en,,v3/serp/google/organic/live/advanced,20000,10,"2026-08-06 05:11:44","2026-08-06 05:12:09",00:00:25,0.0155
08060011-9434-0139-0000-54858cc68a69,google,organic,"app store optimization expert",2840,en,,v3/serp/google/organic/live/advanced,20000,10,"2026-08-06 05:11:26","2026-08-06 05:11:42",00:00:16,0.0155
08060011-9434-0139-0000-e6b54ac5627a,google,organic,"app store optimisation service",2840,en,,v3/serp/google/organic/live/advanced,20000,0,"2026-08-06 05:11:08","2026-08-06 05:11:24",00:00:16,0.002
08060010-9434-0139-0000-968172dcfd96,google,organic,"app store optimization agency",2840,en,,v3/serp/google/organic/live/advanced,20000,9,"2026-08-06 05:10:47","2026-08-06 05:11:06",00:00:19,0.014
08060010-9434-0139-0000-1e6075987446,google,organic,"app store optimization company",2840,en,,v3/serp/google/organic/live/advanced,20000,8,"2026-08-06 05:10:27","2026-08-06 05:10:45",00:00:18,0.0125
08060009-9434-0139-0000-9a35f2884130,google,organic,"app store optimization services",2840,en,,v3/serp/google/organic/live/advanced,20000,9,"2026-08-06 05:09:56","2026-08-06 05:10:25",00:00:29,0.014
08060009-9434-0139-0000-373539fea9ab,google,organic,"custom magento development services",2840,en,,v3/serp/google/organic/live/advanced,20000,10,"2026-08-06 05:09:37","2026-08-06 05:09:55",00:00:18,0.0155
08060009-9434-0139-0000-becb9dfe35b9,google,organic,"magento ecommerce development services",2840,en,,v3/serp/google/organic/live/advanced,20000,10,"2026-08-06 05:09:22","2026-08-06 05:09:36",00:00:14,0.0155
08060009-9434-0139-0000-aa94582eea01,google,organic,"magento ecommerce development company",2840,en,,v3/serp/google/organic/live/advanced,20000,10,"2026-08-06 05:09:11","2026-08-06 05:09:21",00:00:10,0.0155
08060008-9434-0139-0000-e2b016827a03,google,organic,"magento development agency",2840,en,,v3/serp/google/organic/live/advanced,20000,9,"2026-08-06 05:08:51","2026-08-06 05:09:07",00:00:16,0.014
08060008-9434-0139-0000-6bc742047d47,google,organic,"magento development company",2840,en,,v3/serp/google/organic/live/advanced,20000,10,"2026-08-06 05:08:20","2026-08-06 05:08:49",00:00:29,0.0155
08060007-9434-0139-0000-2185a81e89c8,google,organic,"magento development services",2840,en,,v3/serp/google/organic/live/advanced,20000,10,"2026-08-06 05:07:45","2026-08-06 05:08:18",00:00:33,0.0155
08060007-9434-0139-0000-0f19cefef089,google,organic,"application support services",2840,en,,v3/serp/google/organic/live/advanced,20000,10,"2026-08-06 05:07:13","2026-08-06 05:07:44",00:00:31,0.0155
08060006-9434-0139-0000-cd6504f8b25d,google,organic,"application maintenance services",2840,en,,v3/serp/google/organic/live/advanced,20000,10,"2026-08-06 05:06:53","2026-08-06 05:07:12",00:00:19,0.0155
08060006-9434-0139-0000-c072d6e38e79,google,organic,"application support and maintenance services",2840,en,,v3/serp/google/organic/live/advanced,20000,10,"2026-08-06 05:06:36","2026-08-06 05:06:51",00:00:15,0.0155
08060006-9434-0139-0000-a3c3d6d719da,google,organic,"app maintenance company",2840,en,,v3/serp/google/organic/live/advanced,20000,10,"2026-08-06 05:06:10","2026-08-06 05:06:34",00:00:24,0.0155
08060005-9434-0139-0000-aceed26cec87,google,organic,"mobile app maintenance",2840,en,,v3/serp/google/organic/live/advanced,20000,10,"2026-08-06 05:05:39","2026-08-06 05:06:08",00:00:29,0.0155
08060005-9434-0139-0000-c1b6878829d2,google,organic,"app maintenance services",2840,en,,v3/serp/google/organic/live/advanced,20000,10,"2026-08-06 05:05:08","2026-08-06 05:05:37",00:00:29,0.0155
08060004-9434-0139-0000-ddc7c205e2fb,google,organic,"mobile app maintenance services",2840,en,,v3/serp/google/organic/live/advanced,20000,10,"2026-08-06 05:04:58","2026-08-06 05:05:07",00:00:09,0.0155
08060004-9434-0139-0000-14409795f54f,google,organic,"Mobile Application Maintenance Services",2840,en,,v3/serp/google/organic/live/advanced,20000,10,"2026-08-06 05:04:43","2026-08-06 05:04:57",00:00:14,0.0155
08060004-9434-0139-0000-9f204ee2117e,google,organic,"website application development",2840,en,,v3/serp/google/organic/live/advanced,20000,10,"2026-08-06 05:04:25","2026-08-06 05:04:41",00:00:16,0.0155
08060004-9434-0139-0000-d0af56d98f0b,google,organic,"web app development company",2840,en,,v3/serp/google/organic/live/advanced,20000,10,"2026-08-06 05:04:17","2026-08-06 05:04:24",00:00:07,0.0155
08060004-9434-0139-0000-bd373c933569,google,organic,"web app development services",2840,en,,v3/serp/google/organic/live/advanced,20000,10,"2026-08-06 05:04:09","2026-08-06 05:04:17",00:00:08,0.0155
08060003-9434-0139-0000-0d8963c476ce,google,organic,"custom web application development company",2840,en,,v3/serp/google/organic/live/advanced,20000,10,"2026-08-06 05:03:49","2026-08-06 05:04:06",00:00:17,0.0155
08060003-9434-0139-0000-0bb77b4e95cc,google,organic,"custom web application development",2840,en,,v3/serp/google/organic/live/advanced,20000,10,"2026-08-06 05:03:34","2026-08-06 05:03:48",00:00:14,0.0155
08060003-9434-0139-0000-4a92bd4eabe3,google,organic,"custom web application development services",2840,en,,v3/serp/google/organic/live/advanced,20000,10,"2026-08-06 05:03:11","2026-08-06 05:03:32",00:00:21,0.0155
08060002-9434-0139-0000-17cc45721e7b,google,organic,"web application development company",2840,en,,v3/serp/google/organic/live/advanced,20000,10,"2026-08-06 05:02:52","2026-08-06 05:03:09",00:00:17,0.0155
08060002-9434-0139-0000-60987ea1edb9,google,organic,"api integration developer",2840,en,,v3/serp/google/organic/live/advanced,20000,10,"2026-08-06 05:02:45","2026-08-06 05:02:51",00:00:06,0.0155
08060002-9434-0139-0000-919951beba83,google,organic,"custom api development services",2840,en,,v3/serp/google/organic/live/advanced,20000,10,"2026-08-06 05:02:21","2026-08-06 05:02:44",00:00:23,0.0155
08060002-9434-0139-0000-1b5ff1c15780,google,organic,"custom api integration services",2840,en,,v3/serp/google/organic/live/advanced,20000,10,"2026-08-06 05:02:08","2026-08-06 05:02:19",00:00:11,0.0155
08060001-9434-0139-0000-e9a19102e99f,google,organic,"api integration company",2840,en,,v3/serp/google/organic/live/advanced,20000,10,"2026-08-06 05:01:35","2026-08-06 05:02:06",00:00:31,0.0155
08060001-9434-0139-0000-a226bd2bf974,google,organic,"api development services",2840,en,,v3/serp/google/organic/live/advanced,20000,10,"2026-08-06 05:01:22","2026-08-06 05:01:33",00:00:11,0.0155
08060001-9434-0139-0000-c5188008e86d,google,organic,"api development and integration services",2840,en,,v3/serp/google/organic/live/advanced,20000,10,"2026-08-06 05:01:04","2026-08-06 05:01:20",00:00:16,0.0155
08060000-9434-0139-0000-16c5e12f5994,google,organic,"api integration services",2840,en,,v3/serp/google/organic/live/advanced,20000,10,"2026-08-06 05:00:37","2026-08-06 05:01:02",00:00:25,0.0155
08060000-9434-0139-0000-d93561ce16da,google,organic,"mobile application development san diego",2840,en,,v3/serp/google/organic/live/advanced,20000,10,"2026-08-06 05:00:22","2026-08-06 05:00:35",00:00:13,0.0155
08060000-9434-0139-0000-9d86e32de726,google,organic,"san diego app developers",2840,en,,v3/serp/google/organic/live/advanced,20000,10,"2026-08-06 05:00:09","2026-08-06 05:00:21",00:00:12,0.0155
08052359-9434-0139-0000-5caad2622f2c,google,organic,"mobile app development company san diego",2840,en,,v3/serp/google/organic/live/advanced,20000,10,"2026-08-06 04:59:56","2026-08-06 05:00:07",00:00:11,0.0155
08052359-9434-0139-0000-52828836f4db,google,organic,"app development san diego",2840,en,,v3/serp/google/organic/live/advanced,20000,10,"2026-08-06 04:59:36","2026-08-06 04:59:53",00:00:17,0.0155
08052359-9434-0139-0000-94e4936f3323,google,organic,"los angeles app developers",2840,en,,v3/serp/google/organic/live/advanced,20000,10,"2026-08-06 04:59:17","2026-08-06 04:59:29",00:00:12,0.0155
08052358-9434-0139-0000-85b795fc15dc,google,organic,"app development companies los angeles",2840,en,,v3/serp/google/organic/live/advanced,20000,9,"2026-08-06 04:58:47","2026-08-06 04:59:15",00:00:28,0.014
08052358-9434-0139-0000-f907f294d554,google,organic,"mobile app developers los angeles",2840,en,,v3/serp/google/organic/live/advanced,20000,10,"2026-08-06 04:58:31","2026-08-06 04:58:45",00:00:14,0.0155
08052358-9434-0139-0000-dc02455adf37,google,organic,"mobile app development company in los angeles",2840,en,,v3/serp/google/organic/live/advanced,20000,10,"2026-08-06 04:58:11","2026-08-06 04:58:29",00:00:18,0.0155
08052357-9434-0139-0000-f116a6dea8c8,google,organic,"los angeles mobile app development",2840,en,,v3/serp/google/organic/live/advanced,20000,10,"2026-08-06 04:57:53","2026-08-06 04:58:09",00:00:16,0.0155
08052357-9434-0139-0000-3b95f895df57,google,organic,"iphone app developers los angeles",2840,en,,v3/serp/google/organic/live/advanced,20000,10,"2026-08-06 04:57:39","2026-08-06 04:57:51",00:00:12,0.0155
08052357-9434-0139-0000-322fd3018675,google,organic,"mobile app development los angeles",2840,en,,v3/serp/google/organic/live/advanced,20000,10,"2026-08-06 04:57:09","2026-08-06 04:57:38",00:00:29,0.0155
08052357-9434-0139-0000-dcd9971350cb,google,organic,"app developer los angeles",2840,en,,v3/serp/google/organic/live/advanced,20000,10,"2026-08-06 04:57:00","2026-08-06 04:57:08",00:00:08,0.0155
08052356-9434-0139-0000-aeea92dd99a0,google,organic,"app development los angeles",2840,en,,v3/serp/google/organic/live/advanced,20000,10,"2026-08-06 04:56:22","2026-08-06 04:56:58",00:00:36,0.0155
08052356-9434-0139-0000-eee1810a110e,google,organic,"app developers in los angeles",2840,en,,v3/serp/google/organic/live/advanced,20000,10,"2026-08-06 04:56:07","2026-08-06 04:56:20",00:00:13,0.0155
08052355-9434-0139-0000-3f1f697ba217,google,organic,"ios app development los angeles",2840,en,,v3/serp/google/organic/live/advanced,20000,10,"2026-08-06 04:55:46","2026-08-06 04:56:04",00:00:18,0.0155
08052355-9434-0139-0000-9a647c98b4c9,google,organic,"app developers los angeles",2840,en,,v3/serp/google/organic/live/advanced,20000,10,"2026-08-06 04:55:30","2026-08-06 04:55:44",00:00:14,0.0155
08052355-9434-0139-0000-f934b15fa367,google,organic,"iphone app development los angeles",2840,en,,v3/serp/google/organic/live/advanced,20000,10,"2026-08-06 04:55:04","2026-08-06 04:55:28",00:00:24,0.0155
08052354-9434-0139-0000-0f0b71d2a3c6,google,organic,"ecommerce website developer",2840,en,,v3/serp/google/organic/live/advanced,20000,10,"2026-08-06 04:54:56","2026-08-06 04:55:03",00:00:07,0.0155
08052354-9434-0139-0000-f3b3f23cdddc,google,organic,"ecommerce website design company",2840,en,,v3/serp/google/organic/live/advanced,20000,10,"2026-08-06 04:54:28","2026-08-06 04:54:54",00:00:26,0.0155
08052353-9434-0139-0000-6f8fe1a60223,google,organic,"ecommerce web design agency",2840,en,,v3/serp/google/organic/live/advanced,20000,10,"2026-08-06 04:53:55","2026-08-06 04:54:25",00:00:30,0.0155
08052353-9434-0139-0000-fbcef23d7cc8,google,organic,"ecommerce web design company",2840,en,,v3/serp/google/organic/live/advanced,20000,10,"2026-08-06 04:53:32","2026-08-06 04:53:53",00:00:21,0.0155
08052353-9434-0139-0000-132f90d4a7f9,google,organic,"ecommerce website development company",2840,en,,v3/serp/google/organic/live/advanced,20000,10,"2026-08-06 04:53:23","2026-08-06 04:53:31",00:00:08,0.0155
08052352-9434-0139-0000-9925a08620d0,google,organic,"ecommerce website development",2840,en,,v3/serp/google/organic/live/advanced,20000,10,"2026-08-06 04:52:56","2026-08-06 04:53:22",00:00:26,0.0155
08052352-9434-0139-0000-e21752ee21c3,google,organic,"custom cms development",2840,en,,v3/serp/google/organic/live/advanced,20000,10,"2026-08-06 04:52:33","2026-08-06 04:52:54",00:00:21,0.0155
08052352-9434-0139-0000-d23195cbbd36,google,organic,"cms website design company",2840,en,,v3/serp/google/organic/live/advanced,20000,10,"2026-08-06 04:52:12","2026-08-06 04:52:31",00:00:19,0.0155
08052351-9434-0139-0000-7da4d04df821,google,organic,"cms development",2840,en,,v3/serp/google/organic/live/advanced,20000,10,"2026-08-06 04:51:52","2026-08-06 04:52:11",00:00:19,0.0155
08052351-9434-0139-0000-7a5646a2deb2,google,organic,"cms website development services",2840,en,,v3/serp/google/organic/live/advanced,20000,9,"2026-08-06 04:51:29","2026-08-06 04:51:50",00:00:21,0.014
08052351-9434-0139-0000-ee9e3543d369,google,organic,"cms development services",2840,en,,v3/serp/google/organic/live/advanced,20000,10,"2026-08-06 04:51:06","2026-08-06 04:51:27",00:00:21,0.0155
08052350-9434-0139-0000-6693c9751476,google,organic,"cms development companies",2840,en,,v3/serp/google/organic/live/advanced,20000,10,"2026-08-06 04:50:56","2026-08-06 04:51:05",00:00:09,0.0155
08052350-9434-0139-0000-ca18a2a89dad,google,organic,"custom cms development services",2840,en,,v3/serp/google/organic/live/advanced,20000,10,"2026-08-06 04:50:36","2026-08-06 04:50:55",00:00:19,0.0155
08052350-9434-0139-0000-728ffd5e0a22,google,organic,"cms website development company",2840,en,,v3/serp/google/organic/live/advanced,20000,10,"2026-08-06 04:50:16","2026-08-06 04:50:34",00:00:18,0.0155
08052349-9434-0139-0000-4d9966fa5271,google,organic,"cms website development companies",2840,en,,v3/serp/google/organic/live/advanced,20000,1,"2026-08-06 04:49:58","2026-08-06 04:50:14",00:00:16,0.002
08052349-9434-0139-0000-afd5b878b584,google,organic,"cms web development services",2840,en,,v3/serp/google/organic/live/advanced,20000,10,"2026-08-06 04:49:49","2026-08-06 04:49:57",00:00:08,0.0155
08052349-9434-0139-0000-8124f18ac484,google,organic,"custom cms development company",2840,en,,v3/serp/google/organic/live/advanced,20000,10,"2026-08-06 04:49:35","2026-08-06 04:49:47",00:00:12,0.0155
08052349-9434-0139-0000-91f4d6f15280,google,organic,"cms development service",2840,en,,v3/serp/google/organic/live/advanced,20000,9,"2026-08-06 04:49:13","2026-08-06 04:49:33",00:00:20,0.014
08052348-9434-0139-0000-5905bb14749e,google,organic,"cms development company",2840,en,,v3/serp/google/organic/live/advanced,20000,10,"2026-08-06 04:48:56","2026-08-06 04:49:11",00:00:15,0.0155
08052348-9434-0139-0000-7030789cf1a8,google,organic,"2d game developer",2840,en,,v3/serp/google/organic/live/advanced,20000,10,"2026-08-06 04:48:31","2026-08-06 04:48:54",00:00:23,0.0155
08052348-9434-0139-0000-b2a38a8f1146,google,organic,"2d game studios",2840,en,,v3/serp/google/organic/live/advanced,20000,10,"2026-08-06 04:48:09","2026-08-06 04:48:29",00:00:20,0.0155
08052347-9434-0139-0000-c98dd73113ed,google,organic,"2d game development",2840,en,,v3/serp/google/organic/live/advanced,20000,9,"2026-08-06 04:47:49","2026-08-06 04:48:09",00:00:20,0.014
08052347-9434-0139-0000-c58e506de819,google,organic,"2D Game Development Company",2840,en,,v3/serp/google/organic/live/advanced,20000,10,"2026-08-06 04:47:36","2026-08-06 04:47:47",00:00:11,0.0155
08052347-9434-0139-0000-c3175b829c1e,google,organic,"web development agency",2840,en,,v3/serp/google/organic/live/advanced,20000,10,"2026-08-06 04:47:16","2026-08-06 04:47:35",00:00:19,0.0155
08052346-9434-0139-0000-d2cf30a6bd65,google,organic,"web development company uk",2826,en,,v3/serp/google/organic/live/advanced,20000,10,"2026-08-06 04:46:56","2026-08-06 04:47:14",00:00:18,0.0155
08052346-9434-0139-0000-73bf7ed9eb85,google,organic,"web development company",2826,en,,v3/serp/google/organic/live/advanced,20000,10,"2026-08-06 04:46:37","2026-08-06 04:46:54",00:00:17,0.0155
08052346-9434-0139-0000-1710c07a7d59,google,organic,"web development service",2826,en,,v3/serp/google/organic/live/advanced,20000,10,"2026-08-06 04:46:12","2026-08-06 04:46:36",00:00:24,0.0155
08052345-9434-0139-0000-3fca07a74bb3,google,organic,"website development company",2826,en,,v3/serp/google/organic/live/advanced,20000,10,"2026-08-06 04:45:53","2026-08-06 04:46:11",00:00:18,0.0155
08052345-9434-0139-0000-1e69b662c182,google,organic,"web development company in uk",2826,en,,v3/serp/google/organic/live/advanced,20000,10,"2026-08-06 04:45:36","2026-08-06 04:45:52",00:00:16,0.0155
08052345-9434-0139-0000-b29e4f36b111,google,organic,"mobile app development company in colorado",2840,en,,v3/serp/google/organic/live/advanced,20000,10,"2026-08-06 04:45:23","2026-08-06 04:45:35",00:00:12,0.0155
08052345-9434-0139-0000-1f69eadcd83e,google,organic,"mobile application development denver",2404,en,,v3/serp/google/organic/live/advanced,20000,10,"2026-08-06 04:45:02","2026-08-06 04:45:21",00:00:19,0.0155
08052344-9434-0139-0000-65ecebe3e58e,google,organic,"denver mobile app development services",2404,en,,v3/serp/google/organic/live/advanced,20000,8,"2026-08-06 04:44:49","2026-08-06 04:45:01",00:00:12,0.0125
08052344-9434-0139-0000-095daba675ab,google,organic,"mobile app development denver",2404,en,,v3/serp/google/organic/live/advanced,20000,10,"2026-08-06 04:44:28","2026-08-06 04:44:48",00:00:20,0.0155
08052344-9434-0139-0000-fd96b133329c,google,organic,"mobile app development companies new york",2840,en,,v3/serp/google/organic/live/advanced,20000,10,"2026-08-06 04:44:15","2026-08-06 04:44:26",00:00:11,0.0155
08052343-9434-0139-0000-dc27160eaa22,google,organic,"iphone app developer cost",2840,en,,v3/serp/google/organic/live/advanced,20000,10,"2026-08-06 04:43:56","2026-08-06 04:44:13",00:00:17,0.0155
08052343-9434-0139-0000-2f42d1df35fb,google,organic,"mobile app development company in nyc",2840,en,,v3/serp/google/organic/live/advanced,20000,10,"2026-08-06 04:43:29","2026-08-06 04:43:55",00:00:26,0.0155
08052343-9434-0139-0000-762b7bb67b45,google,organic,"2d game development services",2840,en,,v3/serp/google/organic/live/advanced,20000,10,"2026-08-06 04:43:04","2026-08-06 04:43:27",00:00:23,0.0155
08052342-9434-0139-0000-24c4f2e48f90,google,organic,"new york mobile app development",2840,en,,v3/serp/google/organic/live/advanced,20000,10,"2026-08-06 04:42:32","2026-08-06 04:43:03",00:00:31,0.0155
08052342-9434-0139-0000-c0e139fcfee2,google,organic,"mobile app development company in san francisco",2840,en,,v3/serp/google/organic/live/advanced,20000,10,"2026-08-06 04:42:12","2026-08-06 04:42:31",00:00:19,0.0155
08052341-9434-0139-0000-3d7017fc7029,google,organic,"what is ai automation agency",2840,en,,v3/serp/google/organic/live/advanced,20000,10,"2026-08-06 04:41:45","2026-08-06 04:42:11",00:00:26,0.0155
08052341-9434-0139-0000-c25bfa43c53f,google,organic,"iphone app development new york",2840,en,,v3/serp/google/organic/live/advanced,20000,10,"2026-08-06 04:41:15","2026-08-06 04:41:44",00:00:29,0.0155
08052340-9434-0139-0000-9f6ce564d12c,google,organic,"mobile app development uk",2840,en,,v3/serp/google/organic/live/advanced,20000,10,"2026-08-06 04:40:55","2026-08-06 04:41:13",00:00:18,0.0155
08052340-9434-0139-0000-2ffcacd6d982,google,organic,"apps like super",2840,en,,v3/serp/google/organic/live/advanced,20000,8,"2026-08-06 04:40:40","2026-08-06 04:40:53",00:00:13,0.0125
08052340-9434-0139-0000-9c13d455c520,google,organic,"flutter app development company",2840,en,,v3/serp/google/organic/live/advanced,20000,10,"2026-08-06 04:40:30","2026-08-06 04:40:40",00:00:10,0.0155
08052340-9434-0139-0000-7fe7d1d1a53b,google,organic,"mobile app developers washington",2840,en,,v3/serp/google/organic/live/advanced,20000,10,"2026-08-06 04:40:22","2026-08-06 04:40:29",00:00:07,0.0155
08052340-9434-0139-0000-c3e6d04da41e,google,organic,"mobile app developers new york",2840,en,,v3/serp/google/organic/live/advanced,20000,10,"2026-08-06 04:40:05","2026-08-06 04:40:20",00:00:15,0.0155
08052339-9434-0139-0000-edb4e6917117,google,organic,"digital marketing services company",2840,en,,v3/serp/google/organic/live/advanced,20000,10,"2026-08-06 04:39:43","2026-08-06 04:40:04",00:00:21,0.0155
08052339-9434-0139-0000-77b84e1795b9,google,organic,"mobile app developer los angeles",2840,en,,v3/serp/google/organic/live/advanced,20000,10,"2026-08-06 04:39:22","2026-08-06 04:39:41",00:00:19,0.0155
08052339-9434-0139-0000-0a3073644a54,google,organic,"offline games for iphone",2840,en,,v3/serp/google/organic/live/advanced,20000,9,"2026-08-06 04:39:07","2026-08-06 04:39:20",00:00:13,0.014
08052338-9434-0139-0000-4380b4c40d2e,google,organic,"platform development services",2840,en,,v3/serp/google/organic/live/advanced,20000,10,"2026-08-06 04:38:39","2026-08-06 04:39:05",00:00:26,0.0155
08052338-9434-0139-0000-9b0a10128c7c,google,organic,"mobile app development companies in uk",2840,en,,v3/serp/google/organic/live/advanced,20000,10,"2026-08-06 04:38:27","2026-08-06 04:38:37",00:00:10,0.0155
08052338-9434-0139-0000-b12605cbe03c,google,organic,"mobile app development companies san francisco",2840,en,,v3/serp/google/organic/live/advanced,20000,10,"2026-08-06 04:38:11","2026-08-06 04:38:25",00:00:14,0.0155
08052337-9434-0139-0000-b2738a8a027e,google,organic,"chicago mobile app developers",2840,en,,v3/serp/google/organic/live/advanced,20000,10,"2026-08-06 04:37:46","2026-08-06 04:38:10",00:00:24,0.0155
08052337-9434-0139-0000-b5feabc71183,google,organic,"custom mvp development",2840,en,,v3/serp/google/organic/live/advanced,20000,10,"2026-08-06 04:37:33","2026-08-06 04:37:45",00:00:12,0.0155
08052337-9434-0139-0000-67289f6ee005,google,organic,"website development service",2840,en,,v3/serp/google/organic/live/advanced,20000,10,"2026-08-06 04:37:12","2026-08-06 04:37:31",00:00:19,0.0155
08052336-9434-0139-0000-0f473634599b,google,organic,"digital marketing agency united states",2840,en,,v3/serp/google/organic/live/advanced,20000,10,"2026-08-06 04:36:56","2026-08-06 04:37:11",00:00:15,0.0155
08052336-9434-0139-0000-6e40d5744295,google,organic,"ai mvp",2840,en,,v3/serp/google/organic/live/advanced,20000,10,"2026-08-06 04:36:24","2026-08-06 04:36:55",00:00:31,0.0155
08052336-9434-0139-0000-0a6add557750,google,organic,"nyc app developers",2840,en,,v3/serp/google/organic/live/advanced,20000,10,"2026-08-06 04:36:07","2026-08-06 04:36:22",00:00:15,0.0155
08052335-9434-0139-0000-825e3bf4b1d1,google,organic,"ecommerce website development services",2840,en,,v3/serp/google/organic/live/advanced,20000,10,"2026-08-06 04:35:31","2026-08-06 04:36:05",00:00:34,0.0155
08052335-9434-0139-0000-fa9282abf3d1,google,organic,"how much money does fortnite have",2840,en,,v3/serp/google/organic/live/advanced,20000,10,"2026-08-06 04:35:22","2026-08-06 04:35:30",00:00:08,0.0155
08052334-9434-0139-0000-53782cbb8142,google,organic,"on demand app development services",2840,en,,v3/serp/google/organic/live/advanced,20000,10,"2026-08-06 04:34:52","2026-08-06 04:35:21",00:00:29,0.0155
08052334-9434-0139-0000-8b635ef3cca4,google,organic,"on demand app development company",2840,en,,v3/serp/google/organic/live/advanced,20000,10,"2026-08-06 04:34:39","2026-08-06 04:34:50",00:00:11,0.0155
08052334-9434-0139-0000-12037ef30a3f,google,organic,"on demand app development",2840,en,,v3/serp/google/organic/live/advanced,20000,10,"2026-08-06 04:34:00","2026-08-06 04:34:37",00:00:37,0.0155
08052333-9434-0139-0000-35a93614ce49,google,organic,"mobile app development company in New York",2458,en,,v3/serp/google/organic/live/advanced,20000,9,"2026-08-06 04:33:11","2026-08-06 04:33:58",00:00:47,0.014
08052332-9434-0139-0000-98841b85c5a6,google,organic,"mobile app development company New York",2458,en,,v3/serp/google/organic/live/advanced,20000,10,"2026-08-06 04:32:57","2026-08-06 04:33:09",00:00:12,0.0155
08052332-9434-0139-0000-ed698bf484b6,google,organic,"app development New York",2458,en,,v3/serp/google/organic/live/advanced,20000,9,"2026-08-06 04:32:30","2026-08-06 04:32:55",00:00:25,0.014
08052332-9434-0139-0000-3d4f6db1bf8b,google,organic,"mobile app developers New York",2458,en,,v3/serp/google/organic/live/advanced,20000,10,"2026-08-06 04:32:04","2026-08-06 04:32:27",00:00:23,0.0155
08052331-9434-0139-0000-360bd8c839fc,google,organic,"app development NYC",2458,en,,v3/serp/google/organic/live/advanced,20000,10,"2026-08-06 04:31:26","2026-08-06 04:32:02",00:00:36,0.0155
08052331-9434-0139-0000-2c69b3326d54,google,organic,"New York app developers",2458,en,,v3/serp/google/organic/live/advanced,20000,9,"2026-08-06 04:31:09","2026-08-06 04:31:24",00:00:15,0.014
08052330-9434-0139-0000-55cfd36a547e,google,organic,"app developers New York",2458,en,,v3/serp/google/organic/live/advanced,20000,9,"2026-08-06 04:30:43","2026-08-06 04:31:08",00:00:25,0.014
08052330-9434-0139-0000-f5a828c29bb0,google,organic,"mobile app development NYC",2458,en,,v3/serp/google/organic/live/advanced,20000,10,"2026-08-06 04:30:33","2026-08-06 04:30:42",00:00:09,0.0155
08052330-9434-0139-0000-36de4c2730a9,google,organic,"app developers chicago",2840,en,,v3/serp/google/organic/live/advanced,20000,10,"2026-08-06 04:30:03","2026-08-06 04:30:31",00:00:28,0.0155
08052329-9434-0139-0000-f81718c3d298,google,organic,"chicago app development company",2840,en,,v3/serp/google/organic/live/advanced,20000,10,"2026-08-06 04:29:51","2026-08-06 04:30:01",00:00:10,0.0155
08052329-9434-0139-0000-09aeb093962f,google,organic,"app development denver",2840,en,,v3/serp/google/organic/live/advanced,20000,10,"2026-08-06 04:29:27","2026-08-06 04:29:49",00:00:22,0.0155
08052329-9434-0139-0000-f94d871cc436,google,organic,"mobile app development nyc",2840,en,,v3/serp/google/organic/live/advanced,20000,10,"2026-08-06 04:29:06","2026-08-06 04:29:25",00:00:19,0.0155
08052328-9434-0139-0000-f7ecb7f055b0,google,organic,"mobile app development company in chicago",2840,en,,v3/serp/google/organic/live/advanced,20000,10,"2026-08-06 04:28:53","2026-08-06 04:29:05",00:00:12,0.0155
08052328-9434-0139-0000-be37e62aaa44,google,organic,"los angeles app development",2840,en,,v3/serp/google/organic/live/advanced,20000,10,"2026-08-06 04:28:45","2026-08-06 04:28:52",00:00:07,0.0155
08052328-9434-0139-0000-ecbde6530fb3,google,organic,"iphone app development cost",2840,en,,v3/serp/google/organic/live/advanced,20000,10,"2026-08-06 04:28:26","2026-08-06 04:28:43",00:00:17,0.0155
08052328-9434-0139-0000-8a49a45b6719,google,organic,"payday loan apps iphone",2840,en,,v3/serp/google/organic/live/advanced,20000,6,"2026-08-06 04:28:20","2026-08-06 04:28:25",00:00:05,0.0095
08052327-9434-0139-0000-7e64120bc47a,google,organic,"houston app developers",2840,en,,v3/serp/google/organic/live/advanced,20000,10,"2026-08-06 04:27:56","2026-08-06 04:28:18",00:00:22,0.0155
08052327-9434-0139-0000-64b290100f7c,google,organic,"how much is fortnite net worth",2840,en,,v3/serp/google/organic/live/advanced,20000,10,"2026-08-06 04:27:40","2026-08-06 04:27:54",00:00:14,0.0155
08052327-9434-0139-0000-d663d8a5b324,google,organic,"ecommerce web development",2840,en,,v3/serp/google/organic/live/advanced,20000,10,"2026-08-06 04:27:19","2026-08-06 04:27:38",00:00:19,0.0155
08052326-9434-0139-0000-da1725029ed4,google,organic,"mobile application development uk",2840,en,,v3/serp/google/organic/live/advanced,20000,10,"2026-08-06 04:26:45","2026-08-06 04:27:17",00:00:32,0.0155
08052326-9434-0139-0000-6b818652a83e,google,organic,"digital marketing agencies usa",2840,en,,v3/serp/google/organic/live/advanced,20000,10,"2026-08-06 04:26:31","2026-08-06 04:26:44",00:00:13,0.0155
08052326-9434-0139-0000-8481f713faaf,google,organic,"chicago mobile app development",2840,en,,v3/serp/google/organic/live/advanced,20000,10,"2026-08-06 04:26:09","2026-08-06 04:26:30",00:00:21,0.0155
08052326-9434-0139-0000-a5999201b807,google,organic,"how much money does fortnite make",2840,en,,v3/serp/google/organic/live/advanced,20000,10,"2026-08-06 04:26:01","2026-08-06 04:26:08",00:00:07,0.0155
08052325-9434-0139-0000-2af7cc687551,google,organic,"healthcare mobile app development",2840,en,,v3/serp/google/organic/live/advanced,20000,10,"2026-08-06 04:25:37","2026-08-06 04:26:00",00:00:23,0.0155
08052325-9434-0139-0000-ea119d47a6e1,google,organic,"mobile application development new york",2840,en,,v3/serp/google/organic/live/advanced,20000,10,"2026-08-06 04:25:14","2026-08-06 04:25:34",00:00:20,0.0155
08052324-9434-0139-0000-53f86f9bb283,google,organic,"app developers nyc",2840,en,,v3/serp/google/organic/live/advanced,20000,10,"2026-08-06 04:24:57","2026-08-06 04:25:12",00:00:15,0.0155
08052324-9434-0139-0000-54283dbd42b3,google,organic,"mobile app development company",2682,ar,,v3/serp/google/organic/live/advanced,20000,10,"2026-08-06 04:24:43","2026-08-06 04:24:56",00:00:13,0.0155
08052324-9434-0139-0000-12b33b5f1b42,google,organic,"moneylion competitors",2840,en,,v3/serp/google/organic/live/advanced,20000,10,"2026-08-06 04:24:23","2026-08-06 04:24:40",00:00:17,0.0155
08052324-9434-0139-0000-11e318a765ab,google,organic,"app development chicago",2840,en,,v3/serp/google/organic/live/advanced,20000,10,"2026-08-06 04:24:05","2026-08-06 04:24:21",00:00:16,0.0155
08052323-9434-0139-0000-cc3ff3b3b27d,google,organic,"free currency converter app",2840,en,,v3/serp/google/organic/live/advanced,20000,10,"2026-08-06 04:23:58","2026-08-06 04:24:05",00:00:07,0.0155
08052323-9434-0139-0000-611cd8832712,google,organic,"sites like frontpay",2840,en,,v3/serp/google/organic/live/advanced,20000,9,"2026-08-06 04:23:44","2026-08-06 04:23:56",00:00:12,0.014
08052322-9434-0139-0000-79b7707d27e6,google,organic,"fortnite annual revenue",2840,en,,v3/serp/google/organic/live/advanced,20000,8,"2026-08-06 04:22:59","2026-08-06 04:23:42",00:00:43,0.0125
08052322-9434-0139-0000-eccad1df74ea,google,organic,"apps like oneblinc",2840,en,,v3/serp/google/organic/live/advanced,20000,9,"2026-08-06 04:22:42","2026-08-06 04:22:57",00:00:15,0.014
08052322-9434-0139-0000-4cc3d1494732,google,organic,"uber like app development cost",2840,en,,v3/serp/google/organic/live/advanced,20000,8,"2026-08-06 04:22:24","2026-08-06 04:22:41",00:00:17,0.0125
08052322-9434-0139-0000-e6ab0f4241de,google,organic,"mobile app development company los angeles",2840,en,,v3/serp/google/organic/live/advanced,20000,10,"2026-08-06 04:22:07","2026-08-06 04:22:23",00:00:16,0.0155
08052321-9434-0139-0000-91cf4cf3bfa0,google,organic,"mobile app developer new york",2840,en,,v3/serp/google/organic/live/advanced,20000,10,"2026-08-06 04:21:57","2026-08-06 04:22:05",00:00:08,0.0155
08052321-9434-0139-0000-8087cbd9842a,google,organic,"digital marketing service provider",2840,en,,v3/serp/google/organic/live/advanced,20000,10,"2026-08-06 04:21:30","2026-08-06 04:21:55",00:00:25,0.0155
08052321-9434-0139-0000-2206a70b4245,google,organic,"ai automation agency services",2840,en,,v3/serp/google/organic/live/advanced,20000,10,"2026-08-06 04:21:17","2026-08-06 04:21:28",00:00:11,0.0155
08052321-9434-0139-0000-7fcf9911e9e5,google,organic,"tekrevol careers",2840,en,,v3/serp/google/organic/live/advanced,20000,10,"2026-08-06 04:21:07","2026-08-06 04:21:16",00:00:09,0.0155
08052320-9434-0139-0000-725c8fb50a8d,google,organic,"app development new york",2840,en,,v3/serp/google/organic/live/advanced,20000,10,"2026-08-06 04:20:37","2026-08-06 04:21:05",00:00:28,0.0155
08052320-9434-0139-0000-8f2ffaf1cc33,google,organic,"music app developer",2840,en,,v3/serp/google/organic/live/advanced,20000,10,"2026-08-06 04:20:15","2026-08-06 04:20:35",00:00:20,0.0155
08052319-9434-0139-0000-c7461114ca63,google,organic,"moneylion alternative",2840,en,,v3/serp/google/organic/live/advanced,20000,10,"2026-08-06 04:19:51","2026-08-06 04:20:13",00:00:22,0.0155
08052319-9434-0139-0000-7541a302f84d,google,organic,"how much has fortnite made in total",2840,en,,v3/serp/google/organic/live/advanced,20000,10,"2026-08-06 04:19:26","2026-08-06 04:19:49",00:00:23,0.0155
08052319-9434-0139-0000-bee00393964a,google,organic,"mobile app development company",2826,en,,v3/serp/google/organic/live/advanced,20000,10,"2026-08-06 04:19:09","2026-08-06 04:19:24",00:00:15,0.0155
08052318-9434-0139-0000-c850bda84bf5,google,organic,"app development company",2826,en,,v3/serp/google/organic/live/advanced,20000,10,"2026-08-06 04:18:50","2026-08-06 04:19:08",00:00:18,0.0155
08052318-9434-0139-0000-2b9f0c40e713,google,organic,"mobile app development california",2840,en,,v3/serp/google/organic/live/advanced,20000,10,"2026-08-06 04:18:38","2026-08-06 04:18:48",00:00:10,0.0155
08052318-9434-0139-0000-92414859c0b3,google,organic,"mobile app development chicago",2840,en,,v3/serp/google/organic/live/advanced,20000,10,"2026-08-06 04:18:19","2026-08-06 04:18:37",00:00:18,0.0155
08052317-9434-0139-0000-664ad2c4d315,google,organic,"most popular mobile games",2840,en,,v3/serp/google/organic/live/advanced,20000,10,"2026-08-06 04:17:51","2026-08-06 04:18:17",00:00:26,0.0155
08052317-9434-0139-0000-abcd8500141c,google,organic,"mobile app development washington dc",2840,en,,v3/serp/google/organic/live/advanced,20000,10,"2026-08-06 04:17:23","2026-08-06 04:17:49",00:00:26,0.0155
08052316-9434-0139-0000-9f0c1c1b175a,google,organic,"how much money is fortnite worth",2840,en,,v3/serp/google/organic/live/advanced,20000,10,"2026-08-06 04:16:53","2026-08-06 04:17:21",00:00:28,0.0155
08052316-9434-0139-0000-283fb0d4f9b7,google,organic,"app developers manchester",2840,en,,v3/serp/google/organic/live/advanced,20000,8,"2026-08-06 04:16:35","2026-08-06 04:16:51",00:00:16,0.0125
08052315-9434-0139-0000-c36e2d4b6c48,google,organic,"mobile app development company in uk",2840,en,,v3/serp/google/organic/live/advanced,20000,10,"2026-08-06 04:15:55","2026-08-06 04:16:14",00:00:19,0.0155
08052315-9434-0139-0000-9d761540a416,google,organic,"app development company in usa",2840,en,,v3/serp/google/organic/live/advanced,20000,10,"2026-08-06 04:15:44","2026-08-06 04:15:54",00:00:10,0.0155
08052315-9434-0139-0000-311eb48d1da6,google,organic,"mobile app development company in usa",2840,en,,v3/serp/google/organic/live/advanced,20000,10,"2026-08-06 04:15:33","2026-08-06 04:15:43",00:00:10,0.0155
08052315-9434-0139-0000-ecc9f479868b,google,organic,"mobile app development company usa",2840,en,,v3/serp/google/organic/live/advanced,20000,10,"2026-08-06 04:15:12","2026-08-06 04:15:33",00:00:21,0.0155
08052314-9434-0139-0000-524ddb0c9fa4,google,organic,"mobile application development agency",2840,en,,v3/serp/google/organic/live/advanced,20000,10,"2026-08-06 04:14:57","2026-08-06 04:15:11",00:00:14,0.0155
08052314-9434-0139-0000-cbe6dd1fa501,google,organic,"mobile app development agency",2840,en,,v3/serp/google/organic/live/advanced,20000,10,"2026-08-06 04:14:48","2026-08-06 04:14:56",00:00:08,0.0155
08052314-9434-0139-0000-81b0ceeff643,google,organic,"mobile apps development company",2840,en,,v3/serp/google/organic/live/advanced,20000,10,"2026-08-06 04:14:33","2026-08-06 04:14:46",00:00:13,0.0155
08052314-9434-0139-0000-a3f7eb50a021,google,organic,"apps development company",2840,en,,v3/serp/google/organic/live/advanced,20000,10,"2026-08-06 04:14:13","2026-08-06 04:14:32",00:00:19,0.0155
08052313-9434-0139-0000-79a8d6006588,google,organic,"application development company",2840,en,,v3/serp/google/organic/live/advanced,20000,10,"2026-08-06 04:13:58","2026-08-06 04:14:11",00:00:13,0.0155
08052313-9434-0139-0000-19d9e5f76065,google,organic,"mobile application development company",2840,en,,v3/serp/google/organic/live/advanced,20000,10,"2026-08-06 04:13:33","2026-08-06 04:13:56",00:00:23,0.0155
08052312-9434-0139-0000-599542c462e5,google,organic,"app development company",2840,en,,v3/serp/google/organic/live/advanced,20000,10,"2026-08-06 04:12:54","2026-08-06 04:13:20",00:00:26,0.0155
08052312-9434-0139-0000-8bb5ff8f0a60,google,organic,"cloud application development services",2840,en,,v3/serp/google/organic/live/advanced,20000,10,"2026-08-06 04:12:43","2026-08-06 04:12:53",00:00:10,0.0155
08052312-9434-0139-0000-e286663556d4,google,organic,"ecommerce web design services",2840,en,,v3/serp/google/organic/live/advanced,20000,10,"2026-08-06 04:12:19","2026-08-06 04:12:41",00:00:22,0.0155
08052311-9434-0139-0000-64fba314993e,google,organic,"music app developers",2840,en,,v3/serp/google/organic/live/advanced,20000,10,"2026-08-06 04:11:48","2026-08-06 04:12:18",00:00:30,0.0155
08052311-9434-0139-0000-fdc5775e6e54,google,organic,"how many apps are created a day",2840,en,,v3/serp/google/organic/live/advanced,20000,9,"2026-08-06 04:11:29","2026-08-06 04:11:46",00:00:17,0.014
08052311-9434-0139-0000-2457bc804e0e,google,organic,"app developers in chicago",2840,en,,v3/serp/google/organic/live/advanced,20000,10,"2026-08-06 04:11:12","2026-08-06 04:11:28",00:00:16,0.0155
08052310-9434-0139-0000-431e6699cb58,google,organic,"how many apps are downloaded a day",2840,en,,v3/serp/google/organic/live/advanced,20000,8,"2026-08-06 04:10:51","2026-08-06 04:11:07",00:00:16,0.0125
08052310-9434-0139-0000-e4e8636302e6,google,organic,"website development company",2840,en,,v3/serp/google/organic/live/advanced,20000,10,"2026-08-06 04:10:42","2026-08-06 04:10:50",00:00:08,0.0155
08052310-9434-0139-0000-7a6689d6f3d5,google,organic,"mobile app development companies in los angeles",2840,en,,v3/serp/google/organic/live/advanced,20000,10,"2026-08-06 04:10:27","2026-08-06 04:10:40",00:00:13,0.0155
08052310-9434-0139-0000-b6d68f2ebebc,google,organic,"web development company",2840,en,,v3/serp/google/organic/live/advanced,20000,10,"2026-08-06 04:10:11","2026-08-06 04:10:23",00:00:12,0.0155
08052309-9434-0139-0000-9998726679b9,google,organic,"does earnin work with varo",2840,en,,v3/serp/google/organic/live/advanced,20000,10,"2026-08-06 04:09:26","2026-08-06 04:10:09",00:00:43,0.0155
08052309-9434-0139-0000-d0d10279013b,google,organic,"custom crm development company",2840,en,,v3/serp/google/organic/live/advanced,20000,10,"2026-08-06 04:09:01","2026-08-06 04:09:24",00:00:23,0.0155
08052308-9434-0139-0000-e81ca70da6a9,google,organic,"how much money does fortnite make a day",2840,en,,v3/serp/google/organic/live/advanced,20000,10,"2026-08-06 04:08:46","2026-08-06 04:08:59",00:00:13,0.0155
08052308-9434-0139-0000-e670d7b30863,google,organic,tekrevol,2840,en,,v3/serp/google/organic/live/advanced,20000,10,"2026-08-06 04:08:25","2026-08-06 04:08:45",00:00:20,0.0155
08052308-9434-0139-0000-3e6c3f2e4f01,google,organic,"mobile app development companies uk",2840,en,,v3/serp/google/organic/live/advanced,20000,8,"2026-08-06 04:08:17","2026-08-06 04:08:24",00:00:07,0.0125
08052307-9434-0139-0000-f2227a26a81b,google,organic,"mobile app developers uk",2840,en,,v3/serp/google/organic/live/advanced,20000,10,"2026-08-06 04:07:58","2026-08-06 04:08:15",00:00:17,0.0155
08052307-9434-0139-0000-4dd61134935d,google,organic,"mobile app development company new york",2840,en,,v3/serp/google/organic/live/advanced,20000,10,"2026-08-06 04:07:34","2026-08-06 04:07:57",00:00:23,0.0155
08052307-9434-0139-0000-2f2322852299,google,organic,"online digital marketing agency",2840,en,,v3/serp/google/organic/live/advanced,20000,10,"2026-08-06 04:07:18","2026-08-06 04:07:32",00:00:14,0.0155
08052307-9434-0139-0000-1779e4e124e7,google,organic,"custom web development services",2840,en,,v3/serp/google/organic/live/advanced,20000,10,"2026-08-06 04:07:04","2026-08-06 04:07:16",00:00:12,0.0155
08052306-9434-0139-0000-96f6dc953a14,google,organic,"fortnite lifetime revenue",2840,en,,v3/serp/google/organic/live/advanced,20000,10,"2026-08-06 04:06:47","2026-08-06 04:07:02",00:00:15,0.0155
08052306-9434-0139-0000-a77569b9bc79,google,organic,"software development examples",2840,en,,v3/serp/google/organic/live/advanced,20000,10,"2026-08-06 04:06:29","2026-08-06 04:06:45",00:00:16,0.0155
08052306-9434-0139-0000-3035fe6a1b62,google,organic,"fortnite sales",2840,en,,v3/serp/google/organic/live/advanced,20000,10,"2026-08-06 04:06:09","2026-08-06 04:06:28",00:00:19,0.0155
08052305-9434-0139-0000-2a1e514c6f9b,google,organic,"custom ios app development company",2840,en,,v3/serp/google/organic/live/advanced,20000,10,"2026-08-06 04:05:36","2026-08-06 04:06:07",00:00:31,0.0155
08052305-9434-0139-0000-3fc3994c2cd6,google,organic,"ios mobile app development company",2840,en,,v3/serp/google/organic/live/advanced,20000,10,"2026-08-06 04:05:24","2026-08-06 04:05:34",00:00:10,0.0155
08052305-9434-0139-0000-6ec0baeaba36,google,organic,"ios app development cost",2840,en,,v3/serp/google/organic/live/advanced,20000,10,"2026-08-06 04:05:06","2026-08-06 04:05:22",00:00:16,0.0155
08052304-9434-0139-0000-5faea84959d5,google,organic,"how much money does fortnite make a second",2840,en,,v3/serp/google/organic/live/advanced,20000,10,"2026-08-06 04:04:52","2026-08-06 04:05:04",00:00:12,0.0155
08052304-9434-0139-0000-10117696b624,google,organic,"mobile app development company uk",2840,en,,v3/serp/google/organic/live/advanced,20000,9,"2026-08-06 04:04:31","2026-08-06 04:04:50",00:00:19,0.014
08052304-9434-0139-0000-ff82309fe996,google,organic,"iphone app development services",2840,en,,v3/serp/google/organic/live/advanced,20000,10,"2026-08-06 04:04:16","2026-08-06 04:04:30",00:00:14,0.0155
08052303-9434-0139-0000-f14e942e3803,google,organic,"ios app development services",2840,en,,v3/serp/google/organic/live/advanced,20000,10,"2026-08-06 04:03:50","2026-08-06 04:04:15",00:00:25,0.0155
08052303-9434-0139-0000-73d8e5890bee,google,organic,"iphone app development company",2840,en,,v3/serp/google/organic/live/advanced,20000,10,"2026-08-06 04:03:25","2026-08-06 04:03:45",00:00:20,0.0155
08052303-9434-0139-0000-39d3c7492a13,google,organic,"ios app development company",2840,en,,v3/serp/google/organic/live/advanced,20000,10,"2026-08-06 04:03:16","2026-08-06 04:03:24",00:00:08,0.0155
08052302-9434-0139-0000-e94347032ce2,google,organic,"ios application development company",2840,en,,v3/serp/google/organic/live/advanced,20000,10,"2026-08-06 04:02:54","2026-08-06 04:03:14",00:00:20,0.0155
08052302-9434-0139-0000-44c530b14ddf,google,organic,"mobile app company uk",2840,en,,v3/serp/google/organic/live/advanced,20000,9,"2026-08-06 04:02:45","2026-08-06 04:02:52",00:00:07,0.014
08052302-9434-0139-0000-34f6853b9c0a,google,organic,"tekrevol houston",2840,en,,v3/serp/google/organic/live/advanced,20000,10,"2026-08-06 04:02:36","2026-08-06 04:02:42",00:00:06,0.0155
08052302-9434-0139-0000-a2c40eabc3a4,google,organic,"mobile app development company in chicago",2392,en,,v3/serp/google/organic/live/advanced,20000,6,"2026-08-06 04:02:26","2026-08-06 04:02:35",00:00:09,0.0095
08052302-9434-0139-0000-ae811679cf67,google,organic,"how much did gta 6 cost to make",2840,en,,v3/serp/google/organic/live/advanced,20000,10,"2026-08-06 04:02:12","2026-08-06 04:02:22",00:00:10,0.0155
08052301-9434-0139-0000-c2e052a96ab1,google,organic,"chicago app development company",2392,en,,v3/serp/google/organic/live/advanced,20000,7,"2026-08-06 04:01:53","2026-08-06 04:02:11",00:00:18,0.011
08052301-9434-0139-0000-f2ef919e1b8c,google,organic,"how much money does fortnite make a year",2840,en,,v3/serp/google/organic/live/advanced,20000,10,"2026-08-06 04:01:39","2026-08-06 04:01:51",00:00:12,0.0155
08052301-9434-0139-0000-d0861ac9e6c8,google,organic,"mobile app development company",2840,en,,v3/serp/google/organic/live/advanced,20000,10,"2026-08-06 04:01:17","2026-08-06 04:01:37",00:00:20,0.0155
08052300-9434-0139-0000-43789839b12b,google,organic,"chicago app developers",2392,en,,v3/serp/google/organic/live/advanced,20000,6,"2026-08-06 04:00:59","2026-08-06 04:01:16",00:00:17,0.0095
08052300-9434-0139-0000-2a1b0c5f652c,google,organic,"chicago app development",2392,en,,v3/serp/google/organic/live/advanced,20000,7,"2026-08-06 04:00:38","2026-08-06 04:00:50",00:00:12,0.011
08052300-9434-0139-0000-1962a06cb692,google,organic,"app developers chicago",2392,en,,v3/serp/google/organic/live/advanced,20000,6,"2026-08-06 04:00:09","2026-08-06 04:00:36",00:00:27,0.0095
08052259-9434-0139-0000-3c13eb9e63db,google,organic,"app development chicago",2392,en,,v3/serp/google/organic/live/advanced,20000,8,"2026-08-06 03:59:54","2026-08-06 04:00:07",00:00:13,0.0125
08052259-9434-0139-0000-973fac203c27,google,organic,"mobile app development company chicago",2392,en,,v3/serp/google/organic/live/advanced,20000,7,"2026-08-06 03:59:19","2026-08-06 03:59:52",00:00:33,0.011
08052259-9434-0139-0000-fcbfbb9f7c3b,google,organic,"chicago mobile app development",2392,en,,v3/serp/google/organic/live/advanced,20000,6,"2026-08-06 03:59:14","2026-08-06 03:59:18",00:00:04,0.0095
08052258-9434-0139-0000-c0e8d809f8fc,google,organic,"mobile app development companies los angeles",2840,en,,v3/serp/google/organic/live/advanced,20000,10,"2026-08-06 03:58:51","2026-08-06 03:59:12",00:00:21,0.0155
08052258-9434-0139-0000-260b433b5b2d,google,organic,"reddit alternatives",2840,en,,v3/serp/google/organic/live/advanced,20000,10,"2026-08-06 03:58:24","2026-08-06 03:58:49",00:00:25,0.0155
08052258-9434-0139-0000-87593b008bb8,google,organic,"development software examples",2840,en,,v3/serp/google/organic/live/advanced,20000,10,"2026-08-06 03:58:04","2026-08-06 03:58:23",00:00:19,0.0155
08052257-9434-0139-0000-e110bc1d2d55,google,organic,"2d game development company",2840,en,,v3/serp/google/organic/live/advanced,20000,10,"2026-08-06 03:57:51","2026-08-06 03:58:03",00:00:12,0.0155
08052257-9434-0139-0000-2d2c1152e6ed,google,organic,"mobile game revenue by genre",2840,en,,v3/serp/google/organic/live/advanced,20000,10,"2026-08-06 03:57:25","2026-08-06 03:57:49",00:00:24,0.0155
08052257-9434-0139-0000-406b187010f1,google,organic,"how much does fortnite make a day",2840,en,,v3/serp/google/organic/live/advanced,20000,10,"2026-08-06 03:57:15","2026-08-06 03:57:24",00:00:09,0.0155
08052256-9434-0139-0000-edc6850b8d8e,google,organic,"mobile app development companies in washington dc",2840,en,,v3/serp/google/organic/live/advanced,20000,10,"2026-08-06 03:56:55","2026-08-06 03:57:13",00:00:18,0.0155
08052256-9434-0139-0000-df47babd84cf,google,organic,"how does klarna make money",2840,en,,v3/serp/google/organic/live/advanced,20000,10,"2026-08-06 03:56:21","2026-08-06 03:56:53",00:00:32,0.0155
08052256-9434-0139-0000-700174895f21,google,organic,"how much has fortnite made",2840,en,,v3/serp/google/organic/live/advanced,20000,10,"2026-08-06 03:56:13","2026-08-06 03:56:20",00:00:07,0.0155
08052255-9434-0139-0000-001a72dc41e9,google,organic,"digital marketing in usa",2840,en,,v3/serp/google/organic/live/advanced,20000,10,"2026-08-06 03:55:49","2026-08-06 03:56:11",00:00:22,0.0155
08052255-9434-0139-0000-7b46cae0e3b2,google,organic,"reddit alternative",2840,en,,v3/serp/google/organic/live/advanced,20000,10,"2026-08-06 03:55:24","2026-08-06 03:55:47",00:00:23,0.0155
08052255-9434-0139-0000-50fbc17c4992,google,organic,"what is fortnite worth",2840,en,,v3/serp/google/organic/live/advanced,20000,10,"2026-08-06 03:55:09","2026-08-06 03:55:21",00:00:12,0.0155
08052254-9434-0139-0000-8ca506e7a97d,google,organic,"mobile app development company in saudi arabia",2840,en,,v3/serp/google/organic/live/advanced,20000,10,"2026-08-06 03:54:39","2026-08-06 03:55:07",00:00:28,0.0155
08052254-9434-0139-0000-857b80fcaf7f,google,organic,"software development example",2840,en,,v3/serp/google/organic/live/advanced,20000,10,"2026-08-06 03:54:30","2026-08-06 03:54:38",00:00:08,0.0155
08052253-9434-0139-0000-16f50bf85ccf,google,organic,"hard launch vs soft launch",2840,en,,v3/serp/google/organic/live/advanced,20000,10,"2026-08-06 03:53:52","2026-08-06 03:54:28",00:00:36,0.0155
08052253-9434-0139-0000-b1184e2bbe59,google,organic,"app development company chicago",2840,en,,v3/serp/google/organic/live/advanced,20000,10,"2026-08-06 03:53:31","2026-08-06 03:53:50",00:00:19,0.0155
08052253-9434-0139-0000-190f2b717d4b,google,organic,"crm development service",2840,en,,v3/serp/google/organic/live/advanced,20000,10,"2026-08-06 03:53:06","2026-08-06 03:53:29",00:00:23,0.0155
08052252-9434-0139-0000-8a1e1f70d0b7,google,organic,"web development service",2840,en,,v3/serp/google/organic/live/advanced,20000,10,"2026-08-06 03:52:35","2026-08-06 03:53:04",00:00:29,0.0155
08052252-9434-0139-0000-f3f742e12f34,google,organic,"professional web development services",2840,en,,v3/serp/google/organic/live/advanced,20000,10,"2026-08-06 03:52:09","2026-08-06 03:52:33",00:00:24,0.0155
08052251-9434-0139-0000-5bee54c1acbe,google,organic,"app developers in dc",2840,en,,v3/serp/google/organic/live/advanced,20000,9,"2026-08-06 03:51:55","2026-08-06 03:52:07",00:00:12,0.014
08052251-9434-0139-0000-9b8e5f99a7bd,google,organic,"gta 6 budget",2840,en,,v3/serp/google/organic/live/advanced,20000,10,"2026-08-06 03:51:32","2026-08-06 03:51:53",00:00:21,0.0155
08052251-9434-0139-0000-64ce9615758a,google,organic,"mobile app development company chicago",2840,en,,v3/serp/google/organic/live/advanced,20000,10,"2026-08-06 03:51:10","2026-08-06 03:51:30",00:00:20,0.0155
08052251-9434-0139-0000-687459ca89b5,google,organic,"e-commerce application development",2840,en,,v3/serp/google/organic/live/advanced,20000,10,"2026-08-06 03:51:00","2026-08-06 03:51:09",00:00:09,0.0155
08052250-9434-0139-0000-43939480ee10,google,organic,"ecommerce app developer",2840,en,,v3/serp/google/organic/live/advanced,20000,10,"2026-08-06 03:50:47","2026-08-06 03:50:59",00:00:12,0.0155
08052250-9434-0139-0000-f320f03909bb,google,organic,"ecommerce application development services",2840,en,,v3/serp/google/organic/live/advanced,20000,10,"2026-08-06 03:50:30","2026-08-06 03:50:45",00:00:15,0.0155
08052249-9434-0139-0000-f336446b3940,google,organic,"e commerce mobile app development company",2840,en,,v3/serp/google/organic/live/advanced,20000,10,"2026-08-06 03:49:56","2026-08-06 03:50:25",00:00:29,0.0155
08052249-9434-0139-0000-3ca00b60a1d3,google,organic,"ecommerce application development company",2840,en,,v3/serp/google/organic/live/advanced,20000,10,"2026-08-06 03:49:48","2026-08-06 03:49:55",00:00:07,0.0155
08052249-9434-0139-0000-af87e0e059a4,google,organic,"mobile ecommerce app development",2840,en,,v3/serp/google/organic/live/advanced,20000,10,"2026-08-06 03:49:28","2026-08-06 03:49:45",00:00:17,0.0155
08052248-9434-0139-0000-f11bdf294393,google,organic,"ecommerce mobile app development",2840,en,,v3/serp/google/organic/live/advanced,20000,10,"2026-08-06 03:48:55","2026-08-06 03:49:26",00:00:31,0.0155
08052248-9434-0139-0000-81c05968a6e7,google,organic,"ecommerce application development",2840,en,,v3/serp/google/organic/live/advanced,20000,10,"2026-08-06 03:48:34","2026-08-06 03:48:53",00:00:19,0.0155
08052248-9434-0139-0000-45e2816c1426,google,organic,"ecommerce app development",2840,en,,v3/serp/google/organic/live/advanced,20000,10,"2026-08-06 03:48:24","2026-08-06 03:48:33",00:00:09,0.0155
08052248-9434-0139-0000-1c3a2ac1752b,google,organic,"custom android app development",2840,en,,v3/serp/google/organic/live/advanced,20000,10,"2026-08-06 03:48:03","2026-08-06 03:48:22",00:00:19,0.0155
08052247-9434-0139-0000-ecac7c45ed09,google,organic,"android application development agency",2840,en,,v3/serp/google/organic/live/advanced,20000,10,"2026-08-06 03:47:45","2026-08-06 03:48:01",00:00:16,0.0155
08052247-9434-0139-0000-29b5c303544a,google,organic,"custom android app development company",2840,en,,v3/serp/google/organic/live/advanced,20000,10,"2026-08-06 03:47:21","2026-08-06 03:47:42",00:00:21,0.0155
08052246-9434-0139-0000-f897a582d241,google,organic,"android mobile app development company",2840,en,,v3/serp/google/organic/live/advanced,20000,10,"2026-08-06 03:46:47","2026-08-06 03:47:19",00:00:32,0.0155
08052246-9434-0139-0000-480fc78d5f43,google,organic,"android app development agency",2840,en,,v3/serp/google/organic/live/advanced,20000,10,"2026-08-06 03:46:23","2026-08-06 03:46:46",00:00:23,0.0155
08052245-9434-0139-0000-2913ba692b75,google,organic,"android application development services",2840,en,,v3/serp/google/organic/live/advanced,20000,10,"2026-08-06 03:45:41","2026-08-06 03:46:20",00:00:39,0.0155
08052245-9434-0139-0000-475bc2c14636,google,organic,"android application development company",2840,en,,v3/serp/google/organic/live/advanced,20000,10,"2026-08-06 03:45:10","2026-08-06 03:45:38",00:00:28,0.0155
08052244-9434-0139-0000-36ecee61b681,google,organic,"android development services",2840,en,,v3/serp/google/organic/live/advanced,20000,10,"2026-08-06 03:44:47","2026-08-06 03:45:08",00:00:21,0.0155
08052244-9434-0139-0000-4ff507532cb7,google,organic,"android app development services",2840,en,,v3/serp/google/organic/live/advanced,20000,10,"2026-08-06 03:44:26","2026-08-06 03:44:45",00:00:19,0.0155
08052244-9434-0139-0000-0a982a7f6037,google,organic,"android apps development services",2840,en,,v3/serp/google/organic/live/advanced,20000,10,"2026-08-06 03:44:05","2026-08-06 03:44:24",00:00:19,0.0155
08052243-9434-0139-0000-68ba6b2af3a5,google,organic,"android app development company",2840,en,,v3/serp/google/organic/live/advanced,20000,10,"2026-08-06 03:43:21","2026-08-06 03:43:39",00:00:18,0.0155
08052243-9434-0139-0000-c9bdbf72383f,google,organic,"mobile game app developer",2840,en,,v3/serp/google/organic/live/advanced,20000,10,"2026-08-06 03:43:02","2026-08-06 03:43:19",00:00:17,0.0155
08052242-9434-0139-0000-9200244912ed,google,organic,"mobile game development agency",2840,en,,v3/serp/google/organic/live/advanced,20000,10,"2026-08-06 03:42:35","2026-08-06 03:43:01",00:00:26,0.0155
08052242-9434-0139-0000-7d03dd98077e,google,organic,"mobile game app development company",2840,en,,v3/serp/google/organic/live/advanced,20000,10,"2026-08-06 03:42:10","2026-08-06 03:42:33",00:00:23,0.0155
08052241-9434-0139-0000-c44468c4566b,google,organic,"mobile game developer",2840,en,,v3/serp/google/organic/live/advanced,20000,10,"2026-08-06 03:41:41","2026-08-06 03:42:09",00:00:28,0.0155
08052241-9434-0139-0000-150618cd44d1,google,organic,"mobile game development services",2840,en,,v3/serp/google/organic/live/advanced,20000,10,"2026-08-06 03:41:16","2026-08-06 03:41:39",00:00:23,0.0155
08052241-9434-0139-0000-8b03730f9a92,google,organic,"mobile app development",2840,en,,v3/serp/google/organic/live/advanced,20000,10,"2026-08-06 03:41:07","2026-08-06 03:41:15",00:00:08,0.0155
08052240-9434-0139-0000-c5eda8aca7b4,google,organic,"game app developers",2840,en,,v3/serp/google/organic/live/advanced,20000,10,"2026-08-06 03:40:53","2026-08-06 03:41:05",00:00:12,0.0155
08052240-9434-0139-0000-208061f73e63,google,organic,"Game Development Services",2840,en,,v3/serp/google/organic/live/advanced,20000,10,"2026-08-06 03:40:38","2026-08-06 03:40:49",00:00:11,0.0155
08052240-9434-0139-0000-428210d9d345,google,organic,"mobile game development companies",2840,en,,v3/serp/google/organic/live/advanced,20000,10,"2026-08-06 03:40:30","2026-08-06 03:40:37",00:00:07,0.0155
08052240-9434-0139-0000-b12ce015350b,google,organic,"game app development company",2840,en,,v3/serp/google/organic/live/advanced,20000,10,"2026-08-06 03:40:11","2026-08-06 03:40:29",00:00:18,0.0155
08052239-9434-0139-0000-bac52069b004,google,organic,"mobile game development company",2840,en,,v3/serp/google/organic/live/advanced,20000,10,"2026-08-06 03:39:40","2026-08-06 03:40:09",00:00:29,0.0155
08052239-9434-0139-0000-4bf339ca9fa9,google,organic,"mobile health app developers",2840,en,,v3/serp/google/organic/live/advanced,20000,10,"2026-08-06 03:39:32","2026-08-06 03:39:39",00:00:07,0.0155
08052239-9434-0139-0000-42989a66cf9b,google,organic,"medical app developers",2840,en,,v3/serp/google/organic/live/advanced,20000,10,"2026-08-06 03:39:10","2026-08-06 03:39:30",00:00:20,0.0155
08052238-9434-0139-0000-f130e988607c,google,organic,"healthcare mobile application development",2840,en,,v3/serp/google/organic/live/advanced,20000,10,"2026-08-06 03:38:49","2026-08-06 03:39:08",00:00:19,0.0155
08052238-9434-0139-0000-528586a4d28a,google,organic,"medical app development",2840,en,,v3/serp/google/organic/live/advanced,20000,10,"2026-08-06 03:38:33","2026-08-06 03:38:47",00:00:14,0.0155
08052238-9434-0139-0000-06abd0dc4bde,google,organic,"healthcare app development",2840,en,,v3/serp/google/organic/live/advanced,20000,10,"2026-08-06 03:38:10","2026-08-06 03:38:31",00:00:21,0.0155
08052237-9434-0139-0000-ea7de36d52ff,google,organic,"healthcare application development",2840,en,,v3/serp/google/organic/live/advanced,20000,10,"2026-08-06 03:37:52","2026-08-06 03:38:08",00:00:16,0.0155
08052237-9434-0139-0000-153be0c5bef4,google,organic,"medical app development companies",2840,en,,v3/serp/google/organic/live/advanced,20000,10,"2026-08-06 03:37:27","2026-08-06 03:37:49",00:00:22,0.0155
08052237-9434-0139-0000-a0b8b1e7998d,google,organic,"healthcare mobile app development companies",2840,en,,v3/serp/google/organic/live/advanced,20000,10,"2026-08-06 03:37:13","2026-08-06 03:37:27",00:00:14,0.0155
08052236-9434-0139-0000-3e25cf672ad3,google,organic,"healthcare app developers",2840,en,,v3/serp/google/organic/live/advanced,20000,10,"2026-08-06 03:36:51","2026-08-06 03:37:12",00:00:21,0.0155
08052236-9434-0139-0000-50226551d575,google,organic,"healthcare application development services",2840,en,,v3/serp/google/organic/live/advanced,20000,10,"2026-08-06 03:36:29","2026-08-06 03:36:49",00:00:20,0.0155
08052236-9434-0139-0000-1b17fd90de8f,google,organic,"healthcare app development services",2840,en,,v3/serp/google/organic/live/advanced,20000,10,"2026-08-06 03:36:07","2026-08-06 03:36:27",00:00:20,0.0155
08052235-9434-0139-0000-40de33d9175a,google,organic,"healthcare mobile app development company",2840,en,,v3/serp/google/organic/live/advanced,20000,10,"2026-08-06 03:35:49","2026-08-06 03:36:04",00:00:15,0.0155
08052235-9434-0139-0000-cc0aaf1481b9,google,organic,"app development houston",2500,en,,v3/serp/google/organic/live/advanced,20000,7,"2026-08-06 03:35:37","2026-08-06 03:35:46",00:00:09,0.011
08052235-9434-0139-0000-730a70f092aa,google,organic,"mobile app development company houston",2500,en,,v3/serp/google/organic/live/advanced,20000,8,"2026-08-06 03:35:24","2026-08-06 03:35:35",00:00:11,0.0125
08052235-9434-0139-0000-9303a6459d46,google,organic,"houston mobile app development",2500,en,,v3/serp/google/organic/live/advanced,20000,8,"2026-08-06 03:35:02","2026-08-06 03:35:22",00:00:20,0.0125
08052234-9434-0139-0000-5853cc05294f,google,organic,"mobile app development houston",2500,en,,v3/serp/google/organic/live/advanced,20000,8,"2026-08-06 03:34:49","2026-08-06 03:34:59",00:00:10,0.0125
08052234-9434-0139-0000-f05ea9159fa5,google,organic,"android app development houston",2500,en,,v3/serp/google/organic/live/advanced,20000,8,"2026-08-06 03:34:29","2026-08-06 03:34:48",00:00:19,0.0125
08052234-9434-0139-0000-4655df1157f4,google,organic,"app developer houston",2500,en,,v3/serp/google/organic/live/advanced,20000,8,"2026-08-06 03:34:08","2026-08-06 03:34:27",00:00:19,0.0125
08052233-9434-0139-0000-6a617a38c652,google,organic,"mobile app developer houston",2500,en,,v3/serp/google/organic/live/advanced,20000,7,"2026-08-06 03:33:45","2026-08-06 03:34:06",00:00:21,0.011
08052233-9434-0139-0000-270adb206538,google,organic,"mobile apps development houston",2500,en,,v3/serp/google/organic/live/advanced,20000,9,"2026-08-06 03:33:26","2026-08-06 03:33:42",00:00:16,0.014
08052232-9434-0139-0000-17f97e8e28b4,google,organic,"mobile app developers houston",2500,en,,v3/serp/google/organic/live/advanced,20000,8,"2026-08-06 03:32:57","2026-08-06 03:33:24",00:00:27,0.0125
08052232-9434-0139-0000-c15085e5a1ef,google,organic,"houston app developers",2500,en,,v3/serp/google/organic/live/advanced,20000,7,"2026-08-06 03:32:48","2026-08-06 03:32:56",00:00:08,0.011
08052232-9434-0139-0000-06c3e4d3a29a,google,organic,"music app development company",2840,en,,v3/serp/google/organic/live/advanced,20000,10,"2026-08-06 03:32:16","2026-08-06 03:32:46",00:00:30,0.0155
08052231-9434-0139-0000-a88a5597fb8b,google,organic,"mobile app development company san francisco",2840,en,,v3/serp/google/organic/live/advanced,20000,10,"2026-08-06 03:31:42","2026-08-06 03:32:13",00:00:31,0.0155
08052231-9434-0139-0000-f0d813f5fc82,google,organic,"musi alternative",2840,en,,v3/serp/google/organic/live/advanced,20000,6,"2026-08-06 03:31:02","2026-08-06 03:31:41",00:00:39,0.0095
08052230-9434-0139-0000-f2101b174602,google,organic,"custom website development services",2840,en,,v3/serp/google/organic/live/advanced,20000,10,"2026-08-06 03:30:44","2026-08-06 03:30:56",00:00:12,0.0155
08052230-9434-0139-0000-c40ac4f317c4,google,organic,"fortnite revenue",2840,en,,v3/serp/google/organic/live/advanced,20000,10,"2026-08-06 03:30:06","2026-08-06 03:30:30",00:00:24,0.0155
08052229-9434-0139-0000-6703a53d52e2,google,organic,"digital marketing companies usa",2840,en,,v3/serp/google/organic/live/advanced,20000,10,"2026-08-06 03:29:37","2026-08-06 03:30:04",00:00:27,0.0155
08052229-9434-0139-0000-b557fcf7afaa,google,organic,"mobile app development companies in san francisco",2840,en,,v3/serp/google/organic/live/advanced,20000,10,"2026-08-06 03:29:12","2026-08-06 03:29:34",00:00:22,0.0155
08052228-9434-0139-0000-2fb1db1e1941,google,organic,"healthcare app development company",2840,en,,v3/serp/google/organic/live/advanced,20000,10,"2026-08-06 03:28:43","2026-08-06 03:29:10",00:00:27,0.0155
08052228-9434-0139-0000-f706cc5bf7f0,google,organic,"how much is fortnite worth",2840,en,,v3/serp/google/organic/live/advanced,20000,10,"2026-08-06 03:28:22","2026-08-06 03:28:41",00:00:19,0.0155
08052228-9434-0139-0000-16cff5c73cdf,google,organic,"apps like tiktok",2840,en,,v3/serp/google/organic/live/advanced,20000,10,"2026-08-06 03:28:08","2026-08-06 03:28:20",00:00:12,0.0155
08052227-9434-0139-0000-91001a17e9b7,google,organic,"app developer miami",2840,en,,v3/serp/google/organic/live/advanced,20000,10,"2026-08-06 03:27:49","2026-08-06 03:28:06",00:00:17,0.0155
08052227-9434-0139-0000-8f9271f49f98,google,organic,"app developers near me",2840,en,,v3/serp/google/organic/live/advanced,20000,10,"2026-08-06 03:27:34","2026-08-06 03:27:47",00:00:13,0.0155
08052227-9434-0139-0000-9c76a532a90b,google,organic,"how much does fortnite make a year",2840,en,,v3/serp/google/organic/live/advanced,20000,10,"2026-08-06 03:27:08","2026-08-06 03:27:32",00:00:24,0.0155
08052226-9434-0139-0000-9a78f679d5af,google,organic,"digital marketing agency usa",2840,en,,v3/serp/google/organic/live/advanced,20000,10,"2026-08-06 03:26:49","2026-08-06 03:27:06",00:00:17,0.0155
08052226-9434-0139-0000-e5774714e2d2,google,organic,"fortnite net worth",2840,en,,v3/serp/google/organic/live/advanced,20000,10,"2026-08-06 03:26:23","2026-08-06 03:26:46",00:00:23,0.0155
08052226-9434-0139-0000-84323120a79d,google,organic,"crm development services",2840,en,,v3/serp/google/organic/live/advanced,20000,10,"2026-08-06 03:26:03","2026-08-06 03:26:20",00:00:17,0.0155
08052225-9434-0139-0000-1c703e6166ea,google,organic,"ecommerce web development services",2840,en,,v3/serp/google/organic/live/advanced,20000,10,"2026-08-06 03:25:45","2026-08-06 03:26:00",00:00:15,0.0155
08052225-9434-0139-0000-c1deaf2d25e6,google,organic,"web development services",2840,en,,v3/serp/google/organic/live/advanced,20000,10,"2026-08-06 03:25:23","2026-08-06 03:25:42",00:00:19,0.0155
08052225-9434-0139-0000-a89002ca6a3b,google,organic,"ai automation companies",2840,en,,v3/serp/google/organic/live/advanced,20000,10,"2026-08-06 03:25:01","2026-08-06 03:25:20",00:00:19,0.0155
08052224-9434-0139-0000-8246162ee22b,google,organic,"what is new in gaming technology jogametech",2840,en,,v3/serp/google/organic/live/advanced,20000,10,"2026-08-06 03:24:25","2026-08-06 03:24:59",00:00:34,0.0155
08052224-9434-0139-0000-d8175ce08493,google,organic,"ai automation agency",2840,en,,v3/serp/google/organic/live/advanced,20000,10,"2026-08-06 03:24:13","2026-08-06 03:24:24",00:00:11,0.0155
08052223-9434-0139-0000-9512860cb5a2,google,organic,"gta 6 cost to make",2840,en,,v3/serp/google/organic/live/advanced,20000,10,"2026-08-06 03:23:46","2026-08-06 03:24:11",00:00:25,0.0155
08052223-9434-0139-0000-2aa2a22a30a9,google,organic,"mobile app development company denver",2404,en,,v3/serp/google/organic/live/advanced,20000,10,"2026-08-06 03:23:22","2026-08-06 03:23:44",00:00:22,0.0155
08052223-9434-0139-0000-65b8d07e8294,google,organic,"app developer denver",2404,en,,v3/serp/google/organic/live/advanced,20000,10,"2026-08-06 03:23:00","2026-08-06 03:23:19",00:00:19,0.0155
08052222-9434-0139-0000-64c1867850e6,google,organic,"digital marketing services usa",2840,en,,v3/serp/google/organic/live/advanced,20000,10,"2026-08-06 03:22:36","2026-08-06 03:22:57",00:00:21,0.0155
08052222-9434-0139-0000-b97bda157fcb,google,organic,"digital marketing firms in usa",2840,en,,v3/serp/google/organic/live/advanced,20000,10,"2026-08-06 03:22:13","2026-08-06 03:22:33",00:00:20,0.0155
08052222-9434-0139-0000-53b8191d4d0b,google,organic,"digital marketing company",2840,en,,v3/serp/google/organic/live/advanced,20000,10,"2026-08-06 03:22:00","2026-08-06 03:22:11",00:00:11,0.0155
08052221-9434-0139-0000-db120f9fbf91,google,organic,"digital marketing services",2840,en,,v3/serp/google/organic/live/advanced,20000,10,"2026-08-06 03:21:24","2026-08-06 03:21:57",00:00:33,0.0155
08052220-9434-0139-0000-c84d2b502a1c,google,organic,"digital marketing agency",2840,en,,v3/serp/google/organic/live/advanced,20000,10,"2026-08-06 03:20:51","2026-08-06 03:21:21",00:00:30,0.0155
08052220-9434-0139-0000-c1099847a0be,google,organic,"3d game developers",2840,en,,v3/serp/google/organic/live/advanced,20000,10,"2026-08-06 03:20:32","2026-08-06 03:20:49",00:00:17,0.0155
08052220-9434-0139-0000-e88b4a4d5431,google,organic,"3d game development company",2840,en,,v3/serp/google/organic/live/advanced,20000,10,"2026-08-06 03:20:07","2026-08-06 03:20:29",00:00:22,0.0155
08052219-9434-0139-0000-b9866bd8f5e6,google,organic,"3d game development services",2840,en,,v3/serp/google/organic/live/advanced,20000,10,"2026-08-06 03:19:39","2026-08-06 03:20:04",00:00:25,0.0155
08052219-9434-0139-0000-a3a48b689c5b,google,organic,"3d game development",2840,en,,v3/serp/google/organic/live/advanced,20000,9,"2026-08-06 03:19:15","2026-08-06 03:19:37",00:00:22,0.014
08052218-9434-0139-0000-aefaf57c9748,google,organic,"ai app development company",2840,en,,v3/serp/google/organic/live/advanced,20000,10,"2026-08-06 03:18:30","2026-08-06 03:19:12",00:00:42,0.0155
08052218-9434-0139-0000-777f095eeb42,google,organic,"ai software development services",2840,en,,v3/serp/google/organic/live/advanced,20000,10,"2026-08-06 03:18:03","2026-08-06 03:18:28",00:00:25,0.0155
08052217-9434-0139-0000-86e6cf890b79,google,organic,"ai application development services",2840,en,,v3/serp/google/organic/live/advanced,20000,10,"2026-08-06 03:17:40","2026-08-06 03:18:01",00:00:21,0.0155
08052217-9434-0139-0000-26c62ba518a9,google,organic,"artificial intelligence development services",2840,en,,v3/serp/google/organic/live/advanced,20000,10,"2026-08-06 03:17:09","2026-08-06 03:17:38",00:00:29,0.0155
08052217-9434-0139-0000-f43277dae299,google,organic,"artificial intelligence development company",2840,en,,v3/serp/google/organic/live/advanced,20000,10,"2026-08-06 03:17:00","2026-08-06 03:17:08",00:00:08,0.0155
08052216-9434-0139-0000-c99a2604d0a0,google,organic,"ai development company",2840,en,,v3/serp/google/organic/live/advanced,20000,10,"2026-08-06 03:16:35","2026-08-06 03:16:58",00:00:23,0.0155
08052216-9434-0139-0000-13405d5a0a89,google,organic,"flutter app development agency",2840,en,,v3/serp/google/organic/live/advanced,20000,10,"2026-08-06 03:16:01","2026-08-06 03:16:30",00:00:29,0.0155
08052215-9434-0139-0000-73c6f4004898,google,organic,"flutter application development services",2840,en,,v3/serp/google/organic/live/advanced,20000,10,"2026-08-06 03:15:20","2026-08-06 03:15:59",00:00:39,0.0155
08052215-9434-0139-0000-d6cf6cbb605b,google,organic,"flutter mobile application development company",2840,en,,v3/serp/google/organic/live/advanced,20000,10,"2026-08-06 03:15:07","2026-08-06 03:15:17",00:00:10,0.0155
08052214-9434-0139-0000-61fe784a55b2,google,organic,"flutter app development company in usa",2840,en,,v3/serp/google/organic/live/advanced,20000,10,"2026-08-06 03:14:51","2026-08-06 03:15:04",00:00:13,0.0155
08052214-9434-0139-0000-e21943547ff1,google,organic,"custom software development solutions",2840,en,,v3/serp/google/organic/live/advanced,20000,10,"2026-08-06 03:14:34","2026-08-06 03:14:48",00:00:14,0.0155
08052214-9434-0139-0000-53599d42968a,google,organic,"custom software development firm",2840,en,,v3/serp/google/organic/live/advanced,20000,10,"2026-08-06 03:14:02","2026-08-06 03:14:32",00:00:30,0.0155
08052213-9434-0139-0000-23b2b3a1fe35,google,organic,"custom software development",2840,en,,v3/serp/google/organic/live/advanced,20000,10,"2026-08-06 03:13:43","2026-08-06 03:13:59",00:00:16,0.0155
08052213-9434-0139-0000-eba43fadbc6d,google,organic,"custom software development company",2840,en,,v3/serp/google/organic/live/advanced,20000,10,"2026-08-06 03:13:14","2026-08-06 03:13:41",00:00:27,0.0155
08052213-9434-0139-0000-1ae7158e386e,google,organic,"cloud app development services",2840,en,,v3/serp/google/organic/live/advanced,20000,10,"2026-08-06 03:13:01","2026-08-06 03:13:12",00:00:11,0.0155
08052212-9434-0139-0000-3000243fa78e,google,organic,"cloud app development",2840,en,,v3/serp/google/organic/live/advanced,20000,10,"2026-08-06 03:12:34","2026-08-06 03:12:59",00:00:25,0.0155
08052212-9434-0139-0000-7dbbc45d8a67,google,organic,"cloud application services",2840,en,,v3/serp/google/organic/live/advanced,20000,10,"2026-08-06 03:12:12","2026-08-06 03:12:32",00:00:20,0.0155
08052211-9434-0139-0000-e1161554424c,google,organic,"cloud application development company",2840,en,,v3/serp/google/organic/live/advanced,20000,10,"2026-08-06 03:11:52","2026-08-06 03:12:09",00:00:17,0.0155
08052211-9434-0139-0000-a8d03a4053bb,google,organic,"it staff augmentation company",2840,en,,v3/serp/google/organic/live/advanced,20000,10,"2026-08-06 03:11:39","2026-08-06 03:11:49",00:00:10,0.0155
08052211-9434-0139-0000-8922f81a3626,google,organic,"it staff augmentation",2840,en,,v3/serp/google/organic/live/advanced,20000,10,"2026-08-06 03:11:13","2026-08-06 03:11:37",00:00:24,0.0155
08052210-9434-0139-0000-68d0ace99d65,google,organic,"staff augmentation company",2840,en,,v3/serp/google/organic/live/advanced,20000,10,"2026-08-06 03:10:47","2026-08-06 03:11:10",00:00:23,0.0155
08052210-9434-0139-0000-94b0dd9aa5bc,google,organic,"it staff augmentation services",2840,en,,v3/serp/google/organic/live/advanced,20000,10,"2026-08-06 03:10:22","2026-08-06 03:10:45",00:00:23,0.0155
08052209-9434-0139-0000-c19ed947fac3,google,organic,"staff augmentation services",2840,en,,v3/serp/google/organic/live/advanced,20000,10,"2026-08-06 03:09:45","2026-08-06 03:10:19",00:00:34,0.0155
08052209-9434-0139-0000-52c7bedad430,google,organic,"custom crm development services",2840,en,,v3/serp/google/organic/live/advanced,20000,10,"2026-08-06 03:09:20","2026-08-06 03:09:42",00:00:22,0.0155
08052208-9434-0139-0000-75cbe1c026c4,google,organic,"crm development company",2840,en,,v3/serp/google/organic/live/advanced,20000,10,"2026-08-06 03:08:47","2026-08-06 03:09:14",00:00:27,0.0155
08052208-9434-0139-0000-ab98f6084792,google,organic,"custom crm development",2840,en,,v3/serp/google/organic/live/advanced,20000,10,"2026-08-06 03:08:23","2026-08-06 03:08:45",00:00:22,0.0155
08052207-9434-0139-0000-533d20a2d25c,google,organic,"crm software development",2840,en,,v3/serp/google/organic/live/advanced,20000,10,"2026-08-06 03:07:53","2026-08-06 03:08:21",00:00:28,0.0155
08052207-9434-0139-0000-80a0c6f9db55,google,organic,"crm software development company",2840,en,,v3/serp/google/organic/live/advanced,20000,10,"2026-08-06 03:07:10","2026-08-06 03:07:53",00:00:43,0.0155
08052206-9434-0139-0000-5f29d4bbf442,google,organic,"on demand service app development",2840,en,,v3/serp/google/organic/live/advanced,20000,10,"2026-08-06 03:06:52","2026-08-06 03:07:07",00:00:15,0.0155
08052206-9434-0139-0000-657b3a73c5f0,google,organic,"on demand mobile app development",2840,en,,v3/serp/google/organic/live/advanced,20000,10,"2026-08-06 03:06:30","2026-08-06 03:06:49",00:00:19,0.0155
08052206-9434-0139-0000-24590b3b4620,google,organic,"android app development New York",2458,en,,v3/serp/google/organic/live/advanced,20000,9,"2026-08-06 03:06:15","2026-08-06 03:06:28",00:00:13,0.014
08052205-9434-0139-0000-043bfc72109e,google,organic,"mobile app developers NYC",2458,en,,v3/serp/google/organic/live/advanced,20000,10,"2026-08-06 03:05:55","2026-08-06 03:06:13",00:00:18,0.0155
08052205-9434-0139-0000-10acbcca73ff,google,organic,"mobile app developer New York",2458,en,,v3/serp/google/organic/live/advanced,20000,9,"2026-08-06 03:05:45","2026-08-06 03:05:53",00:00:08,0.014
08052205-9434-0139-0000-a9b7cd85ec33,google,organic,"app developers NYC",2458,en,,v3/serp/google/organic/live/advanced,20000,9,"2026-08-06 03:05:25","2026-08-06 03:05:42",00:00:17,0.014
08052204-9434-0139-0000-197ec4299fd7,google,organic,"app development company NYC",2458,en,,v3/serp/google/organic/live/advanced,20000,9,"2026-08-06 03:04:50","2026-08-06 03:05:23",00:00:33,0.014
08052204-9434-0139-0000-1eeac25c7b68,google,organic,"mobile app development company NYC",2458,en,,v3/serp/google/organic/live/advanced,20000,9,"2026-08-06 03:04:34","2026-08-06 03:04:46",00:00:12,0.014
08052204-9434-0139-0000-b29814e1404c,google,organic,"NYC app developers",2458,en,,v3/serp/google/organic/live/advanced,20000,10,"2026-08-06 03:04:08","2026-08-06 03:04:32",00:00:24,0.0155
08052203-9434-0139-0000-d74dc08b50aa,google,organic,"app developer NYC",2458,en,,v3/serp/google/organic/live/advanced,20000,9,"2026-08-06 03:03:59","2026-08-06 03:04:07",00:00:08,0.014
08052203-9434-0139-0000-237b58ac1e2d,google,organic,"custom crm software development company",2840,en,,v3/serp/google/organic/live/advanced,20000,10,"2026-08-06 03:03:30","2026-08-06 03:03:51",00:00:21,0.0155
08052202-9434-0139-0000-90c54a85163d,google,organic,"app developers in KSA",2682,ar,,v3/serp/google/organic/live/advanced,20000,10,"2026-08-06 03:02:57","2026-08-06 03:03:17",00:00:20,0.0155
08052202-9434-0139-0000-1093d8d1cbf9,google,organic,"KSA mobile app development",2682,ar,,v3/serp/google/organic/live/advanced,20000,9,"2026-08-06 03:02:20","2026-08-06 03:02:55",00:00:35,0.014
08052201-9434-0139-0000-165373d8ffee,google,organic,"mobile app development companies in saudi arabia",2682,ar,,v3/serp/google/organic/live/advanced,20000,9,"2026-08-06 03:01:56","2026-08-06 03:02:18",00:00:22,0.014
08052201-9434-0139-0000-c18b2c5add6f,google,organic,"mobile app development in KSA",2682,ar,,v3/serp/google/organic/live/advanced,20000,9,"2026-08-06 03:01:36","2026-08-06 03:01:53",00:00:17,0.014
08052201-9434-0139-0000-1b356416af5b,google,organic,"app developers in saudi arabia",2682,ar,,v3/serp/google/organic/live/advanced,20000,9,"2026-08-06 03:01:17","2026-08-06 03:01:34",00:00:17,0.014
08052200-9434-0139-0000-5da78bdb3556,google,organic,"app development agency in saudi arabia",2682,ar,,v3/serp/google/organic/live/advanced,20000,10,"2026-08-06 03:00:57","2026-08-06 03:01:15",00:00:18,0.0155
08052200-9434-0139-0000-45fe5b1d30e1,google,organic,"mobile app development company in saudi",2682,ar,,v3/serp/google/organic/live/advanced,20000,9,"2026-08-06 03:00:27","2026-08-06 03:00:55",00:00:28,0.0125
08052200-9434-0139-0000-bb7973220cb1,google,organic,"mobile app development company saudi",2682,ar,,v3/serp/google/organic/live/advanced,20000,9,"2026-08-06 03:00:15","2026-08-06 03:00:25",00:00:10,0.014
08052159-9434-0139-0000-bc1ce38cae93,google,organic,"mobile app development company uk",2826,en,,v3/serp/google/organic/live/advanced,20000,10,"2026-08-06 02:59:34","2026-08-06 03:00:08",00:00:34,0.0155
08052158-9434-0139-0000-47d27177b7b3,google,organic,"uk app developers",2826,en,,v3/serp/google/organic/live/advanced,20000,10,"2026-08-06 02:58:57","2026-08-06 02:59:32",00:00:35,0.0155
08052158-9434-0139-0000-3e3d9a984730,google,organic,"mobile app developers uk",2826,en,,v3/serp/google/organic/live/advanced,20000,10,"2026-08-06 02:58:38","2026-08-06 02:58:55",00:00:17,0.0155
08052158-9434-0139-0000-d425b6c5f3c0,google,organic,"app developers uk",2826,en,,v3/serp/google/organic/live/advanced,20000,10,"2026-08-06 02:58:14","2026-08-06 02:58:35",00:00:21,0.0155
08052157-9434-0139-0000-f626d8a43835,google,organic,"app developer uk",2826,en,,v3/serp/google/organic/live/advanced,20000,10,"2026-08-06 02:57:46","2026-08-06 02:58:12",00:00:26,0.0155
08052157-9434-0139-0000-e76b73048954,google,organic,"app development companies uk",2826,en,,v3/serp/google/organic/live/advanced,20000,10,"2026-08-06 02:57:27","2026-08-06 02:57:44",00:00:17,0.0155
08052157-9434-0139-0000-cb9a5633a3ec,google,organic,"mobile app development uk",2826,en,,v3/serp/google/organic/live/advanced,20000,10,"2026-08-06 02:57:04","2026-08-06 02:57:25",00:00:21,0.0155
08052156-9434-0139-0000-52b8bb7a8175,google,organic,"app development company uk",2826,en,,v3/serp/google/organic/live/advanced,20000,10,"2026-08-06 02:56:42","2026-08-06 02:57:00",00:00:18,0.0155
08052156-9434-0139-0000-1593a26f4497,google,organic,"houston app development",2500,en,,v3/serp/google/organic/live/advanced,20000,7,"2026-08-06 02:56:30","2026-08-06 02:56:41",00:00:11,0.011
08052156-9434-0139-0000-621aa4a96fd6,google,organic,"mobile app development companies",2826,en,,v3/serp/google/organic/live/advanced,20000,10,"2026-08-06 02:56:17","2026-08-06 02:56:28",00:00:11,0.0155
08052156-9434-0139-0000-3628dc5b0433,google,organic,"app development uk",2826,en,,v3/serp/google/organic/live/advanced,20000,10,"2026-08-06 02:56:03","2026-08-06 02:56:15",00:00:12,0.0155
08052155-9434-0139-0000-9cdaac0bd956,google,organic,"music streaming app development company",2840,en,,v3/serp/google/organic/live/advanced,20000,10,"2026-08-06 02:55:30","2026-08-06 02:55:55",00:00:25,0.0155
08052154-9434-0139-0000-71590ca80a75,google,organic,"music app development services",2840,en,,v3/serp/google/organic/live/advanced,20000,10,"2026-08-06 02:54:56","2026-08-06 02:55:28",00:00:32,0.0155
08052154-9434-0139-0000-c68d4864b2f0,google,organic,"app development company near me",2840,en,,v3/serp/google/organic/live/advanced,20000,10,"2026-08-06 02:54:24","2026-08-06 02:54:34",00:00:10,0.0155
08052154-9434-0139-0000-a8eecb18172b,google,organic,"app development near me",2840,en,,v3/serp/google/organic/live/advanced,20000,10,"2026-08-06 02:54:09","2026-08-06 02:54:22",00:00:13,0.0155
08052153-9434-0139-0000-129c9dace071,google,organic,"mobile app development company near me",2840,en,,v3/serp/google/organic/live/advanced,20000,10,"2026-08-06 02:53:44","2026-08-06 02:54:07",00:00:23,0.0155
08052153-9434-0139-0000-8ca5e229d558,google,organic,"mobile app development near me",2840,en,,v3/serp/google/organic/live/advanced,20000,10,"2026-08-06 02:53:28","2026-08-06 02:53:42",00:00:14,0.0155
08052152-9434-0139-0000-678995c5bcae,google,organic,"Website Development Company USA",2840,en,,v3/serp/google/organic/live/advanced,20000,10,"2026-08-06 02:52:57","2026-08-06 02:53:19",00:00:22,0.0155
08052152-9434-0139-0000-d2980389cf59,google,organic,"Website Development Services",2840,en,,v3/serp/google/organic/live/advanced,20000,10,"2026-08-06 02:52:43","2026-08-06 02:52:55",00:00:12,0.0155
08052152-9434-0139-0000-f5dabf372c84,google,organic,"website development companies in usa",2840,en,,v3/serp/google/organic/live/advanced,20000,10,"2026-08-06 02:52:20","2026-08-06 02:52:41",00:00:21,0.0155
08052152-9434-0139-0000-b267d9337e89,google,organic,"website development company in usa",2840,en,,v3/serp/google/organic/live/advanced,20000,10,"2026-08-06 02:52:12","2026-08-06 02:52:19",00:00:07,0.0155
08052151-9434-0139-0000-f22e1f87bcdd,google,organic,"web development services company",2840,en,,v3/serp/google/organic/live/advanced,20000,10,"2026-08-06 02:51:36","2026-08-06 02:52:10",00:00:34,0.0155
08052151-9434-0139-0000-a124deeae0a9,google,organic,"website designing and development services",2840,en,,v3/serp/google/organic/live/advanced,20000,10,"2026-08-06 02:51:09","2026-08-06 02:51:34",00:00:25,0.0155
08052150-9434-0139-0000-bf581819d6a4,google,organic,"website development solutions",2840,en,,v3/serp/google/organic/live/advanced,20000,10,"2026-08-06 02:50:41","2026-08-06 02:51:08",00:00:27,0.0155
08052150-9434-0139-0000-a77fd8c02398,google,organic,"professional website development services",2840,en,,v3/serp/google/organic/live/advanced,20000,10,"2026-08-06 02:50:22","2026-08-06 02:50:38",00:00:16,0.0155
08052150-9434-0139-0000-4d016e594b4d,google,organic,"Web Development Services",2840,en,,v3/serp/google/organic/live/advanced,20000,10,"2026-08-06 02:50:11","2026-08-06 02:50:21",00:00:10,0.0155
08052149-9434-0139-0000-662296e56a46,google,organic,"web development services in usa",2840,en,,v3/serp/google/organic/live/advanced,20000,10,"2026-08-06 02:49:41","2026-08-06 02:50:09",00:00:28,0.0155
08052149-9434-0139-0000-bc76fe415955,google,organic,"web development services usa",2840,en,,v3/serp/google/organic/live/advanced,20000,10,"2026-08-06 02:49:24","2026-08-06 02:49:39",00:00:15,0.0155
08052149-9434-0139-0000-00722d11d1fd,google,organic,"Website Development Services in USA",2840,en,,v3/serp/google/organic/live/advanced,20000,10,"2026-08-06 02:49:14","2026-08-06 02:49:23",00:00:09,0.0155
08052149-9434-0139-0000-4ab3c7e1ac72,google,organic,"custom iphone app development",2840,en,,v3/serp/google/organic/live/advanced,20000,10,"2026-08-06 02:49:04","2026-08-06 02:49:13",00:00:09,0.0155
08052148-9434-0139-0000-4fb9ccc15e06,google,organic,"custom ios app development services",2840,en,,v3/serp/google/organic/live/advanced,20000,10,"2026-08-06 02:48:33","2026-08-06 02:49:03",00:00:30,0.0155
08052148-9434-0139-0000-0148ee637968,google,organic,"ios app development agency",2840,en,,v3/serp/google/organic/live/advanced,20000,10,"2026-08-06 02:48:16","2026-08-06 02:48:32",00:00:16,0.0155
08052147-9434-0139-0000-8031ee1915e7,google,organic,"iphone app development company usa",2840,en,,v3/serp/google/organic/live/advanced,20000,10,"2026-08-06 02:47:38","2026-08-06 02:48:13",00:00:35,0.0155
08052147-9434-0139-0000-1734303a5991,google,organic,"iphone applications development company",2840,en,,v3/serp/google/organic/live/advanced,20000,1,"2026-08-06 02:47:17","2026-08-06 02:47:37",00:00:20,0.002
08052147-9434-0139-0000-98655b5a32be,google,organic,"iphone application development services",2840,en,,v3/serp/google/organic/live/advanced,20000,10,"2026-08-06 02:47:04","2026-08-06 02:47:14",00:00:10,0.0155
08052146-9434-0139-0000-8efbc9f6c4d5,google,organic,"app developers in chicago",2392,en,,v3/serp/google/organic/live/advanced,20000,6,"2026-08-06 02:46:53","2026-08-06 02:47:02",00:00:09,0.0095
08052146-9434-0139-0000-e88268583e18,google,organic,"app development companies in chicago",2392,en,,v3/serp/google/organic/live/advanced,20000,7,"2026-08-06 02:46:41","2026-08-06 02:46:51",00:00:10,0.011
08052146-9434-0139-0000-7a84abc52bef,google,organic,"website design company New Jersey",21167,en,,v3/serp/google/organic/live/advanced,20000,10,"2026-08-06 02:46:06","2026-08-06 02:46:39",00:00:33,0.0155
08052145-9434-0139-0000-98c8f28928e5,google,organic,"website development nj",2840,en,,v3/serp/google/organic/live/advanced,20000,10,"2026-08-06 02:45:29","2026-08-06 02:46:03",00:00:34,0.0155
08052145-9434-0139-0000-dc1b89c51a4a,google,organic,"web development new jersey",21167,en,,v3/serp/google/organic/live/advanced,20000,10,"2026-08-06 02:45:15","2026-08-06 02:45:26",00:00:11,0.0155
08052144-9434-0139-0000-e3a9e5f1488e,google,organic,"website design new jersey",21167,en,,v3/serp/google/organic/live/advanced,20000,10,"2026-08-06 02:44:54","2026-08-06 02:45:13",00:00:19,0.0155
08052144-9434-0139-0000-acaed7233e0d,google,organic,"web development nj",2840,en,,v3/serp/google/organic/live/advanced,20000,10,"2026-08-06 02:44:36","2026-08-06 02:44:52",00:00:16,0.0155
08052144-9434-0139-0000-4ef0e77c6546,google,organic,"web design company nj",2840,en,,v3/serp/google/organic/live/advanced,20000,10,"2026-08-06 02:44:22","2026-08-06 02:44:34",00:00:12,0.0155
08052144-9434-0139-0000-637f890793bd,google,organic,"web development company new jersey",21167,en,,v3/serp/google/organic/live/advanced,20000,10,"2026-08-06 02:44:07","2026-08-06 02:44:19",00:00:12,0.0155
08052143-9434-0139-0000-ec85040c18a8,google,organic,"website design companies nj",2840,en,,v3/serp/google/organic/live/advanced,20000,10,"2026-08-06 02:43:45","2026-08-06 02:44:04",00:00:19,0.0155
08052143-9434-0139-0000-c66e8fc07d38,google,organic,"marketing os smoke",2840,en,,v3/serp/google/organic/live/advanced,20000,0,"2026-08-06 02:43:01","2026-08-06 02:43:17",00:00:16,0.002
08052142-9434-0139-0000-25dbfa28f29b,google,organic,"ios app development costs",2840,en,,v3/serp/google/organic/live/advanced,20000,10,"2026-08-06 02:42:08","2026-08-06 02:42:27",00:00:19,0.0155
08052141-9434-0139-0000-0e9411752d73,google,organic,"cash check online instantly",2840,en,,v3/serp/google/organic/live/advanced,20000,10,"2026-08-06 02:41:39","2026-08-06 02:42:08",00:00:29,0.0155
08052141-9434-0139-0000-af8c782ba069,google,organic,"soft launch vs hard launch",2840,en,,v3/serp/google/organic/live/advanced,20000,10,"2026-08-06 02:41:23","2026-08-06 02:41:39",00:00:16,0.0155
08052141-9434-0139-0000-bb3a97680597,google,organic,"add business to apple maps",2840,en,,v3/serp/google/organic/live/advanced,20000,10,"2026-08-06 02:41:06","2026-08-06 02:41:23",00:00:17,0.0155
08052140-9434-0139-0000-9b691a191d11,google,organic,"how many copies has fortnite sold",2840,en,,v3/serp/google/organic/live/advanced,20000,10,"2026-08-06 02:40:58","2026-08-06 02:41:06",00:00:08,0.0155
08052140-9434-0139-0000-1f8564b96d6e,google,organic,"mobile app development agency uk",2840,en,,v3/serp/google/organic/live/advanced,20000,9,"2026-08-06 02:40:38","2026-08-06 02:40:58",00:00:20,0.014
08052140-9434-0139-0000-02444cd27d72,google,organic,"fortnite revenue 2022",2840,en,,v3/serp/google/organic/live/advanced,20000,9,"2026-08-06 02:40:27","2026-08-06 02:40:38",00:00:11,0.014
08052140-9434-0139-0000-83710386fb97,google,organic,"best currency exchange app",2840,en,,v3/serp/google/organic/live/advanced,20000,10,"2026-08-06 02:40:09","2026-08-06 02:40:27",00:00:18,0.0155
08052139-9434-0139-0000-14aa0f12ac4c,google,organic,"how much does it cost to build an ios app",2840,en,,v3/serp/google/organic/live/advanced,20000,10,"2026-08-06 02:39:52","2026-08-06 02:40:09",00:00:17,0.0155
08052139-9434-0139-0000-fe87464a3f1a,google,organic,"denver app development",2840,en,,v3/serp/google/organic/live/advanced,20000,10,"2026-08-06 02:39:43","2026-08-06 02:39:52",00:00:09,0.0155
08052139-9434-0139-0000-bc7561f65716,google,organic,"how much money has epic games made from fortnite",2840,en,,v3/serp/google/organic/live/advanced,20000,10,"2026-08-06 02:39:28","2026-08-06 02:39:43",00:00:15,0.0155
08052139-9434-0139-0000-3ce6d7b2017f,google,organic,"fortnite gross revenue",2840,en,,v3/serp/google/organic/live/advanced,20000,10,"2026-08-06 02:39:00","2026-08-06 02:39:28",00:00:28,0.0155
08052138-9434-0139-0000-2df1da6bb03c,google,organic,"software staff augmentation",2840,en,,v3/serp/google/organic/live/advanced,20000,10,"2026-08-06 02:38:44","2026-08-06 02:39:00",00:00:16,0.0155
08052138-9434-0139-0000-54dc0937067d,google,organic,"in game ads revenue",2840,en,,v3/serp/google/organic/live/advanced,20000,10,"2026-08-06 02:38:23","2026-08-06 02:38:44",00:00:21,0.0155
08052137-9434-0139-0000-1fe9036effc7,google,organic,"web app development denver",2840,en,,v3/serp/google/organic/live/advanced,20000,0,"2026-08-06 02:37:53","2026-08-06 02:38:23",00:00:30,0.002
08052137-9434-0139-0000-81510f20c0dc,google,organic,"does netspend use ingo",2840,en,,v3/serp/google/organic/live/advanced,20000,2,"2026-08-06 02:37:38","2026-08-06 02:37:52",00:00:14,0.0035
08052137-9434-0139-0000-b9fc0fca2aae,google,organic,"app developers in miami",2840,en,,v3/serp/google/organic/live/advanced,20000,9,"2026-08-06 02:37:19","2026-08-06 02:37:38",00:00:19,0.014
08052137-9434-0139-0000-fc643b269b57,google,organic,"app development company uk",2840,en,,v3/serp/google/organic/live/advanced,20000,9,"2026-08-06 02:37:09","2026-08-06 02:37:19",00:00:10,0.014
08052136-9434-0139-0000-40c8ba1deed4,google,organic,"currency exchange apps",2840,en,,v3/serp/google/organic/live/advanced,20000,10,"2026-08-06 02:36:59","2026-08-06 02:37:08",00:00:09,0.0155
08052136-9434-0139-0000-caadaf4592cb,google,organic,"healthcare mobile app development services",2840,en,,v3/serp/google/organic/live/advanced,20000,10,"2026-08-06 02:36:35","2026-08-06 02:36:59",00:00:24,0.0155
08052136-9434-0139-0000-236f50fa68bf,google,organic,"ios app developers in new york",2840,en,,v3/serp/google/organic/live/advanced,20000,0,"2026-08-06 02:36:12","2026-08-06 02:36:34",00:00:22,0.002
08052135-9434-0139-0000-f13dc50ec2fe,google,organic,"industrial software",2840,en,,v3/serp/google/organic/live/advanced,20000,10,"2026-08-06 02:35:51","2026-08-06 02:36:12",00:00:21,0.0155
08052135-9434-0139-0000-72b4f866bd63,google,organic,"best currency converter app for iphone",2840,en,,v3/serp/google/organic/live/advanced,20000,10,"2026-08-06 02:35:18","2026-08-06 02:35:50",00:00:32,0.0155
08052134-9434-0139-0000-9e9567ef7137,google,organic,"how much did fortnite cost to make",2840,en,,v3/serp/google/organic/live/advanced,20000,10,"2026-08-06 02:34:38","2026-08-06 02:35:18",00:00:40,0.0155
08052134-9434-0139-0000-e5e04daf576c,google,organic,"mobile game ads revenue",2840,en,,v3/serp/google/organic/live/advanced,20000,9,"2026-08-06 02:34:20","2026-08-06 02:34:38",00:00:18,0.014
08052134-9434-0139-0000-c7f98bc94bed,google,organic,"app developer nyc",2840,en,,v3/serp/google/organic/live/advanced,20000,10,"2026-08-06 02:34:05","2026-08-06 02:34:20",00:00:15,0.0155
08052133-9434-0139-0000-5fafba8f4983,google,organic,"mobile app development services london",2840,en,,v3/serp/google/organic/live/advanced,20000,9,"2026-08-06 02:33:52","2026-08-06 02:34:05",00:00:13,0.014
08052133-9434-0139-0000-cb1cfc2823c5,google,organic,"mobile app developers san diego",2840,en,,v3/serp/google/organic/live/advanced,20000,10,"2026-08-06 02:33:22","2026-08-06 02:33:51",00:00:29,0.0155
08052133-9434-0139-0000-2f8049419cae,google,organic,"fortnite revenue per day",2840,en,,v3/serp/google/organic/live/advanced,20000,10,"2026-08-06 02:33:01","2026-08-06 02:33:21",00:00:20,0.0155
08052132-9434-0139-0000-2cecbf9493ce,google,organic,"mobile app development manhattan",2840,en,,v3/serp/google/organic/live/advanced,20000,0,"2026-08-06 02:32:32","2026-08-06 02:33:00",00:00:28,0.002
08052132-9434-0139-0000-7428c98e3d19,google,organic,"mobile application development companies in new york",2840,en,,v3/serp/google/organic/live/advanced,20000,10,"2026-08-06 02:32:14","2026-08-06 02:32:31",00:00:17,0.0155
08052131-9434-0139-0000-73d705749e0d,google,organic,"games similar to connections",2840,en,,v3/serp/google/organic/live/advanced,20000,10,"2026-08-06 02:31:41","2026-08-06 02:32:14",00:00:33,0.0155
08052131-9434-0139-0000-cacf5490aa5d,google,organic,"fortnite total revenue",2840,en,,v3/serp/google/organic/live/advanced,20000,10,"2026-08-06 02:31:15","2026-08-06 02:31:40",00:00:25,0.0155
08052130-9434-0139-0000-30c71ebf9df2,google,organic,"mobile app development company in toronto",2840,en,,v3/serp/google/organic/live/advanced,20000,9,"2026-08-06 02:30:55","2026-08-06 02:31:15",00:00:20,0.014
08052130-9434-0139-0000-d55c30c0d16b,google,organic,"chicago app development",2840,en,,v3/serp/google/organic/live/advanced,20000,10,"2026-08-06 02:30:32","2026-08-06 02:30:55",00:00:23,0.0155
08052130-9434-0139-0000-d4ac701375de,google,organic,"dubai web design company",2840,en,,v3/serp/google/organic/live/advanced,20000,10,"2026-08-06 02:30:18","2026-08-06 02:30:32",00:00:14,0.0155
08052129-9434-0139-0000-4f9f487a9913,google,organic,"how much money fortnite made",2840,en,,v3/serp/google/organic/live/advanced,20000,10,"2026-08-06 02:29:56","2026-08-06 02:30:17",00:00:21,0.0155
08052129-9434-0139-0000-1e38fb5a8549,google,organic,"web design company in new jersey",2840,en,,v3/serp/google/organic/live/advanced,20000,10,"2026-08-06 02:29:30","2026-08-06 02:29:56",00:00:26,0.0155
08052129-9434-0139-0000-0cff06a0d45c,google,organic,"how much is fortnite worth today",2840,en,,v3/serp/google/organic/live/advanced,20000,10,"2026-08-06 02:29:10","2026-08-06 02:29:30",00:00:20,0.0155
08052128-9434-0139-0000-04359815690e,google,organic,"custom app development toronto",2840,en,,v3/serp/google/organic/live/advanced,20000,7,"2026-08-06 02:28:59","2026-08-06 02:29:10",00:00:11,0.011
08052128-9434-0139-0000-46f18a660338,google,organic,"lion loan app",2840,en,,v3/serp/google/organic/live/advanced,20000,8,"2026-08-06 02:28:39","2026-08-06 02:28:58",00:00:19,0.0125
08052128-9434-0139-0000-b269d914868a,google,organic,"gta 6 production cost",2840,en,,v3/serp/google/organic/live/advanced,20000,8,"2026-08-06 02:28:22","2026-08-06 02:28:39",00:00:17,0.0125
08052127-9434-0139-0000-70b2aa194351,google,organic,"ios mobile app development services",2840,en,,v3/serp/google/organic/live/advanced,20000,10,"2026-08-06 02:27:44","2026-08-06 02:28:21",00:00:37,0.0155
08052127-9434-0139-0000-be5985242335,google,organic,"how much does fortnite make a month",2840,en,,v3/serp/google/organic/live/advanced,20000,10,"2026-08-06 02:27:07","2026-08-06 02:27:44",00:00:37,0.0155
08052126-9434-0139-0000-1a8ca60f28e4,google,organic,"genius scan",2840,en,,v3/serp/google/organic/live/advanced,20000,5,"2026-08-06 02:26:47","2026-08-06 02:27:06",00:00:19,0.008
08052126-9434-0139-0000-3a62d28379ef,google,organic,"how much money has fortnite made in total",2840,en,,v3/serp/google/organic/live/advanced,20000,10,"2026-08-06 02:26:37","2026-08-06 02:26:46",00:00:09,0.0155
08052126-9434-0139-0000-aa85ef2fe442,google,organic,"denver mobile application development",2840,en,,v3/serp/google/organic/live/advanced,20000,0,"2026-08-06 02:26:11","2026-08-06 02:26:37",00:00:26,0.002
08052125-9434-0139-0000-060aad74a99d,google,organic,"how much money has fortnite made all time",2840,en,,v3/serp/google/organic/live/advanced,20000,10,"2026-08-06 02:25:53","2026-08-06 02:26:11",00:00:18,0.0155
08052125-9434-0139-0000-b13acff614d1,google,organic,"uk mobile app developers",2840,en,,v3/serp/google/organic/live/advanced,20000,9,"2026-08-06 02:25:36","2026-08-06 02:25:53",00:00:17,0.014
08052125-9434-0139-0000-b618d86c41c5,google,organic,"cost to create an app for iphone",2840,en,,v3/serp/google/organic/live/advanced,20000,10,"2026-08-06 02:25:05","2026-08-06 02:25:36",00:00:31,0.0155
08052124-9434-0139-0000-0ce2a8665259,google,organic,"how many apps are created a day?",2840,en,,v3/serp/google/organic/live/advanced,20000,10,"2026-08-06 02:24:22","2026-08-06 02:25:04",00:00:42,0.0155
08052124-9434-0139-0000-7862052af5e7,google,organic,"apps like step",2840,en,,v3/serp/google/organic/live/advanced,20000,8,"2026-08-06 02:24:04","2026-08-06 02:24:22",00:00:18,0.0125
08052123-9434-0139-0000-5f7ffc26523c,google,organic,"flutter app development cost",2840,en,,v3/serp/google/organic/live/advanced,20000,8,"2026-08-06 02:23:40","2026-08-06 02:24:00",00:00:20,0.0125
08052123-9434-0139-0000-a6714b9264f6,google,organic,"how much money does fortnite make in a year",2840,en,,v3/serp/google/organic/live/advanced,20000,10,"2026-08-06 02:23:24","2026-08-06 02:23:40",00:00:16,0.0155
08052123-9434-0139-0000-38cfe40dd282,google,organic,"app developers california",2840,en,,v3/serp/google/organic/live/advanced,20000,10,"2026-08-06 02:23:16","2026-08-06 02:23:24",00:00:08,0.0155
08052122-9434-0139-0000-dc43fe97f674,google,organic,"average cost to develop an iphone app",2840,en,,v3/serp/google/organic/live/advanced,20000,10,"2026-08-06 02:22:57","2026-08-06 02:23:15",00:00:18,0.0155
08052122-9434-0139-0000-3ee81c048c0a,google,organic,"ecommerce app development services",2840,en,,v3/serp/google/organic/live/advanced,20000,10,"2026-08-06 02:22:27","2026-08-06 02:22:56",00:00:29,0.0155
08052122-9434-0139-0000-2b358090371e,google,organic,"app development company los angeles",2840,en,,v3/serp/google/organic/live/advanced,20000,10,"2026-08-06 02:22:09","2026-08-06 02:22:27",00:00:18,0.0155
08052121-9434-0139-0000-cc3ea43b60f9,google,organic,"how much does fortnite make per day",2840,en,,v3/serp/google/organic/live/advanced,20000,10,"2026-08-06 02:21:40","2026-08-06 02:22:08",00:00:28,0.0155
08052121-9434-0139-0000-fdcfab5ddcb2,google,organic,"what is fortnite's net worth",2840,en,,v3/serp/google/organic/live/advanced,20000,10,"2026-08-06 02:21:20","2026-08-06 02:21:40",00:00:20,0.0155
08052121-9434-0139-0000-c44e6d7c644e,google,organic,"how much money do mobile games make per ad",2840,en,,v3/serp/google/organic/live/advanced,20000,7,"2026-08-06 02:21:03","2026-08-06 02:21:20",00:00:17,0.011
08052120-9434-0139-0000-c80b911d8d35,google,organic,"online marketing company usa",2840,en,,v3/serp/google/organic/live/advanced,20000,0,"2026-08-06 02:20:34","2026-08-06 02:21:03",00:00:29,0.002
08052120-9434-0139-0000-1bab81ba3779,google,organic,"how much money has fortnite made",2840,en,,v3/serp/google/organic/live/advanced,20000,10,"2026-08-06 02:20:19","2026-08-06 02:20:33",00:00:14,0.0155
08052120-9434-0139-0000-e72627b3eb60,google,organic,"apps like super.com",2840,en,,v3/serp/google/organic/live/advanced,20000,6,"2026-08-06 02:20:11","2026-08-06 02:20:19",00:00:08,0.0095
08052119-9434-0139-0000-fcba8d59855e,google,organic,"app development companies nyc",2840,en,,v3/serp/google/organic/live/advanced,20000,10,"2026-08-06 02:19:44","2026-08-06 02:20:11",00:00:27,0.0155
08052119-9434-0139-0000-166d214dc656,google,organic,"android app development company in uk",2840,en,,v3/serp/google/organic/live/advanced,20000,10,"2026-08-06 02:19:16","2026-08-06 02:19:44",00:00:28,0.0155
08052119-9434-0139-0000-e742b0fd8a43,google,organic,"how much money do mobile games make from ads",2840,en,,v3/serp/google/organic/live/advanced,20000,10,"2026-08-06 02:19:04","2026-08-06 02:19:15",00:00:11,0.0155
08052118-9434-0139-0000-d910547b28d5,google,organic,"mobile app development companies in london",2840,en,,v3/serp/google/organic/live/advanced,20000,10,"2026-08-06 02:18:35","2026-08-06 02:19:04",00:00:29,0.0155
08052118-9434-0139-0000-e76ea0b3d4cb,google,organic,"chatbot app development",2840,en,,v3/serp/google/organic/live/advanced,20000,10,"2026-08-06 02:18:23","2026-08-06 02:18:35",00:00:12,0.0155
08052118-9434-0139-0000-746af1aa91db,google,organic,"how much money does fortnite make in a day",2840,en,,v3/serp/google/organic/live/advanced,20000,10,"2026-08-06 02:18:03","2026-08-06 02:18:23",00:00:20,0.0155
08052117-9434-0139-0000-412c751dd8d3,google,organic,"android app developers nyc",2840,en,,v3/serp/google/organic/live/advanced,20000,10,"2026-08-06 02:17:33","2026-08-06 02:18:02",00:00:29,0.0155
08052117-9434-0139-0000-e7475a4f2fb6,google,organic,"mobile app development new york city",2840,en,,v3/serp/google/organic/live/advanced,20000,10,"2026-08-06 02:17:11","2026-08-06 02:17:33",00:00:22,0.0155
08052116-9434-0139-0000-0afcd83af8cd,google,organic,"app developers in denver",2840,en,,v3/serp/google/organic/live/advanced,20000,10,"2026-08-06 02:16:48","2026-08-06 02:17:11",00:00:23,0.0155
08052116-9434-0139-0000-1f5125652635,google,organic,"apps like reddit",2840,en,,v3/serp/google/organic/live/advanced,20000,9,"2026-08-06 02:16:32","2026-08-06 02:16:48",00:00:16,0.014
08052116-9434-0139-0000-567b64ef8bf8,google,organic,"application development new york",2840,en,,v3/serp/google/organic/live/advanced,20000,10,"2026-08-06 02:16:14","2026-08-06 02:16:32",00:00:18,0.0155
08052115-9434-0139-0000-a703b6569359,google,organic,"instacash apps",2840,en,,v3/serp/google/organic/live/advanced,20000,10,"2026-08-06 02:15:49","2026-08-06 02:16:13",00:00:24,0.0155
08052115-9434-0139-0000-baa90986e1e9,google,organic,"mobile app denver",2840,en,,v3/serp/google/organic/live/advanced,20000,4,"2026-08-06 02:15:41","2026-08-06 02:15:49",00:00:08,0.0065
08052115-9434-0139-0000-3f19eae5dd2f,google,organic,"is fortnite profitable",2840,en,,v3/serp/google/organic/live/advanced,20000,10,"2026-08-06 02:15:27","2026-08-06 02:15:35",00:00:08,0.0155
08052115-9434-0139-0000-977a3d36a892,google,organic,"how much does epic games make a day",2840,en,,v3/serp/google/organic/live/advanced,20000,10,"2026-08-06 02:15:05","2026-08-06 02:15:27",00:00:22,0.0155
08052114-9434-0139-0000-06d952a7cab9,google,organic,"android app development company uk",2840,en,,v3/serp/google/organic/live/advanced,20000,6,"2026-08-06 02:14:24","2026-08-06 02:14:50",00:00:26,0.0095
08052114-9434-0139-0000-aee7c1fe4a76,google,organic,"how much money does epic games make a day",2840,en,,v3/serp/google/organic/live/advanced,20000,8,"2026-08-06 02:14:10","2026-08-06 02:14:23",00:00:13,0.0125
08052113-9434-0139-0000-b0a08ff217a3,google,organic,"internet marketing agency usa",2840,en,,v3/serp/google/organic/live/advanced,20000,10,"2026-08-06 02:13:51","2026-08-06 02:14:10",00:00:19,0.0155
08052113-9434-0139-0000-09bc9a8282ab,google,organic,"how much does fortnite make in a day",2840,en,,v3/serp/google/organic/live/advanced,20000,10,"2026-08-06 02:13:39","2026-08-06 02:13:51",00:00:12,0.0155
08052113-9434-0139-0000-cd4c047782ea,google,organic,"best digital marketing agency in usa",2840,en,,v3/serp/google/organic/live/advanced,20000,10,"2026-08-06 02:13:15","2026-08-06 02:13:38",00:00:23,0.0155
08052112-9434-0139-0000-e00d821d1e29,google,organic,"fortnite yearly revenue",2840,en,,v3/serp/google/organic/live/advanced,20000,10,"2026-08-06 02:12:57","2026-08-06 02:13:15",00:00:18,0.0155
08052112-9434-0139-0000-635e463d1982,google,organic,"apps like grid",2840,en,,v3/serp/google/organic/live/advanced,20000,8,"2026-08-06 02:12:34","2026-08-06 02:12:57",00:00:23,0.0125
08052112-9434-0139-0000-40784e7ffcd0,google,organic,"multimodal ai examples",2840,en,,v3/serp/google/organic/live/advanced,20000,10,"2026-08-06 02:12:16","2026-08-06 02:12:34",00:00:18,0.0155
08052111-9434-0139-0000-7170baa0756d,google,organic,"hire android app developer",2840,en,,v3/serp/google/organic/live/advanced,20000,10,"2026-08-06 02:11:59","2026-08-06 02:12:15",00:00:16,0.0155
08052111-9434-0139-0000-3d37e7e59f85,google,organic,"fortnite daily revenue",2840,en,,v3/serp/google/organic/live/advanced,20000,10,"2026-08-06 02:11:29","2026-08-06 02:11:58",00:00:29,0.0155
08052111-9434-0139-0000-43cea7a9b26e,google,organic,"mobile app development agency london",2840,en,,v3/serp/google/organic/live/advanced,20000,9,"2026-08-06 02:11:06","2026-08-06 02:11:29",00:00:23,0.014
08052110-9434-0139-0000-6ca99d70a481,google,organic,"app development agency in new york",2840,en,,v3/serp/google/organic/live/advanced,20000,10,"2026-08-06 02:10:41","2026-08-06 02:11:06",00:00:25,0.0155
08052110-9434-0139-0000-cdd438f06bdb,google,organic,"denver web app development",2840,en,,v3/serp/google/organic/live/advanced,20000,0,"2026-08-06 02:10:24","2026-08-06 02:10:40",00:00:16,0.002
08052110-9434-0139-0000-d0cd63ef6014,google,organic,"app developers uk",2840,en,,v3/serp/google/organic/live/advanced,20000,10,"2026-08-06 02:10:01","2026-08-06 02:10:23",00:00:22,0.0155
08052109-9434-0139-0000-da26e0b4b072,google,organic,"web app development chicago",2840,en,,v3/serp/google/organic/live/advanced,20000,1,"2026-08-06 02:09:24","2026-08-06 02:10:01",00:00:37,0.002
08052109-9434-0139-0000-a17c9a019a5a,google,organic,"mobile app developers in chicago",2840,en,,v3/serp/google/organic/live/advanced,20000,10,"2026-08-06 02:09:03","2026-08-06 02:09:23",00:00:20,0.0155
08052108-9434-0139-0000-58089676277d,google,organic,"currency exchange app",2840,en,,v3/serp/google/organic/live/advanced,20000,10,"2026-08-06 02:08:53","2026-08-06 02:09:02",00:00:09,0.0155
08052108-9434-0139-0000-bf136d4aaad6,google,organic,"iphone vs android market share",2840,en,,v3/serp/google/organic/live/advanced,20000,10,"2026-08-06 02:08:43","2026-08-06 02:08:53",00:00:10,0.0155
08052108-9434-0139-0000-7cf63e8d7b4b,google,organic,"app development toronto",2840,en,,v3/serp/google/organic/live/advanced,20000,8,"2026-08-06 02:08:21","2026-08-06 02:08:43",00:00:22,0.0125
08052108-9434-0139-0000-8caaa622b753,google,organic,"average mobile game revenue",2840,en,,v3/serp/google/organic/live/advanced,20000,10,"2026-08-06 02:08:01","2026-08-06 02:08:21",00:00:20,0.0155
08052107-9434-0139-0000-18448db628e1,google,organic,"how do mobile games make money",2840,en,,v3/serp/google/organic/live/advanced,20000,10,"2026-08-06 02:07:37","2026-08-06 02:08:01",00:00:24,0.0155
08052107-9434-0139-0000-3f2481554248,google,organic,"mobile app developers nyc",2840,en,,v3/serp/google/organic/live/advanced,20000,10,"2026-08-06 02:07:19","2026-08-06 02:07:37",00:00:18,0.0155
08052107-9434-0139-0000-872775bf4ad4,google,organic,"ecommerce app development dubai",2840,en,,v3/serp/google/organic/live/advanced,20000,7,"2026-08-06 02:07:04","2026-08-06 02:07:19",00:00:15,0.011
08052106-9434-0139-0000-501cf62ca6df,google,organic,"what is the typical timeline of a poc?",2840,en,,v3/serp/google/organic/live/advanced,20000,10,"2026-08-06 02:06:40","2026-08-06 02:07:04",00:00:24,0.0155
08052106-9434-0139-0000-aef22f4f45b4,google,organic,"professional web development service",2840,en,,v3/serp/google/organic/live/advanced,20000,10,"2026-08-06 02:06:18","2026-08-06 02:06:40",00:00:22,0.0155
08052105-9434-0139-0000-cfda68baabf3,google,organic,"how much has epic games made from fortnite",2840,en,,v3/serp/google/organic/live/advanced,20000,10,"2026-08-06 02:05:47","2026-08-06 02:06:17",00:00:30,0.0155
08052105-9434-0139-0000-8d9e50a33f7a,google,organic,"ecommerce app development company",2840,en,,v3/serp/google/organic/live/advanced,20000,10,"2026-08-06 02:05:25","2026-08-06 02:05:47",00:00:22,0.0155
08052104-9434-0139-0000-31db124496df,google,organic,"web application development company new york",2840,en,,v3/serp/google/organic/live/advanced,20000,2,"2026-08-06 02:04:50","2026-08-06 02:05:25",00:00:35,0.0035
08052104-9434-0139-0000-07f3c46dabad,google,organic,"games like osrs",2840,en,,v3/serp/google/organic/live/advanced,20000,8,"2026-08-06 02:04:17","2026-08-06 02:04:50",00:00:33,0.0125
08052104-9434-0139-0000-e168fcbf0b52,google,organic,"how much do mobile games make per ad",2840,en,,v3/serp/google/organic/live/advanced,20000,7,"2026-08-06 02:04:04","2026-08-06 02:04:17",00:00:13,0.011
08052103-9434-0139-0000-11b5feea4e60,google,organic,"mobile application development company new york",2840,en,,v3/serp/google/organic/live/advanced,20000,10,"2026-08-06 02:03:45","2026-08-06 02:04:04",00:00:19,0.0155
08052103-9434-0139-0000-e48ad752299a,google,organic,"example of software development",2840,en,,v3/serp/google/organic/live/advanced,20000,10,"2026-08-06 02:03:19","2026-08-06 02:03:45",00:00:26,0.0155
08052103-9434-0139-0000-18460c96252f,google,organic,"app developers in houston",2500,en,,v3/serp/google/organic/live/advanced,20000,7,"2026-08-06 02:03:04","2026-08-06 02:03:19",00:00:15,0.011
08052102-9434-0139-0000-07126f2786c0,google,organic,"custom software development services",2840,en,,v3/serp/google/organic/live/advanced,20000,10,"2026-08-06 02:02:26","2026-08-06 02:03:04",00:00:38,0.0155
08052102-9434-0139-0000-cc5ec98a0924,google,organic,"mobile app development denver",2840,en,,v3/serp/google/organic/live/advanced,20000,10,"2026-08-06 02:02:06","2026-08-06 02:02:26",00:00:20,0.0155
08052101-9434-0139-0000-5820ae2a9d23,google,organic,"mobile app development san diego",2840,en,,v3/serp/google/organic/live/advanced,20000,10,"2026-08-06 02:01:47","2026-08-06 02:02:05",00:00:18,0.0155
08052101-9434-0139-0000-7be0d5b23542,google,organic,"ai chatbot development company",2840,en,,v3/serp/google/organic/live/advanced,20000,10,"2026-08-06 02:01:20","2026-08-06 02:01:46",00:00:26,0.0155
08052101-9434-0139-0000-777c68813d24,google,organic,"ai chatbot development services",2840,en,,v3/serp/google/organic/live/advanced,20000,10,"2026-08-06 02:01:01","2026-08-06 02:01:20",00:00:19,0.0155
08052100-9434-0139-0000-25b3d5cc15f9,google,organic,"lms company",2840,en,,v3/serp/google/organic/live/advanced,20000,10,"2026-08-06 02:00:43","2026-08-06 02:01:01",00:00:18,0.0155
08052100-9434-0139-0000-a53e74e80f64,google,organic,"custom lms development",2840,en,,v3/serp/google/organic/live/advanced,20000,10,"2026-08-06 02:00:16","2026-08-06 02:00:43",00:00:27,0.0155
08052059-9434-0139-0000-eca5427c163e,google,organic,"lms services",2840,en,,v3/serp/google/organic/live/advanced,20000,10,"2026-08-06 01:59:51","2026-08-06 02:00:16",00:00:25,0.0155
08052059-9434-0139-0000-a0ec09c57928,google,organic,"custom learning management system development",2840,en,,v3/serp/google/organic/live/advanced,20000,10,"2026-08-06 01:59:27","2026-08-06 01:59:51",00:00:24,0.0155
08052059-9434-0139-0000-4e9dc4fd572b,google,organic,"lms development services",2840,en,,v3/serp/google/organic/live/advanced,20000,10,"2026-08-06 01:59:12","2026-08-06 01:59:27",00:00:15,0.0155
08052059-9434-0139-0000-4d6e5b92037d,google,organic,"lms development company",2840,en,,v3/serp/google/organic/live/advanced,20000,10,"2026-08-06 01:59:01","2026-08-06 01:59:11",00:00:10,0.0155
08052058-9434-0139-0000-889d00666d4a,google,organic,"lms developers",2840,en,,v3/serp/google/organic/live/advanced,20000,10,"2026-08-06 01:58:29","2026-08-06 01:59:01",00:00:32,0.0155
08052058-9434-0139-0000-25d0f568ff46,google,organic,"enterprise app developers",2840,en,,v3/serp/google/organic/live/advanced,20000,10,"2026-08-06 01:58:04","2026-08-06 01:58:29",00:00:25,0.0155
08052057-9434-0139-0000-7d0f51227eb6,google,organic,"enterprise mobile application development",2840,en,,v3/serp/google/organic/live/advanced,20000,10,"2026-08-06 01:57:48","2026-08-06 01:58:04",00:00:16,0.0155
08052057-9434-0139-0000-e080af9f53fd,google,organic,"enterprise mobile application development company",2840,en,,v3/serp/google/organic/live/advanced,20000,10,"2026-08-06 01:57:34","2026-08-06 01:57:48",00:00:14,0.0155
08052057-9434-0139-0000-82d74980d570,google,organic,"enterprise app development services",2840,en,,v3/serp/google/organic/live/advanced,20000,10,"2026-08-06 01:57:16","2026-08-06 01:57:33",00:00:17,0.0155
08052056-9434-0139-0000-d82f4c5d2481,google,organic,"enterprise mobile app development company",2840,en,,v3/serp/google/organic/live/advanced,20000,10,"2026-08-06 01:56:46","2026-08-06 01:57:05",00:00:19,0.0155
08052055-9434-0139-0000-32f3f9865e8c,google,organic,"enterprise app development company",2840,en,,v3/serp/google/organic/live/advanced,20000,10,"2026-08-06 01:55:55","2026-08-06 01:56:14",00:00:19,0.0155
08052055-9434-0139-0000-7366c8d6099b,google,organic,"app store optimization expert",2840,en,,v3/serp/google/organic/live/advanced,20000,10,"2026-08-06 01:55:29","2026-08-06 01:55:55",00:00:26,0.0155
08052055-9434-0139-0000-1f074dc0ed65,google,organic,"app store optimisation service",2840,en,,v3/serp/google/organic/live/advanced,20000,9,"2026-08-06 01:55:05","2026-08-06 01:55:29",00:00:24,0.014
08052054-9434-0139-0000-831bdfffdcf0,google,organic,"app store optimization agency",2840,en,,v3/serp/google/organic/live/advanced,20000,9,"2026-08-06 01:54:52","2026-08-06 01:55:05",00:00:13,0.014
08052054-9434-0139-0000-4362ab73c004,google,organic,"app store optimization company",2840,en,,v3/serp/google/organic/live/advanced,20000,8,"2026-08-06 01:54:28","2026-08-06 01:54:52",00:00:24,0.0125
08052054-9434-0139-0000-56bb725061cb,google,organic,"app store optimization services",2840,en,,v3/serp/google/organic/live/advanced,20000,9,"2026-08-06 01:54:11","2026-08-06 01:54:28",00:00:17,0.014
08052053-9434-0139-0000-b52701f5727e,google,organic,"custom magento development services",2840,en,,v3/serp/google/organic/live/advanced,20000,10,"2026-08-06 01:53:43","2026-08-06 01:54:11",00:00:28,0.0155
08052053-9434-0139-0000-ade39c0d5148,google,organic,"magento ecommerce development services",2840,en,,v3/serp/google/organic/live/advanced,20000,10,"2026-08-06 01:53:20","2026-08-06 01:53:43",00:00:23,0.0155
08052053-9434-0139-0000-d24492e9aec4,google,organic,"magento ecommerce development company",2840,en,,v3/serp/google/organic/live/advanced,20000,10,"2026-08-06 01:53:00","2026-08-06 01:53:20",00:00:20,0.0155
08052052-9434-0139-0000-1ab427ff6f7d,google,organic,"magento development agency",2840,en,,v3/serp/google/organic/live/advanced,20000,9,"2026-08-06 01:52:50","2026-08-06 01:53:00",00:00:10,0.014
08052052-9434-0139-0000-b848048b0969,google,organic,"magento development company",2840,en,,v3/serp/google/organic/live/advanced,20000,10,"2026-08-06 01:52:31","2026-08-06 01:52:50",00:00:19,0.0155
08052052-9434-0139-0000-086b96e245c2,google,organic,"magento development services",2840,en,,v3/serp/google/organic/live/advanced,20000,10,"2026-08-06 01:52:01","2026-08-06 01:52:31",00:00:30,0.0155
08052051-9434-0139-0000-e0d7ad42fbe6,google,organic,"application support services",2840,en,,v3/serp/google/organic/live/advanced,20000,10,"2026-08-06 01:51:48","2026-08-06 01:52:00",00:00:12,0.0155
08052051-9434-0139-0000-f60a213b15dc,google,organic,"application maintenance services",2840,en,,v3/serp/google/organic/live/advanced,20000,10,"2026-08-06 01:51:33","2026-08-06 01:51:48",00:00:15,0.0155
08052051-9434-0139-0000-af119858a35b,google,organic,"application support and maintenance services",2840,en,,v3/serp/google/organic/live/advanced,20000,10,"2026-08-06 01:51:17","2026-08-06 01:51:33",00:00:16,0.0155
08052050-9434-0139-0000-fda0eb6c7c58,google,organic,"app maintenance company",2840,en,,v3/serp/google/organic/live/advanced,20000,10,"2026-08-06 01:50:52","2026-08-06 01:51:17",00:00:25,0.0155
08052050-9434-0139-0000-872bbea3d49c,google,organic,"mobile app maintenance",2840,en,,v3/serp/google/organic/live/advanced,20000,10,"2026-08-06 01:50:42","2026-08-06 01:50:52",00:00:10,0.0155
08052050-9434-0139-0000-a41471bc7465,google,organic,"app maintenance services",2840,en,,v3/serp/google/organic/live/advanced,20000,6,"2026-08-06 01:50:27","2026-08-06 01:50:42",00:00:15,0.0095
08052050-9434-0139-0000-7dc5be6c81fe,google,organic,"mobile app maintenance services",2840,en,,v3/serp/google/organic/live/advanced,20000,10,"2026-08-06 01:50:17","2026-08-06 01:50:26",00:00:09,0.0155
08052050-9434-0139-0000-e48a56843b44,google,organic,"Mobile Application Maintenance Services",2840,en,,v3/serp/google/organic/live/advanced,20000,10,"2026-08-06 01:50:03","2026-08-06 01:50:17",00:00:14,0.0155
08052049-9434-0139-0000-e3d855dc8cc3,google,organic,"website application development",2840,en,,v3/serp/google/organic/live/advanced,20000,10,"2026-08-06 01:49:43","2026-08-06 01:50:03",00:00:20,0.0155
08052049-9434-0139-0000-afe6f1703d65,google,organic,"web app development company",2840,en,,v3/serp/google/organic/live/advanced,20000,10,"2026-08-06 01:49:21","2026-08-06 01:49:42",00:00:21,0.0155
08052049-9434-0139-0000-58c078678a41,google,organic,"web app development services",2840,en,,v3/serp/google/organic/live/advanced,20000,10,"2026-08-06 01:49:03","2026-08-06 01:49:21",00:00:18,0.0155
08052048-9434-0139-0000-57658df4fdc6,google,organic,"custom web application development company",2840,en,,v3/serp/google/organic/live/advanced,20000,10,"2026-08-06 01:48:43","2026-08-06 01:49:02",00:00:19,0.0155
08052048-9434-0139-0000-cd10eb91b105,google,organic,"custom web application development",2840,en,,v3/serp/google/organic/live/advanced,20000,10,"2026-08-06 01:48:34","2026-08-06 01:48:43",00:00:09,0.0155
08052048-9434-0139-0000-9b253e58ac64,google,organic,"custom web application development services",2840,en,,v3/serp/google/organic/live/advanced,20000,10,"2026-08-06 01:48:08","2026-08-06 01:48:33",00:00:25,0.0155
08052047-9434-0139-0000-efeb7c67fcc1,google,organic,"web application development company",2840,en,,v3/serp/google/organic/live/advanced,20000,10,"2026-08-06 01:47:49","2026-08-06 01:48:07",00:00:18,0.0155
08052047-9434-0139-0000-474dfac671d4,google,organic,"api integration developer",2840,en,,v3/serp/google/organic/live/advanced,20000,10,"2026-08-06 01:47:34","2026-08-06 01:47:49",00:00:15,0.0155
08052047-9434-0139-0000-9f2381535db7,google,organic,"custom api development services",2840,en,,v3/serp/google/organic/live/advanced,20000,10,"2026-08-06 01:47:20","2026-08-06 01:47:34",00:00:14,0.0155
08052047-9434-0139-0000-b86cb8e9264c,google,organic,"custom api integration services",2840,en,,v3/serp/google/organic/live/advanced,20000,6,"2026-08-06 01:47:07","2026-08-06 01:47:19",00:00:12,0.0095
08052046-9434-0139-0000-7fb3dc32198b,google,organic,"api integration company",2840,en,,v3/serp/google/organic/live/advanced,20000,10,"2026-08-06 01:46:44","2026-08-06 01:47:07",00:00:23,0.0155
08052046-9434-0139-0000-50457b1e916f,google,organic,"api development services",2840,en,,v3/serp/google/organic/live/advanced,20000,10,"2026-08-06 01:46:32","2026-08-06 01:46:44",00:00:12,0.0155
08052046-9434-0139-0000-31206a755eae,google,organic,"api development and integration services",2840,en,,v3/serp/google/organic/live/advanced,20000,10,"2026-08-06 01:46:09","2026-08-06 01:46:32",00:00:23,0.0155
08052045-9434-0139-0000-db40d028d9d9,google,organic,"api integration services",2840,en,,v3/serp/google/organic/live/advanced,20000,10,"2026-08-06 01:45:50","2026-08-06 01:46:09",00:00:19,0.0155
08052045-9434-0139-0000-50c0c50c7002,google,organic,"mobile application development san diego",2840,en,,v3/serp/google/organic/live/advanced,20000,10,"2026-08-06 01:45:23","2026-08-06 01:45:50",00:00:27,0.0155
08052044-9434-0139-0000-114855f898b1,google,organic,"san diego app developers",2840,en,,v3/serp/google/organic/live/advanced,20000,10,"2026-08-06 01:44:51","2026-08-06 01:45:23",00:00:32,0.0155
08052044-9434-0139-0000-c7b1dc9d6d43,google,organic,"mobile app development company san diego",2840,en,,v3/serp/google/organic/live/advanced,20000,10,"2026-08-06 01:44:32","2026-08-06 01:44:51",00:00:19,0.0155
08052044-9434-0139-0000-ac5d563f3599,google,organic,"app development san diego",2840,en,,v3/serp/google/organic/live/advanced,20000,10,"2026-08-06 01:44:13","2026-08-06 01:44:31",00:00:18,0.0155
08052043-9434-0139-0000-b242a54da1c1,google,organic,"los angeles app developers",2840,en,,v3/serp/google/organic/live/advanced,20000,10,"2026-08-06 01:43:31","2026-08-06 01:44:11",00:00:40,0.0155
08052042-9434-0139-0000-48ff0170cab7,google,organic,"app development companies los angeles",2840,en,,v3/serp/google/organic/live/advanced,20000,9,"2026-08-06 01:42:52","2026-08-06 01:43:31",00:00:39,0.014
08052042-9434-0139-0000-f1d520aace16,google,organic,"mobile app developers los angeles",2840,en,,v3/serp/google/organic/live/advanced,20000,10,"2026-08-06 01:42:36","2026-08-06 01:42:52",00:00:16,0.0155
08052042-9434-0139-0000-b90077c156a5,google,organic,"mobile app development company in los angeles",2840,en,,v3/serp/google/organic/live/advanced,20000,10,"2026-08-06 01:42:22","2026-08-06 01:42:36",00:00:14,0.0155
08052042-9434-0139-0000-a11a248b0c50,google,organic,"los angeles mobile app development",2840,en,,v3/serp/google/organic/live/advanced,20000,10,"2026-08-06 01:42:02","2026-08-06 01:42:22",00:00:20,0.0155
08052041-9434-0139-0000-244c1ab57869,google,organic,"iphone app developers los angeles",2840,en,,v3/serp/google/organic/live/advanced,20000,10,"2026-08-06 01:41:44","2026-08-06 01:42:01",00:00:17,0.0155
08052041-9434-0139-0000-cd0d1f48aec0,google,organic,"mobile app development los angeles",2840,en,,v3/serp/google/organic/live/advanced,20000,10,"2026-08-06 01:41:22","2026-08-06 01:41:44",00:00:22,0.0155
08052040-9434-0139-0000-23ec776b2862,google,organic,"app developer los angeles",2840,en,,v3/serp/google/organic/live/advanced,20000,10,"2026-08-06 01:40:57","2026-08-06 01:41:22",00:00:25,0.0155
08052040-9434-0139-0000-72d55f1c9790,google,organic,"app development los angeles",2840,en,,v3/serp/google/organic/live/advanced,20000,10,"2026-08-06 01:40:40","2026-08-06 01:40:57",00:00:17,0.0155
08052040-9434-0139-0000-17ed74164c6e,google,organic,"app developers in los angeles",2840,en,,v3/serp/google/organic/live/advanced,20000,10,"2026-08-06 01:40:25","2026-08-06 01:40:40",00:00:15,0.0155
08052040-9434-0139-0000-bd184d27302b,google,organic,"ios app development los angeles",2840,en,,v3/serp/google/organic/live/advanced,20000,10,"2026-08-06 01:40:09","2026-08-06 01:40:24",00:00:15,0.0155
08052039-9434-0139-0000-da89dfefda27,google,organic,"app developers los angeles",2840,en,,v3/serp/google/organic/live/advanced,20000,10,"2026-08-06 01:39:59","2026-08-06 01:40:09",00:00:10,0.0155
08052039-9434-0139-0000-20808eed5a90,google,organic,"iphone app development los angeles",2840,en,,v3/serp/google/organic/live/advanced,20000,10,"2026-08-06 01:39:35","2026-08-06 01:39:59",00:00:24,0.0155
08052039-9434-0139-0000-86ee8ff3423f,google,organic,"ecommerce website developer",2840,en,,v3/serp/google/organic/live/advanced,20000,10,"2026-08-06 01:39:14","2026-08-06 01:39:35",00:00:21,0.0155
08052038-9434-0139-0000-ed6bf3abb5b4,google,organic,"ecommerce website design company",2840,en,,v3/serp/google/organic/live/advanced,20000,10,"2026-08-06 01:38:43","2026-08-06 01:39:14",00:00:31,0.0155
08052038-9434-0139-0000-701af944a37f,google,organic,"ecommerce web design agency",2840,en,,v3/serp/google/organic/live/advanced,20000,10,"2026-08-06 01:38:14","2026-08-06 01:38:43",00:00:29,0.0155
08052037-9434-0139-0000-ae94860cc0db,google,organic,"ecommerce web design company",2840,en,,v3/serp/google/organic/live/advanced,20000,10,"2026-08-06 01:37:58","2026-08-06 01:38:14",00:00:16,0.0155
08052037-9434-0139-0000-8e2276f91f01,google,organic,"ecommerce website development company",2840,en,,v3/serp/google/organic/live/advanced,20000,10,"2026-08-06 01:37:20","2026-08-06 01:37:58",00:00:38,0.0155
08052036-9434-0139-0000-167f169db589,google,organic,"ecommerce web development",2840,en,,v3/serp/google/organic/live/advanced,20000,10,"2026-08-06 01:36:49","2026-08-06 01:37:20",00:00:31,0.0155
08052036-9434-0139-0000-1ce098d8d736,google,organic,"ecommerce website development",2840,en,,v3/serp/google/organic/live/advanced,20000,10,"2026-08-06 01:36:35","2026-08-06 01:36:49",00:00:14,0.0155
08052036-9434-0139-0000-4c5198c91823,google,organic,"custom cms development",2840,en,,v3/serp/google/organic/live/advanced,20000,6,"2026-08-06 01:36:29","2026-08-06 01:36:35",00:00:06,0.0095
08052036-9434-0139-0000-53ec98642626,google,organic,"cms website design company",2840,en,,v3/serp/google/organic/live/advanced,20000,10,"2026-08-06 01:36:17","2026-08-06 01:36:28",00:00:11,0.0155
08052036-9434-0139-0000-b56cfa8b4558,google,organic,"cms development",2840,en,,v3/serp/google/organic/live/advanced,20000,10,"2026-08-06 01:36:06","2026-08-06 01:36:17",00:00:11,0.0155
08052035-9434-0139-0000-1d894cdd04cc,google,organic,"cms website development services",2840,en,,v3/serp/google/organic/live/advanced,20000,9,"2026-08-06 01:35:42","2026-08-06 01:36:06",00:00:24,0.014
08052035-9434-0139-0000-c38bae6960a1,google,organic,"cms development services",2840,en,,v3/serp/google/organic/live/advanced,20000,9,"2026-08-06 01:35:27","2026-08-06 01:35:42",00:00:15,0.014
08052035-9434-0139-0000-8fda29f5f1ec,google,organic,"cms development companies",2840,en,,v3/serp/google/organic/live/advanced,20000,10,"2026-08-06 01:35:02","2026-08-06 01:35:27",00:00:25,0.0155
08052034-9434-0139-0000-f8f79c2ede01,google,organic,"custom cms development services",2840,en,,v3/serp/google/organic/live/advanced,20000,10,"2026-08-06 01:34:49","2026-08-06 01:35:01",00:00:12,0.0155
08052034-9434-0139-0000-413ff2b6f3c1,google,organic,"cms website development company",2840,en,,v3/serp/google/organic/live/advanced,20000,10,"2026-08-06 01:34:30","2026-08-06 01:34:49",00:00:19,0.0155
08052034-9434-0139-0000-fddcc1fc652a,google,organic,"cms website development companies",2840,en,,v3/serp/google/organic/live/advanced,20000,5,"2026-08-06 01:34:08","2026-08-06 01:34:30",00:00:22,0.008
08052033-9434-0139-0000-9774592c05a4,google,organic,"cms web development services",2840,en,,v3/serp/google/organic/live/advanced,20000,10,"2026-08-06 01:33:50","2026-08-06 01:34:08",00:00:18,0.0155
08052033-9434-0139-0000-aadc47bf745b,google,organic,"custom cms development company",2840,en,,v3/serp/google/organic/live/advanced,20000,10,"2026-08-06 01:33:36","2026-08-06 01:33:50",00:00:14,0.0155
08052033-9434-0139-0000-884904d478c4,google,organic,"cms development service",2840,en,,v3/serp/google/organic/live/advanced,20000,9,"2026-08-06 01:33:17","2026-08-06 01:33:36",00:00:19,0.014
08052033-9434-0139-0000-8f0d053f8b94,google,organic,"cms development company",2840,en,,v3/serp/google/organic/live/advanced,20000,10,"2026-08-06 01:33:06","2026-08-06 01:33:17",00:00:11,0.0155
08052032-9434-0139-0000-c540b25a5ea0,google,organic,"2d game developer",2840,en,,v3/serp/google/organic/live/advanced,20000,10,"2026-08-06 01:32:35","2026-08-06 01:33:06",00:00:31,0.0155
08052032-9434-0139-0000-1f8216a113fe,google,organic,"2d game studios",2840,en,,v3/serp/google/organic/live/advanced,20000,10,"2026-08-06 01:32:07","2026-08-06 01:32:31",00:00:24,0.0155
08052031-9434-0139-0000-9a1deb060b36,google,organic,"2d game development",2840,en,,v3/serp/google/organic/live/advanced,20000,9,"2026-08-06 01:31:42","2026-08-06 01:32:06",00:00:24,0.014
08052031-9434-0139-0000-5d8e626a3957,google,organic,"2D Game Development Company",2840,en,,v3/serp/google/organic/live/advanced,20000,10,"2026-08-06 01:31:18","2026-08-06 01:31:41",00:00:23,0.0155
08052031-9434-0139-0000-b1523c28f17a,google,organic,"web development agency",2840,en,,v3/serp/google/organic/live/advanced,20000,10,"2026-08-06 01:31:02","2026-08-06 01:31:17",00:00:15,0.0155
08052030-9434-0139-0000-23df437991c4,google,organic,"web development company uk",2826,en,,v3/serp/google/organic/live/advanced,20000,10,"2026-08-06 01:30:51","2026-08-06 01:31:01",00:00:10,0.0155
08052030-9434-0139-0000-3a96c8954f53,google,organic,"web development company",2826,en,,v3/serp/google/organic/live/advanced,20000,10,"2026-08-06 01:30:26","2026-08-06 01:30:51",00:00:25,0.0155
08052030-9434-0139-0000-1ce1f3b30302,google,organic,"web development service",2826,en,,v3/serp/google/organic/live/advanced,20000,10,"2026-08-06 01:30:02","2026-08-06 01:30:26",00:00:24,0.0155
08052029-9434-0139-0000-c58986882b41,google,organic,"website development company",2826,en,,v3/serp/google/organic/live/advanced,20000,10,"2026-08-06 01:29:27","2026-08-06 01:30:02",00:00:35,0.0155
08052029-9434-0139-0000-462e3347725e,google,organic,"web development company in uk",2826,en,,v3/serp/google/organic/live/advanced,20000,10,"2026-08-06 01:29:09","2026-08-06 01:29:27",00:00:18,0.0155
08052028-9434-0139-0000-cb83f1097f7c,google,organic,"mobile app development company in colorado",2840,en,,v3/serp/google/organic/live/advanced,20000,10,"2026-08-06 01:28:30","2026-08-06 01:29:09",00:00:39,0.0155
08052028-9434-0139-0000-90cd8798bd36,google,organic,"mobile application development denver",2404,en,,v3/serp/google/organic/live/advanced,20000,10,"2026-08-06 01:28:02","2026-08-06 01:28:29",00:00:27,0.0155
08052027-9434-0139-0000-92c9b611bcab,google,organic,"denver mobile app development services",2404,en,,v3/serp/google/organic/live/advanced,20000,9,"2026-08-06 01:27:44","2026-08-06 01:28:02",00:00:18,0.014
08052027-9434-0139-0000-aa2387dc3c71,google,organic,"mobile app development denver",2404,en,,v3/serp/google/organic/live/advanced,20000,10,"2026-08-06 01:27:07","2026-08-06 01:27:44",00:00:37,0.0155
08052026-9434-0139-0000-f68aed69ac59,google,organic,"mobile app development companies new york",2840,en,,v3/serp/google/organic/live/advanced,20000,10,"2026-08-06 01:26:40","2026-08-06 01:27:07",00:00:27,0.0155
08052026-9434-0139-0000-e1346df4c635,google,organic,"iphone app developer cost",2840,en,,v3/serp/google/organic/live/advanced,20000,10,"2026-08-06 01:26:27","2026-08-06 01:26:40",00:00:13,0.0155
08052026-9434-0139-0000-7abd1ea1209c,google,organic,"mobile app development company in nyc",2840,en,,v3/serp/google/organic/live/advanced,20000,10,"2026-08-06 01:26:10","2026-08-06 01:26:27",00:00:17,0.0155
08052025-9434-0139-0000-ed40c7ee6172,google,organic,"2d game development services",2840,en,,v3/serp/google/organic/live/advanced,20000,10,"2026-08-06 01:25:47","2026-08-06 01:26:09",00:00:22,0.0155
08052025-9434-0139-0000-cab214fd0db1,google,organic,"new york mobile app development",2840,en,,v3/serp/google/organic/live/advanced,20000,10,"2026-08-06 01:25:38","2026-08-06 01:25:47",00:00:09,0.0155
08052025-9434-0139-0000-31aad0b969ee,google,organic,"mobile app development company in san francisco",2840,en,,v3/serp/google/organic/live/advanced,20000,10,"2026-08-06 01:25:21","2026-08-06 01:25:38",00:00:17,0.0155
08052025-9434-0139-0000-ba295d74a3e5,google,organic,"what is ai automation agency",2840,en,,v3/serp/google/organic/live/advanced,20000,10,"2026-08-06 01:25:01","2026-08-06 01:25:21",00:00:20,0.0155
08052024-9434-0139-0000-2dffa5df6524,google,organic,"iphone app development new york",2840,en,,v3/serp/google/organic/live/advanced,20000,10,"2026-08-06 01:24:42","2026-08-06 01:25:01",00:00:19,0.0155
08052024-9434-0139-0000-57def7874c5c,google,organic,"mobile app development uk",2840,en,,v3/serp/google/organic/live/advanced,20000,10,"2026-08-06 01:24:18","2026-08-06 01:24:42",00:00:24,0.0155
08052024-9434-0139-0000-5f96ac47358f,google,organic,"apps like super",2840,en,,v3/serp/google/organic/live/advanced,20000,9,"2026-08-06 01:24:01","2026-08-06 01:24:18",00:00:17,0.014
08052023-9434-0139-0000-40c6be4c398a,google,organic,"flutter app development company",2840,en,,v3/serp/google/organic/live/advanced,20000,10,"2026-08-06 01:23:24","2026-08-06 01:24:00",00:00:36,0.0155
08052023-9434-0139-0000-ed11823c295c,google,organic,"mobile app developers washington",2840,en,,v3/serp/google/organic/live/advanced,20000,10,"2026-08-06 01:23:02","2026-08-06 01:23:24",00:00:22,0.0155
08052022-9434-0139-0000-cfe5563a7c6f,google,organic,"mobile app developers new york",2840,en,,v3/serp/google/organic/live/advanced,20000,10,"2026-08-06 01:22:39","2026-08-06 01:23:02",00:00:23,0.0155
08052022-9434-0139-0000-785f6d206e2e,google,organic,"digital marketing services company",2840,en,,v3/serp/google/organic/live/advanced,20000,10,"2026-08-06 01:22:03","2026-08-06 01:22:38",00:00:35,0.0155
08052021-9434-0139-0000-aa456a6378fa,google,organic,"mobile app developer los angeles",2840,en,,v3/serp/google/organic/live/advanced,20000,10,"2026-08-06 01:21:44","2026-08-06 01:22:02",00:00:18,0.0155
08052021-9434-0139-0000-d0bd52592d4d,google,organic,"offline games for iphone",2840,en,,v3/serp/google/organic/live/advanced,20000,9,"2026-08-06 01:21:31","2026-08-06 01:21:44",00:00:13,0.014
08052020-9434-0139-0000-7eb20914eeeb,google,organic,"platform development services",2840,en,,v3/serp/google/organic/live/advanced,20000,10,"2026-08-06 01:20:51","2026-08-06 01:21:31",00:00:40,0.0155
08052020-9434-0139-0000-65152f110449,google,organic,"mobile app development companies in uk",2840,en,,v3/serp/google/organic/live/advanced,20000,10,"2026-08-06 01:20:37","2026-08-06 01:20:51",00:00:14,0.0155
08052020-9434-0139-0000-f91452ac363c,google,organic,"mobile app development companies san francisco",2840,en,,v3/serp/google/organic/live/advanced,20000,10,"2026-08-06 01:20:23","2026-08-06 01:20:37",00:00:14,0.0155
08052020-9434-0139-0000-145ccbe856ff,google,organic,"chicago mobile app developers",2840,en,,v3/serp/google/organic/live/advanced,20000,10,"2026-08-06 01:20:15","2026-08-06 01:20:22",00:00:07,0.0155
08052019-9434-0139-0000-0612f99920a8,google,organic,"custom mvp development",2840,en,,v3/serp/google/organic/live/advanced,20000,10,"2026-08-06 01:19:55","2026-08-06 01:20:14",00:00:19,0.0155
08052019-9434-0139-0000-925d7603052b,google,organic,"website development service",2840,en,,v3/serp/google/organic/live/advanced,20000,10,"2026-08-06 01:19:23","2026-08-06 01:19:55",00:00:32,0.0155
08052018-9434-0139-0000-74250cbf2a76,google,organic,"digital marketing agency united states",2840,en,,v3/serp/google/organic/live/advanced,20000,10,"2026-08-06 01:18:48","2026-08-06 01:19:23",00:00:35,0.0155
08052018-9434-0139-0000-c795c357eae5,google,organic,"ai mvp",2840,en,,v3/serp/google/organic/live/advanced,20000,10,"2026-08-06 01:18:34","2026-08-06 01:18:48",00:00:14,0.0155
08052018-9434-0139-0000-881688aa4925,google,organic,"nyc app developers",2840,en,,v3/serp/google/organic/live/advanced,20000,6,"2026-08-06 01:18:16","2026-08-06 01:18:34",00:00:18,0.0095
08052018-9434-0139-0000-477111ea82df,google,organic,"ecommerce website development services",2840,en,,v3/serp/google/organic/live/advanced,20000,10,"2026-08-06 01:18:01","2026-08-06 01:18:16",00:00:15,0.0155
08052017-9434-0139-0000-846362fc83f4,google,organic,"how much money does fortnite have",2840,en,,v3/serp/google/organic/live/advanced,20000,10,"2026-08-06 01:17:43","2026-08-06 01:18:01",00:00:18,0.0155
08052017-9434-0139-0000-43e3821b8f2c,google,organic,"on demand app development services",2840,en,,v3/serp/google/organic/live/advanced,20000,10,"2026-08-06 01:17:20","2026-08-06 01:17:43",00:00:23,0.0155
08052017-9434-0139-0000-94d57b2ec4a8,google,organic,"on demand app development company",2840,en,,v3/serp/google/organic/live/advanced,20000,10,"2026-08-06 01:17:08","2026-08-06 01:17:20",00:00:12,0.0155
08052016-9434-0139-0000-a475559b2a34,google,organic,"on demand app development",2840,en,,v3/serp/google/organic/live/advanced,20000,10,"2026-08-06 01:16:50","2026-08-06 01:17:08",00:00:18,0.0155
08052016-9434-0139-0000-8e1414ad84bc,google,organic,"mobile app development company in New York",2458,en,,v3/serp/google/organic/live/advanced,20000,9,"2026-08-06 01:16:43","2026-08-06 01:16:50",00:00:07,0.014
08052016-9434-0139-0000-398a801acaab,google,organic,"mobile app development company New York",2458,en,,v3/serp/google/organic/live/advanced,20000,10,"2026-08-06 01:16:18","2026-08-06 01:16:43",00:00:25,0.0155
08052015-9434-0139-0000-355a4c446af0,google,organic,"app development New York",2458,en,,v3/serp/google/organic/live/advanced,20000,9,"2026-08-06 01:15:56","2026-08-06 01:16:18",00:00:22,0.014
08052015-9434-0139-0000-41ce25c37589,google,organic,"mobile app developers New York",2458,en,,v3/serp/google/organic/live/advanced,20000,10,"2026-08-06 01:15:36","2026-08-06 01:15:56",00:00:20,0.0155
08052015-9434-0139-0000-ff2e8859765b,google,organic,"app development NYC",2458,en,,v3/serp/google/organic/live/advanced,20000,10,"2026-08-06 01:15:27","2026-08-06 01:15:36",00:00:09,0.0155
08052015-9434-0139-0000-4b932c727473,google,organic,"New York app developers",2458,en,,v3/serp/google/organic/live/advanced,20000,9,"2026-08-06 01:15:19","2026-08-06 01:15:27",00:00:08,0.014
08052015-9434-0139-0000-70be31a9dc64,google,organic,"app developers New York",2458,en,,v3/serp/google/organic/live/advanced,20000,9,"2026-08-06 01:15:07","2026-08-06 01:15:19",00:00:12,0.014
08052014-9434-0139-0000-c2554ff19d62,google,organic,"mobile app development NYC",2458,en,,v3/serp/google/organic/live/advanced,20000,10,"2026-08-06 01:14:56","2026-08-06 01:15:07",00:00:11,0.0155
08052014-9434-0139-0000-08ab2708dc82,google,organic,"app developers chicago",2840,en,,v3/serp/google/organic/live/advanced,20000,10,"2026-08-06 01:14:35","2026-08-06 01:14:56",00:00:21,0.0155
08052014-9434-0139-0000-24db3f4b9d97,google,organic,"chicago app development company",2840,en,,v3/serp/google/organic/live/advanced,20000,10,"2026-08-06 01:14:15","2026-08-06 01:14:35",00:00:20,0.0155
08052013-9434-0139-0000-3947ea87eb9a,google,organic,"app development denver",2840,en,,v3/serp/google/organic/live/advanced,20000,10,"2026-08-06 01:13:53","2026-08-06 01:14:14",00:00:21,0.0155
08052013-9434-0139-0000-84d44887884a,google,organic,"mobile app development nyc",2840,en,,v3/serp/google/organic/live/advanced,20000,10,"2026-08-06 01:13:40","2026-08-06 01:13:53",00:00:13,0.0155
08052013-9434-0139-0000-c15ce5384119,google,organic,"mobile app development company in chicago",2840,en,,v3/serp/google/organic/live/advanced,20000,10,"2026-08-06 01:13:12","2026-08-06 01:13:40",00:00:28,0.0155
08052012-9434-0139-0000-17795fd19853,google,organic,"los angeles app development",2840,en,,v3/serp/google/organic/live/advanced,20000,10,"2026-08-06 01:12:48","2026-08-06 01:13:12",00:00:24,0.0155
08052012-9434-0139-0000-c753c4bb2e8e,google,organic,"iphone app development cost",2840,en,,v3/serp/google/organic/live/advanced,20000,10,"2026-08-06 01:12:14","2026-08-06 01:12:48",00:00:34,0.0155
08052011-9434-0139-0000-42dc5f56e5a8,google,organic,"payday loan apps iphone",2840,en,,v3/serp/google/organic/live/advanced,20000,10,"2026-08-06 01:11:59","2026-08-06 01:12:13",00:00:14,0.0155
08052011-9434-0139-0000-74f3061f76e3,google,organic,"houston app developers",2840,en,,v3/serp/google/organic/live/advanced,20000,10,"2026-08-06 01:11:29","2026-08-06 01:11:59",00:00:30,0.0155
08052011-9434-0139-0000-1da9a3d08ab2,google,organic,"how much is fortnite net worth",2840,en,,v3/serp/google/organic/live/advanced,20000,10,"2026-08-06 01:11:06","2026-08-06 01:11:29",00:00:23,0.0155
08052010-9434-0139-0000-1dd9bfd0f9c0,google,organic,"mobile application development uk",2840,en,,v3/serp/google/organic/live/advanced,20000,10,"2026-08-06 01:10:23","2026-08-06 01:11:06",00:00:43,0.0155
08052009-9434-0139-0000-5a8d12165db0,google,organic,"digital marketing agencies usa",2840,en,,v3/serp/google/organic/live/advanced,20000,10,"2026-08-06 01:09:58","2026-08-06 01:10:23",00:00:25,0.0155
08052009-9434-0139-0000-d64099041144,google,organic,"chicago mobile app development",2840,en,,v3/serp/google/organic/live/advanced,20000,10,"2026-08-06 01:09:45","2026-08-06 01:09:58",00:00:13,0.0155
08052009-9434-0139-0000-8b83b7dd7a7f,google,organic,"how much money does fortnite make",2840,en,,v3/serp/google/organic/live/advanced,20000,10,"2026-08-06 01:09:30","2026-08-06 01:09:44",00:00:14,0.0155
08052009-9434-0139-0000-e91417ea350d,google,organic,"healthcare mobile app development",2840,en,,v3/serp/google/organic/live/advanced,20000,10,"2026-08-06 01:09:16","2026-08-06 01:09:27",00:00:11,0.0155
08052008-9434-0139-0000-28c26465626f,google,organic,"mobile application development new york",2840,en,,v3/serp/google/organic/live/advanced,20000,10,"2026-08-06 01:08:46","2026-08-06 01:09:16",00:00:30,0.0155
08052008-9434-0139-0000-c25c0924975d,google,organic,"app developers nyc",2840,en,,v3/serp/google/organic/live/advanced,20000,10,"2026-08-06 01:08:17","2026-08-06 01:08:46",00:00:29,0.0155
08052007-9434-0139-0000-6723d87de4b8,google,organic,"mobile app development company",2682,ar,,v3/serp/google/organic/live/advanced,20000,10,"2026-08-06 01:07:50","2026-08-06 01:08:16",00:00:26,0.0155
08052007-9434-0139-0000-3bf60d49979b,google,organic,"moneylion competitors",2840,en,,v3/serp/google/organic/live/advanced,20000,10,"2026-08-06 01:07:26","2026-08-06 01:07:50",00:00:24,0.0155
08052007-9434-0139-0000-40a9daa8e002,google,organic,"app development chicago",2840,en,,v3/serp/google/organic/live/advanced,20000,10,"2026-08-06 01:07:06","2026-08-06 01:07:26",00:00:20,0.0155
08052006-9434-0139-0000-39b1c03a9ad3,google,organic,"free currency converter app",2840,en,,v3/serp/google/organic/live/advanced,20000,10,"2026-08-06 01:06:49","2026-08-06 01:07:06",00:00:17,0.0155
08052006-9434-0139-0000-553b212e92f5,google,organic,"sites like frontpay",2840,en,,v3/serp/google/organic/live/advanced,20000,9,"2026-08-06 01:06:39","2026-08-06 01:06:49",00:00:10,0.014
08052006-9434-0139-0000-3e310409fc9e,google,organic,"fortnite annual revenue",2840,en,,v3/serp/google/organic/live/advanced,20000,8,"2026-08-06 01:06:26","2026-08-06 01:06:39",00:00:13,0.0125
08052006-9434-0139-0000-57e1651021e1,google,organic,"apps like oneblinc",2840,en,,v3/serp/google/organic/live/advanced,20000,9,"2026-08-06 01:06:10","2026-08-06 01:06:26",00:00:16,0.014
08052005-9434-0139-0000-353a72838a89,google,organic,"uber like app development cost",2840,en,,v3/serp/google/organic/live/advanced,20000,9,"2026-08-06 01:05:38","2026-08-06 01:06:09",00:00:31,0.014
08052005-9434-0139-0000-3bd74855c122,google,organic,"mobile app development company los angeles",2840,en,,v3/serp/google/organic/live/advanced,20000,10,"2026-08-06 01:05:23","2026-08-06 01:05:38",00:00:15,0.0155
08052004-9434-0139-0000-33c0184a56a8,google,organic,"mobile app developer new york",2840,en,,v3/serp/google/organic/live/advanced,20000,10,"2026-08-06 01:04:53","2026-08-06 01:05:23",00:00:30,0.0155
08052004-9434-0139-0000-0a00d0288e3e,google,organic,"digital marketing service provider",2840,en,,v3/serp/google/organic/live/advanced,20000,10,"2026-08-06 01:04:27","2026-08-06 01:04:53",00:00:26,0.0155
08052004-9434-0139-0000-1a30af5d2ead,google,organic,"ai automation agency services",2840,en,,v3/serp/google/organic/live/advanced,20000,10,"2026-08-06 01:04:18","2026-08-06 01:04:27",00:00:09,0.0155
08052003-9434-0139-0000-fd7985c3bbd1,google,organic,"tekrevol careers",2840,en,,v3/serp/google/organic/live/advanced,20000,10,"2026-08-06 01:03:59","2026-08-06 01:04:18",00:00:19,0.0155
08052003-9434-0139-0000-2895a45e8720,google,organic,"app development new york",2840,en,,v3/serp/google/organic/live/advanced,20000,10,"2026-08-06 01:03:44","2026-08-06 01:03:59",00:00:15,0.0155
08052003-9434-0139-0000-fca632852d17,google,organic,"music app developer",2840,en,,v3/serp/google/organic/live/advanced,20000,10,"2026-08-06 01:03:27","2026-08-06 01:03:44",00:00:17,0.0155
08052003-9434-0139-0000-1ce41b6d4b2f,google,organic,"moneylion alternative",2840,en,,v3/serp/google/organic/live/advanced,20000,10,"2026-08-06 01:03:05","2026-08-06 01:03:27",00:00:22,0.0155
08052002-9434-0139-0000-b961ffedf967,google,organic,"how much has fortnite made in total",2840,en,,v3/serp/google/organic/live/advanced,20000,10,"2026-08-06 01:02:53","2026-08-06 01:03:04",00:00:11,0.0155
08052002-9434-0139-0000-8d66910531bb,google,organic,"mobile app development company",2826,en,,v3/serp/google/organic/live/advanced,20000,10,"2026-08-06 01:02:19","2026-08-06 01:02:53",00:00:34,0.0155
08052001-9434-0139-0000-382ee5add854,google,organic,"app development company",2826,en,,v3/serp/google/organic/live/advanced,20000,10,"2026-08-06 01:01:52","2026-08-06 01:02:18",00:00:26,0.0155
08052001-9434-0139-0000-98d279add7ce,google,organic,"mobile app development california",2840,en,,v3/serp/google/organic/live/advanced,20000,10,"2026-08-06 01:01:15","2026-08-06 01:01:51",00:00:36,0.0155
08052000-9434-0139-0000-73d0e4164fff,google,organic,"mobile app development chicago",2840,en,,v3/serp/google/organic/live/advanced,20000,10,"2026-08-06 01:00:47","2026-08-06 01:01:14",00:00:27,0.0155
08052000-9434-0139-0000-0beb0c0c8f42,google,organic,"most popular mobile games",2840,en,,v3/serp/google/organic/live/advanced,20000,10,"2026-08-06 01:00:29","2026-08-06 01:00:47",00:00:18,0.0155
08052000-9434-0139-0000-25caa96eddcb,google,organic,"mobile app development washington dc",2840,en,,v3/serp/google/organic/live/advanced,20000,10,"2026-08-06 01:00:05","2026-08-06 01:00:29",00:00:24,0.0155
08051959-9434-0139-0000-396f43bbb321,google,organic,"how much money is fortnite worth",2840,en,,v3/serp/google/organic/live/advanced,20000,10,"2026-08-06 00:59:38","2026-08-06 01:00:05",00:00:27,0.0155
08051959-9434-0139-0000-9e7a90f9a6b4,google,organic,"app developers manchester",2840,en,,v3/serp/google/organic/live/advanced,20000,8,"2026-08-06 00:59:29","2026-08-06 00:59:38",00:00:09,0.0125
08051959-9434-0139-0000-7f5749d9ee2a,google,organic,"mobile app development company in uk",2840,en,,v3/serp/google/organic/live/advanced,20000,10,"2026-08-06 00:59:16","2026-08-06 00:59:29",00:00:13,0.0155
08051958-9434-0139-0000-3b2ee68eb6d5,google,organic,"app development company in usa",2840,en,,v3/serp/google/organic/live/advanced,20000,10,"2026-08-06 00:58:37","2026-08-06 00:59:16",00:00:39,0.0155
08051958-9434-0139-0000-9e418ee3ac97,google,organic,"mobile app development company in usa",2840,en,,v3/serp/google/organic/live/advanced,20000,10,"2026-08-06 00:58:16","2026-08-06 00:58:37",00:00:21,0.0155
08051958-9434-0139-0000-65a9a6ce5fb1,google,organic,"mobile app development company usa",2840,en,,v3/serp/google/organic/live/advanced,20000,10,"2026-08-06 00:58:05","2026-08-06 00:58:16",00:00:11,0.0155
08051957-9434-0139-0000-c654c559619e,google,organic,"mobile application development agency",2840,en,,v3/serp/google/organic/live/advanced,20000,10,"2026-08-06 00:57:45","2026-08-06 00:58:05",00:00:20,0.0155
08051957-9434-0139-0000-ee2920a37dde,google,organic,"mobile app development agency",2840,en,,v3/serp/google/organic/live/advanced,20000,10,"2026-08-06 00:57:34","2026-08-06 00:57:45",00:00:11,0.0155
08051957-9434-0139-0000-65f690b4d6ab,google,organic,"mobile apps development company",2840,en,,v3/serp/google/organic/live/advanced,20000,10,"2026-08-06 00:57:22","2026-08-06 00:57:34",00:00:12,0.0155
08051956-9434-0139-0000-7d720bef5ff3,google,organic,"apps development company",2840,en,,v3/serp/google/organic/live/advanced,20000,10,"2026-08-06 00:56:53","2026-08-06 00:57:21",00:00:28,0.0155
08051956-9434-0139-0000-7491d3e5c281,google,organic,"application development company",2840,en,,v3/serp/google/organic/live/advanced,20000,10,"2026-08-06 00:56:44","2026-08-06 00:56:53",00:00:09,0.0155
08051956-9434-0139-0000-81a3eca019ed,google,organic,"mobile application development company",2840,en,,v3/serp/google/organic/live/advanced,20000,10,"2026-08-06 00:56:25","2026-08-06 00:56:44",00:00:19,0.0155
08051956-9434-0139-0000-a8806fa8e4f9,google,organic,"app development company",2840,en,,v3/serp/google/organic/live/advanced,20000,10,"2026-08-06 00:56:17","2026-08-06 00:56:24",00:00:07,0.0155
08051956-9434-0139-0000-cae8e97dd3a3,google,organic,"mobile app development company",2840,en,,v3/serp/google/organic/live/advanced,20000,10,"2026-08-06 00:56:04","2026-08-06 00:56:17",00:00:13,0.0155
08051955-9434-0139-0000-c012013ad9b9,google,organic,"cloud application development services",2840,en,,v3/serp/google/organic/live/advanced,20000,10,"2026-08-06 00:55:56","2026-08-06 00:56:04",00:00:08,0.0155
08051955-9434-0139-0000-85eb39eb4d1a,google,organic,"ecommerce web design services",2840,en,,v3/serp/google/organic/live/advanced,20000,10,"2026-08-06 00:55:38","2026-08-06 00:55:55",00:00:17,0.0155
08051955-9434-0139-0000-b8885ec1d9c4,google,organic,"music app developers",2840,en,,v3/serp/google/organic/live/advanced,20000,10,"2026-08-06 00:55:20","2026-08-06 00:55:38",00:00:18,0.0155
08051954-9434-0139-0000-618751973e26,google,organic,"how many apps are created a day",2840,en,,v3/serp/google/organic/live/advanced,20000,10,"2026-08-06 00:54:50","2026-08-06 00:55:20",00:00:30,0.0155
08051954-9434-0139-0000-6d03cd708263,google,organic,"app developers in chicago",2840,en,,v3/serp/google/organic/live/advanced,20000,10,"2026-08-06 00:54:29","2026-08-06 00:54:49",00:00:20,0.0155
08051954-9434-0139-0000-540fc30c2ae4,google,organic,"how many apps are downloaded a day",2840,en,,v3/serp/google/organic/live/advanced,20000,10,"2026-08-06 00:54:18","2026-08-06 00:54:28",00:00:10,0.0155
08051953-9434-0139-0000-a12b70de2035,google,organic,"website development company",2840,en,,v3/serp/google/organic/live/advanced,20000,10,"2026-08-06 00:53:56","2026-08-06 00:54:17",00:00:21,0.0155
08051953-9434-0139-0000-8af01fabe610,google,organic,"mobile app development companies in los angeles",2840,en,,v3/serp/google/organic/live/advanced,20000,10,"2026-08-06 00:53:41","2026-08-06 00:53:56",00:00:15,0.0155
08051953-9434-0139-0000-19e8ea68b3bd,google,organic,"web development company",2840,en,,v3/serp/google/organic/live/advanced,20000,10,"2026-08-06 00:53:19","2026-08-06 00:53:40",00:00:21,0.0155
08051952-9434-0139-0000-d96836104ba1,google,organic,"does earnin work with varo",2840,en,,v3/serp/google/organic/live/advanced,20000,10,"2026-08-06 00:52:49","2026-08-06 00:53:19",00:00:30,0.0155
08051952-9434-0139-0000-2451e9436571,google,organic,"custom crm development company",2840,en,,v3/serp/google/organic/live/advanced,20000,10,"2026-08-06 00:52:29","2026-08-06 00:52:49",00:00:20,0.0155
08051952-9434-0139-0000-0e7d5b410ff2,google,organic,"how much money does fortnite make a day",2840,en,,v3/serp/google/organic/live/advanced,20000,10,"2026-08-06 00:52:02","2026-08-06 00:52:29",00:00:27,0.0155
08051951-9434-0139-0000-dc31e3473bf8,google,organic,tekrevol,2840,en,,v3/serp/google/organic/live/advanced,20000,10,"2026-08-06 00:51:51","2026-08-06 00:52:02",00:00:11,0.0155
08051951-9434-0139-0000-4e8ffe0602c3,google,organic,"mobile app development companies uk",2840,en,,v3/serp/google/organic/live/advanced,20000,8,"2026-08-06 00:51:42","2026-08-06 00:51:51",00:00:09,0.0125
08051951-9434-0139-0000-66daa62fab3b,google,organic,"mobile app developers uk",2840,en,,v3/serp/google/organic/live/advanced,20000,10,"2026-08-06 00:51:30","2026-08-06 00:51:41",00:00:11,0.0155
08051951-9434-0139-0000-9784b1b36073,google,organic,"mobile app development company new york",2840,en,,v3/serp/google/organic/live/advanced,20000,10,"2026-08-06 00:51:18","2026-08-06 00:51:30",00:00:12,0.0155
08051951-9434-0139-0000-41c1ffe49dc7,google,organic,"online digital marketing agency",2840,en,,v3/serp/google/organic/live/advanced,20000,10,"2026-08-06 00:51:02","2026-08-06 00:51:18",00:00:16,0.0155
08051950-9434-0139-0000-02c69c517c3f,google,organic,"web development service",2840,en,,v3/serp/google/organic/live/advanced,20000,10,"2026-08-06 00:50:33","2026-08-06 00:51:02",00:00:29,0.0155
08051950-9434-0139-0000-236427358f75,google,organic,"custom web development services",2840,en,,v3/serp/google/organic/live/advanced,20000,10,"2026-08-06 00:50:23","2026-08-06 00:50:33",00:00:10,0.0155
08051950-9434-0139-0000-75c5202da675,google,organic,"fortnite lifetime revenue",2840,en,,v3/serp/google/organic/live/advanced,20000,10,"2026-08-06 00:50:09","2026-08-06 00:50:23",00:00:14,0.0155
08051949-9434-0139-0000-bffe7bb3b882,google,organic,"software development examples",2840,en,,v3/serp/google/organic/live/advanced,20000,10,"2026-08-06 00:49:41","2026-08-06 00:50:08",00:00:27,0.0155
08051949-9434-0139-0000-e62846c50e91,google,organic,"fortnite sales",2840,en,,v3/serp/google/organic/live/advanced,20000,10,"2026-08-06 00:49:16","2026-08-06 00:49:41",00:00:25,0.0155
08051948-9434-0139-0000-c1b540f4506a,google,organic,"custom ios app development company",2840,en,,v3/serp/google/organic/live/advanced,20000,10,"2026-08-06 00:48:47","2026-08-06 00:49:16",00:00:29,0.0155
08051948-9434-0139-0000-3fcd55a7ae46,google,organic,"ios mobile app development company",2840,en,,v3/serp/google/organic/live/advanced,20000,10,"2026-08-06 00:48:21","2026-08-06 00:48:46",00:00:25,0.0155
08051947-9434-0139-0000-97773c3a5c58,google,organic,"ios app development cost",2840,en,,v3/serp/google/organic/live/advanced,20000,10,"2026-08-06 00:47:48","2026-08-06 00:48:20",00:00:32,0.0155
08051947-9434-0139-0000-8b3447adc782,google,organic,"how much money does fortnite make a second",2840,en,,v3/serp/google/organic/live/advanced,20000,10,"2026-08-06 00:47:38","2026-08-06 00:47:47",00:00:09,0.0155
08051947-9434-0139-0000-14713abe09a5,google,organic,"mobile app development company uk",2840,en,,v3/serp/google/organic/live/advanced,20000,9,"2026-08-06 00:47:10","2026-08-06 00:47:37",00:00:27,0.014
08051946-9434-0139-0000-27be534a99f4,google,organic,"iphone app development services",2840,en,,v3/serp/google/organic/live/advanced,20000,10,"2026-08-06 00:46:49","2026-08-06 00:47:10",00:00:21,0.0155
08051946-9434-0139-0000-10f6a29b72ca,google,organic,"ios app development services",2840,en,,v3/serp/google/organic/live/advanced,20000,10,"2026-08-06 00:46:37","2026-08-06 00:46:48",00:00:11,0.0155
08051946-9434-0139-0000-a722c3bfe322,google,organic,"iphone app development company",2840,en,,v3/serp/google/organic/live/advanced,20000,10,"2026-08-06 00:46:05","2026-08-06 00:46:37",00:00:32,0.0155
08051945-9434-0139-0000-a96a7228f868,google,organic,"ios app development company",2840,en,,v3/serp/google/organic/live/advanced,20000,10,"2026-08-06 00:45:42","2026-08-06 00:46:04",00:00:22,0.0155
08051945-9434-0139-0000-cf378f2506e9,google,organic,"ios application development company",2840,en,,v3/serp/google/organic/live/advanced,20000,7,"2026-08-06 00:45:29","2026-08-06 00:45:42",00:00:13,0.011
08051945-9434-0139-0000-2e83097893b0,google,organic,"mobile app company uk",2840,en,,v3/serp/google/organic/live/advanced,20000,9,"2026-08-06 00:45:05","2026-08-06 00:45:28",00:00:23,0.014
08051944-9434-0139-0000-a1c0c50f2f6b,google,organic,"tekrevol houston",2840,en,,v3/serp/google/organic/live/advanced,20000,10,"2026-08-06 00:44:38","2026-08-06 00:45:00",00:00:22,0.0155
08051944-9434-0139-0000-18d90ff08e40,google,organic,"mobile app development company in chicago",2392,en,,v3/serp/google/organic/live/advanced,20000,6,"2026-08-06 00:44:14","2026-08-06 00:44:38",00:00:24,0.0095
08051943-9434-0139-0000-beb051b468d6,google,organic,"how much did gta 6 cost to make",2840,en,,v3/serp/google/organic/live/advanced,20000,10,"2026-08-06 00:43:59","2026-08-06 00:44:14",00:00:15,0.0155
08051943-9434-0139-0000-4b01714dd914,google,organic,"chicago app development company",2392,en,,v3/serp/google/organic/live/advanced,20000,7,"2026-08-06 00:43:46","2026-08-06 00:43:59",00:00:13,0.011
08051943-9434-0139-0000-777b1d988d63,google,organic,"how much money does fortnite make a year",2840,en,,v3/serp/google/organic/live/advanced,20000,10,"2026-08-06 00:43:16","2026-08-06 00:43:46",00:00:30,0.0155
08051943-9434-0139-0000-fa47f62af20c,google,organic,"chicago app developers",2392,en,,v3/serp/google/organic/live/advanced,20000,6,"2026-08-06 00:43:10","2026-08-06 00:43:15",00:00:05,0.0095
08051942-9434-0139-0000-c421c949e99f,google,organic,"chicago app development",2392,en,,v3/serp/google/organic/live/advanced,20000,7,"2026-08-06 00:42:51","2026-08-06 00:43:10",00:00:19,0.011
08051942-9434-0139-0000-294b6ddaafe0,google,organic,"app developers chicago",2392,en,,v3/serp/google/organic/live/advanced,20000,6,"2026-08-06 00:42:38","2026-08-06 00:42:51",00:00:13,0.0095
08051942-9434-0139-0000-ed14be2b4afd,google,organic,"app development chicago",2392,en,,v3/serp/google/organic/live/advanced,20000,8,"2026-08-06 00:42:19","2026-08-06 00:42:38",00:00:19,0.0125
08051941-9434-0139-0000-c65d6cad3cc4,google,organic,"mobile app development company chicago",2392,en,,v3/serp/google/organic/live/advanced,20000,6,"2026-08-06 00:41:44","2026-08-06 00:42:19",00:00:35,0.0095
08051941-9434-0139-0000-bf781c2bb949,google,organic,"chicago mobile app development",2392,en,,v3/serp/google/organic/live/advanced,20000,6,"2026-08-06 00:41:29","2026-08-06 00:41:44",00:00:15,0.0095
08051941-9434-0139-0000-0f0c9a31f937,google,organic,"mobile app development companies los angeles",2840,en,,v3/serp/google/organic/live/advanced,20000,10,"2026-08-06 00:41:05","2026-08-06 00:41:29",00:00:24,0.0155
08051940-9434-0139-0000-1bb845a12f23,google,organic,"reddit alternatives",2840,en,,v3/serp/google/organic/live/advanced,20000,10,"2026-08-06 00:40:46","2026-08-06 00:41:05",00:00:19,0.0155
08051940-9434-0139-0000-260c484d276e,google,organic,"development software examples",2840,en,,v3/serp/google/organic/live/advanced,20000,10,"2026-08-06 00:40:33","2026-08-06 00:40:46",00:00:13,0.0155
08051939-9434-0139-0000-0eee3f6d11a5,google,organic,"2d game development company",2840,en,,v3/serp/google/organic/live/advanced,20000,10,"2026-08-06 00:39:59","2026-08-06 00:40:33",00:00:34,0.0155
08051939-9434-0139-0000-a2aed177ee38,google,organic,"mobile game revenue by genre",2840,en,,v3/serp/google/organic/live/advanced,20000,10,"2026-08-06 00:39:45","2026-08-06 00:39:59",00:00:14,0.0155
08051939-9434-0139-0000-afc5658c0dd8,google,organic,"how much does fortnite make a day",2840,en,,v3/serp/google/organic/live/advanced,20000,10,"2026-08-06 00:39:31","2026-08-06 00:39:45",00:00:14,0.0155
08051939-9434-0139-0000-7c466fc5a45a,google,organic,"mobile app development companies in washington dc",2840,en,,v3/serp/google/organic/live/advanced,20000,10,"2026-08-06 00:39:15","2026-08-06 00:39:31",00:00:16,0.0155
08051939-9434-0139-0000-17fde8ae6fca,google,organic,"how does klarna make money",2840,en,,v3/serp/google/organic/live/advanced,20000,10,"2026-08-06 00:39:02","2026-08-06 00:39:15",00:00:13,0.0155
08051938-9434-0139-0000-f2803d434f9f,google,organic,"how much has fortnite made",2840,en,,v3/serp/google/organic/live/advanced,20000,10,"2026-08-06 00:38:31","2026-08-06 00:39:02",00:00:31,0.0155
08051937-9434-0139-0000-742ec9dd91af,google,organic,"digital marketing in usa",2840,en,,v3/serp/google/organic/live/advanced,20000,10,"2026-08-06 00:37:47","2026-08-06 00:38:31",00:00:44,0.0155
08051937-9434-0139-0000-1bb4b5718a97,google,organic,"reddit alternative",2840,en,,v3/serp/google/organic/live/advanced,20000,10,"2026-08-06 00:37:32","2026-08-06 00:37:47",00:00:15,0.0155
08051937-9434-0139-0000-6115c2ab6c7a,google,organic,"what is fortnite worth",2840,en,,v3/serp/google/organic/live/advanced,20000,10,"2026-08-06 00:37:21","2026-08-06 00:37:32",00:00:11,0.0155
08051936-9434-0139-0000-a4bf8b289381,google,organic,"mobile app development company in saudi arabia",2840,en,,v3/serp/google/organic/live/advanced,20000,10,"2026-08-06 00:36:42","2026-08-06 00:37:21",00:00:39,0.0155
08051935-9434-0139-0000-d6dd51c9dca1,google,organic,"software development example",2840,en,,v3/serp/google/organic/live/advanced,20000,10,"2026-08-06 00:35:51","2026-08-06 00:36:41",00:00:50,0.0155
08051935-9434-0139-0000-b6f86d9aca4b,google,organic,"hard launch vs soft launch",2840,en,,v3/serp/google/organic/live/advanced,20000,10,"2026-08-06 00:35:30","2026-08-06 00:35:51",00:00:21,0.0155
08051935-9434-0139-0000-049d8930686a,google,organic,"app development company chicago",2840,en,,v3/serp/google/organic/live/advanced,20000,10,"2026-08-06 00:35:03","2026-08-06 00:35:30",00:00:27,0.0155
08051934-9434-0139-0000-166f661ee1e9,google,organic,"crm development service",2840,en,,v3/serp/google/organic/live/advanced,20000,10,"2026-08-06 00:34:44","2026-08-06 00:35:03",00:00:19,0.0155
08051934-9434-0139-0000-eaa289029aa7,google,organic,"professional web development services",2840,en,,v3/serp/google/organic/live/advanced,20000,10,"2026-08-06 00:34:25","2026-08-06 00:34:44",00:00:19,0.0155
08051934-9434-0139-0000-ae55093b0340,google,organic,"app developers in dc",2840,en,,v3/serp/google/organic/live/advanced,20000,9,"2026-08-06 00:34:07","2026-08-06 00:34:24",00:00:17,0.014
08051933-9434-0139-0000-d64d02c1cca5,google,organic,"gta 6 budget",2840,en,,v3/serp/google/organic/live/advanced,20000,10,"2026-08-06 00:33:54","2026-08-06 00:34:06",00:00:12,0.0155
08051933-9434-0139-0000-8c9bc5d37645,google,organic,"mobile app development company chicago",2840,en,,v3/serp/google/organic/live/advanced,20000,10,"2026-08-06 00:33:30","2026-08-06 00:33:54",00:00:24,0.0155
08051933-9434-0139-0000-b778130f3493,google,organic,"e-commerce application development",2840,en,,v3/serp/google/organic/live/advanced,20000,10,"2026-08-06 00:33:17","2026-08-06 00:33:30",00:00:13,0.0155
08051932-9434-0139-0000-9e346c6dd92d,google,organic,"ecommerce app developer",2840,en,,v3/serp/google/organic/live/advanced,20000,10,"2026-08-06 00:32:53","2026-08-06 00:33:16",00:00:23,0.0155
08051932-9434-0139-0000-fc4ce7be36ac,google,organic,"ecommerce application development services",2840,en,,v3/serp/google/organic/live/advanced,20000,10,"2026-08-06 00:32:33","2026-08-06 00:32:52",00:00:19,0.0155
08051932-9434-0139-0000-8a1034a23f58,google,organic,"e commerce mobile app development company",2840,en,,v3/serp/google/organic/live/advanced,20000,10,"2026-08-06 00:32:22","2026-08-06 00:32:33",00:00:11,0.0155
08051932-9434-0139-0000-247f453cbd05,google,organic,"ecommerce application development company",2840,en,,v3/serp/google/organic/live/advanced,20000,10,"2026-08-06 00:32:12","2026-08-06 00:32:21",00:00:09,0.0155
08051931-9434-0139-0000-0bbd1d6de786,google,organic,"mobile ecommerce app development",2840,en,,v3/serp/google/organic/live/advanced,20000,10,"2026-08-06 00:31:58","2026-08-06 00:32:11",00:00:13,0.0155
08051931-9434-0139-0000-2fca0bda4665,google,organic,"ecommerce mobile app development",2840,en,,v3/serp/google/organic/live/advanced,20000,10,"2026-08-06 00:31:38","2026-08-06 00:31:56",00:00:18,0.0155
08051931-9434-0139-0000-56a4136738b4,google,organic,"ecommerce application development",2840,en,,v3/serp/google/organic/live/advanced,20000,10,"2026-08-06 00:31:22","2026-08-06 00:31:37",00:00:15,0.0155
08051931-9434-0139-0000-36eaa6522766,google,organic,"ecommerce app development",2840,en,,v3/serp/google/organic/live/advanced,20000,10,"2026-08-06 00:31:07","2026-08-06 00:31:21",00:00:14,0.0155
08051930-9434-0139-0000-cf387bd8aa5c,google,organic,"custom android app development",2840,en,,v3/serp/google/organic/live/advanced,20000,10,"2026-08-06 00:30:49","2026-08-06 00:31:06",00:00:17,0.0155
08051930-9434-0139-0000-fafaf72eec26,google,organic,"android application development agency",2840,en,,v3/serp/google/organic/live/advanced,20000,10,"2026-08-06 00:30:16","2026-08-06 00:30:48",00:00:32,0.0155
08051929-9434-0139-0000-3fa3aa1a8188,google,organic,"custom android app development company",2840,en,,v3/serp/google/organic/live/advanced,20000,10,"2026-08-06 00:29:46","2026-08-06 00:30:16",00:00:30,0.0155
08051929-9434-0139-0000-d65830fd1eb3,google,organic,"android mobile app development company",2840,en,,v3/serp/google/organic/live/advanced,20000,10,"2026-08-06 00:29:29","2026-08-06 00:29:46",00:00:17,0.0155
08051929-9434-0139-0000-2ab859d4d43c,google,organic,"android app development agency",2840,en,,v3/serp/google/organic/live/advanced,20000,10,"2026-08-06 00:29:05","2026-08-06 00:29:29",00:00:24,0.0155
08051928-9434-0139-0000-6f3f6885917e,google,organic,"android application development services",2840,en,,v3/serp/google/organic/live/advanced,20000,10,"2026-08-06 00:28:53","2026-08-06 00:29:05",00:00:12,0.0155
08051928-9434-0139-0000-98cb86df6752,google,organic,"android application development company",2840,en,,v3/serp/google/organic/live/advanced,20000,10,"2026-08-06 00:28:14","2026-08-06 00:28:53",00:00:39,0.0155
08051927-9434-0139-0000-58cdc276fcad,google,organic,"android development services",2840,en,,v3/serp/google/organic/live/advanced,20000,10,"2026-08-06 00:27:42","2026-08-06 00:28:14",00:00:32,0.0155
08051927-9434-0139-0000-9d5d07e5fc7f,google,organic,"android app development services",2840,en,,v3/serp/google/organic/live/advanced,20000,10,"2026-08-06 00:27:26","2026-08-06 00:27:41",00:00:15,0.0155
08051927-9434-0139-0000-b3e97004dd92,google,organic,"android apps development services",2840,en,,v3/serp/google/organic/live/advanced,20000,10,"2026-08-06 00:27:01","2026-08-06 00:27:26",00:00:25,0.0155
08051926-9434-0139-0000-6b39181b12f7,google,organic,"android app development company",2840,en,,v3/serp/google/organic/live/advanced,20000,10,"2026-08-06 00:26:45","2026-08-06 00:27:01",00:00:16,0.0155
08051926-9434-0139-0000-6eb91b622944,google,organic,"mobile game app developer",2840,en,,v3/serp/google/organic/live/advanced,20000,10,"2026-08-06 00:26:21","2026-08-06 00:26:45",00:00:24,0.0155
08051925-9434-0139-0000-fa8f9beccc07,google,organic,"mobile game development agency",2840,en,,v3/serp/google/organic/live/advanced,20000,10,"2026-08-06 00:25:57","2026-08-06 00:26:21",00:00:24,0.0155
08051925-9434-0139-0000-73c16e2d816e,google,organic,"mobile game app development company",2840,en,,v3/serp/google/organic/live/advanced,20000,10,"2026-08-06 00:25:34","2026-08-06 00:25:57",00:00:23,0.0155
08051925-9434-0139-0000-10ca494c0218,google,organic,"mobile game developer",2840,en,,v3/serp/google/organic/live/advanced,20000,10,"2026-08-06 00:25:15","2026-08-06 00:25:34",00:00:19,0.0155
08051925-9434-0139-0000-719fc7c129b6,google,organic,"mobile game development services",2840,en,,v3/serp/google/organic/live/advanced,20000,10,"2026-08-06 00:25:00","2026-08-06 00:25:14",00:00:14,0.0155
08051924-9434-0139-0000-2cd60d86269c,google,organic,"game app developers",2840,en,,v3/serp/google/organic/live/advanced,20000,10,"2026-08-06 00:24:50","2026-08-06 00:25:00",00:00:10,0.0155
08051924-9434-0139-0000-b971c7600c3d,google,organic,"Game Development Services",2840,en,,v3/serp/google/organic/live/advanced,20000,10,"2026-08-06 00:24:38","2026-08-06 00:24:46",00:00:08,0.0155
08051924-9434-0139-0000-aa2db3040a5f,google,organic,"mobile game development companies",2840,en,,v3/serp/google/organic/live/advanced,20000,10,"2026-08-06 00:24:25","2026-08-06 00:24:38",00:00:13,0.0155
08051924-9434-0139-0000-bbc04f3a64b2,google,organic,"game app development company",2840,en,,v3/serp/google/organic/live/advanced,20000,8,"2026-08-06 00:24:15","2026-08-06 00:24:25",00:00:10,0.0125
08051923-9434-0139-0000-3ce8f74a9499,google,organic,"mobile game development company",2840,en,,v3/serp/google/organic/live/advanced,20000,10,"2026-08-06 00:23:59","2026-08-06 00:24:14",00:00:15,0.0155
08051923-9434-0139-0000-186e30b1b822,google,organic,"mobile health app developers",2840,en,,v3/serp/google/organic/live/advanced,20000,10,"2026-08-06 00:23:39","2026-08-06 00:23:59",00:00:20,0.0155
08051923-9434-0139-0000-faf969b2b34c,google,organic,"medical app developers",2840,en,,v3/serp/google/organic/live/advanced,20000,10,"2026-08-06 00:23:19","2026-08-06 00:23:39",00:00:20,0.0155
08051922-9434-0139-0000-abd37ae1bdb1,google,organic,"healthcare mobile application development",2840,en,,v3/serp/google/organic/live/advanced,20000,10,"2026-08-06 00:22:56","2026-08-06 00:23:18",00:00:22,0.0155
08051922-9434-0139-0000-93c374721f74,google,organic,"medical app development",2840,en,,v3/serp/google/organic/live/advanced,20000,10,"2026-08-06 00:22:26","2026-08-06 00:22:56",00:00:30,0.0155
08051921-9434-0139-0000-5a2d1c4d446f,google,organic,"healthcare app development",2840,en,,v3/serp/google/organic/live/advanced,20000,10,"2026-08-06 00:21:38","2026-08-06 00:22:26",00:00:48,0.0155
08051920-9434-0139-0000-bfa25844c4a6,google,organic,"healthcare application development",2840,en,,v3/serp/google/organic/live/advanced,20000,10,"2026-08-06 00:20:49","2026-08-06 00:21:38",00:00:49,0.0155
08051920-9434-0139-0000-3268de45a417,google,organic,"medical app development companies",2840,en,,v3/serp/google/organic/live/advanced,20000,10,"2026-08-06 00:20:29","2026-08-06 00:20:49",00:00:20,0.0155
08051920-9434-0139-0000-0c4be3c49d9b,google,organic,"healthcare mobile app development companies",2840,en,,v3/serp/google/organic/live/advanced,20000,10,"2026-08-06 00:20:13","2026-08-06 00:20:29",00:00:16,0.0155
08051919-9434-0139-0000-db632e6c11b5,google,organic,"healthcare app developers",2840,en,,v3/serp/google/organic/live/advanced,20000,10,"2026-08-06 00:19:47","2026-08-06 00:20:12",00:00:25,0.0155
08051919-9434-0139-0000-9f9bda9f7fc5,google,organic,"healthcare application development services",2840,en,,v3/serp/google/organic/live/advanced,20000,10,"2026-08-06 00:19:04","2026-08-06 00:19:47",00:00:43,0.0155
08051918-9434-0139-0000-f7152307c2d6,google,organic,"healthcare app development services",2840,en,,v3/serp/google/organic/live/advanced,20000,10,"2026-08-06 00:18:30","2026-08-06 00:19:04",00:00:34,0.0155
08051918-9434-0139-0000-2cd1917c9c92,google,organic,"healthcare mobile app development company",2840,en,,v3/serp/google/organic/live/advanced,20000,10,"2026-08-06 00:18:17","2026-08-06 00:18:29",00:00:12,0.0155
08051917-9434-0139-0000-53ca21a359c5,google,organic,"app development houston",2500,en,,v3/serp/google/organic/live/advanced,20000,8,"2026-08-06 00:17:56","2026-08-06 00:18:16",00:00:20,0.0125
08051917-9434-0139-0000-d3e69622845d,google,organic,"mobile app development company houston",2500,en,,v3/serp/google/organic/live/advanced,20000,8,"2026-08-06 00:17:28","2026-08-06 00:17:56",00:00:28,0.0125
08051917-9434-0139-0000-65fd55dd2027,google,organic,"houston mobile app development",2500,en,,v3/serp/google/organic/live/advanced,20000,8,"2026-08-06 00:17:12","2026-08-06 00:17:28",00:00:16,0.0125
08051916-9434-0139-0000-0af3e54bd4b9,google,organic,"mobile app development houston",2500,en,,v3/serp/google/organic/live/advanced,20000,8,"2026-08-06 00:16:50","2026-08-06 00:17:12",00:00:22,0.0125
08051916-9434-0139-0000-9e677e2b8366,google,organic,"android app development houston",2500,en,,v3/serp/google/organic/live/advanced,20000,8,"2026-08-06 00:16:41","2026-08-06 00:16:49",00:00:08,0.0125
08051916-9434-0139-0000-de07aa853287,google,organic,"app developer houston",2500,en,,v3/serp/google/organic/live/advanced,20000,8,"2026-08-06 00:16:31","2026-08-06 00:16:41",00:00:10,0.0125
08051916-9434-0139-0000-971f6b7bc8c9,google,organic,"mobile app developer houston",2500,en,,v3/serp/google/organic/live/advanced,20000,7,"2026-08-06 00:16:15","2026-08-06 00:16:30",00:00:15,0.011
08051916-9434-0139-0000-e80c043c8c7a,google,organic,"mobile apps development houston",2500,en,,v3/serp/google/organic/live/advanced,20000,9,"2026-08-06 00:16:02","2026-08-06 00:16:15",00:00:13,0.014
08051915-9434-0139-0000-2d6b69556d54,google,organic,"mobile app developers houston",2500,en,,v3/serp/google/organic/live/advanced,20000,8,"2026-08-06 00:15:42","2026-08-06 00:16:01",00:00:19,0.0125
08051915-9434-0139-0000-6cc1ccb9cacb,google,organic,"houston app developers",2500,en,,v3/serp/google/organic/live/advanced,20000,7,"2026-08-06 00:15:25","2026-08-06 00:15:41",00:00:16,0.011
08051915-9434-0139-0000-5e4698d94e59,google,organic,"music app development company",2840,en,,v3/serp/google/organic/live/advanced,20000,10,"2026-08-06 00:15:06","2026-08-06 00:15:24",00:00:18,0.0155
08051914-9434-0139-0000-3bf5a40b8fa5,google,organic,"mobile app development company san francisco",2840,en,,v3/serp/google/organic/live/advanced,20000,10,"2026-08-06 00:14:52","2026-08-06 00:15:06",00:00:14,0.0155
08051914-9434-0139-0000-91092ca98364,google,organic,"musi alternative",2840,en,,v3/serp/google/organic/live/advanced,20000,6,"2026-08-06 00:14:41","2026-08-06 00:14:51",00:00:10,0.0095
08051914-9434-0139-0000-487adeaefdec,google,organic,"custom website development services",2840,en,,v3/serp/google/organic/live/advanced,20000,10,"2026-08-06 00:14:24","2026-08-06 00:14:41",00:00:17,0.0155
08051914-9434-0139-0000-3dcd22592c0a,google,organic,"fortnite revenue",2840,en,,v3/serp/google/organic/live/advanced,20000,10,"2026-08-06 00:14:12","2026-08-06 00:14:24",00:00:12,0.0155
08051913-9434-0139-0000-52725cc57e4d,google,organic,"digital marketing companies usa",2840,en,,v3/serp/google/organic/live/advanced,20000,10,"2026-08-06 00:13:43","2026-08-06 00:14:12",00:00:29,0.0155
08051913-9434-0139-0000-74bf2a1a676a,google,organic,"mobile app development companies in san francisco",2840,en,,v3/serp/google/organic/live/advanced,20000,10,"2026-08-06 00:13:35","2026-08-06 00:13:43",00:00:08,0.0155
08051913-9434-0139-0000-178427c44926,google,organic,"healthcare app development company",2840,en,,v3/serp/google/organic/live/advanced,20000,10,"2026-08-06 00:13:06","2026-08-06 00:13:34",00:00:28,0.0155
08051912-9434-0139-0000-5e31e45d9d9f,google,organic,"how much is fortnite worth",2840,en,,v3/serp/google/organic/live/advanced,20000,10,"2026-08-06 00:12:39","2026-08-06 00:13:05",00:00:26,0.0155
08051912-9434-0139-0000-b633087dd108,google,organic,"apps like tiktok",2840,en,,v3/serp/google/organic/live/advanced,20000,10,"2026-08-06 00:12:21","2026-08-06 00:12:38",00:00:17,0.0155
08051911-9434-0139-0000-55a33bff316b,google,organic,"app developer miami",2840,en,,v3/serp/google/organic/live/advanced,20000,10,"2026-08-06 00:11:52","2026-08-06 00:12:20",00:00:28,0.0155
08051911-9434-0139-0000-7552f17008fa,google,organic,"app developers near me",2840,en,,v3/serp/google/organic/live/advanced,20000,10,"2026-08-06 00:11:29","2026-08-06 00:11:48",00:00:19,0.0155
08051911-9434-0139-0000-482b2d1818f7,google,organic,"how much does fortnite make a year",2840,en,,v3/serp/google/organic/live/advanced,20000,10,"2026-08-06 00:11:18","2026-08-06 00:11:29",00:00:11,0.0155
08051910-9434-0139-0000-12c8e450b537,google,organic,"digital marketing agency usa",2840,en,,v3/serp/google/organic/live/advanced,20000,10,"2026-08-06 00:10:57","2026-08-06 00:11:18",00:00:21,0.0155
08051910-9434-0139-0000-a5ad7f19b85a,google,organic,"fortnite net worth",2840,en,,v3/serp/google/organic/live/advanced,20000,10,"2026-08-06 00:10:28","2026-08-06 00:10:57",00:00:29,0.0155
08051910-9434-0139-0000-05e223a04a50,google,organic,"crm development services",2840,en,,v3/serp/google/organic/live/advanced,20000,10,"2026-08-06 00:10:14","2026-08-06 00:10:28",00:00:14,0.0155
08051910-9434-0139-0000-0b070b2368e0,google,organic,"ecommerce web development services",2840,en,,v3/serp/google/organic/live/advanced,20000,10,"2026-08-06 00:10:05","2026-08-06 00:10:14",00:00:09,0.0155
08051909-9434-0139-0000-7b0f81be4626,google,organic,"web development services",2840,en,,v3/serp/google/organic/live/advanced,20000,10,"2026-08-06 00:09:35","2026-08-06 00:10:04",00:00:29,0.0155
08051909-9434-0139-0000-381d49530321,google,organic,"ai automation companies",2840,en,,v3/serp/google/organic/live/advanced,20000,10,"2026-08-06 00:09:25","2026-08-06 00:09:35",00:00:10,0.0155
08051909-9434-0139-0000-c21271696f49,google,organic,"what is new in gaming technology jogametech",2840,en,,v3/serp/google/organic/live/advanced,20000,10,"2026-08-06 00:09:13","2026-08-06 00:09:24",00:00:11,0.0155
08051908-9434-0139-0000-93577765255c,google,organic,"ai automation agency",2840,en,,v3/serp/google/organic/live/advanced,20000,10,"2026-08-06 00:08:48","2026-08-06 00:09:13",00:00:25,0.0155
08051908-9434-0139-0000-14fd4ae3279c,google,organic,"gta 6 cost to make",2840,en,,v3/serp/google/organic/live/advanced,20000,10,"2026-08-06 00:08:28","2026-08-06 00:08:48",00:00:20,0.0155
08051908-9434-0139-0000-70fbf457d44b,google,organic,"mobile app development company denver",2404,en,,v3/serp/google/organic/live/advanced,20000,10,"2026-08-06 00:08:05","2026-08-06 00:08:27",00:00:22,0.0155
08051907-9434-0139-0000-fa26425a2fb8,google,organic,"app developer denver",2404,en,,v3/serp/google/organic/live/advanced,20000,10,"2026-08-06 00:07:36","2026-08-06 00:08:05",00:00:29,0.0155
08051907-9434-0139-0000-5f8c02b632b2,google,organic,"digital marketing services usa",2840,en,,v3/serp/google/organic/live/advanced,20000,10,"2026-08-06 00:07:20","2026-08-06 00:07:36",00:00:16,0.0155
08051907-9434-0139-0000-ceb721ea87ca,google,organic,"digital marketing firms in usa",2840,en,,v3/serp/google/organic/live/advanced,20000,10,"2026-08-06 00:07:10","2026-08-06 00:07:20",00:00:10,0.0155
08051906-9434-0139-0000-38fcc1c0bbaa,google,organic,"digital marketing company",2840,en,,v3/serp/google/organic/live/advanced,20000,10,"2026-08-06 00:06:50","2026-08-06 00:07:09",00:00:19,0.0155
08051906-9434-0139-0000-dd8e32a68ffa,google,organic,"digital marketing services",2840,en,,v3/serp/google/organic/live/advanced,20000,10,"2026-08-06 00:06:25","2026-08-06 00:06:50",00:00:25,0.0155
08051905-9434-0139-0000-fba19b393c9c,google,organic,"digital marketing agency",2840,en,,v3/serp/google/organic/live/advanced,20000,9,"2026-08-06 00:05:54","2026-08-06 00:06:24",00:00:30,0.014
08051905-9434-0139-0000-94f4ebb18316,google,organic,"3d game developers",2840,en,,v3/serp/google/organic/live/advanced,20000,10,"2026-08-06 00:05:42","2026-08-06 00:05:54",00:00:12,0.0155
08051905-9434-0139-0000-63b796a5dbb1,google,organic,"3d game development company",2840,en,,v3/serp/google/organic/live/advanced,20000,10,"2026-08-06 00:05:22","2026-08-06 00:05:42",00:00:20,0.0155
08051905-9434-0139-0000-87a67141544a,google,organic,"3d game development services",2840,en,,v3/serp/google/organic/live/advanced,20000,10,"2026-08-06 00:05:14","2026-08-06 00:05:22",00:00:08,0.0155
08051904-9434-0139-0000-99ab225ade1e,google,organic,"3d game development",2840,en,,v3/serp/google/organic/live/advanced,20000,10,"2026-08-06 00:04:47","2026-08-06 00:05:13",00:00:26,0.0155
08051904-9434-0139-0000-995f5347de9b,google,organic,"ai app development company",2840,en,,v3/serp/google/organic/live/advanced,20000,10,"2026-08-06 00:04:30","2026-08-06 00:04:47",00:00:17,0.0155
08051904-9434-0139-0000-0d107295efc2,google,organic,"ai software development services",2840,en,,v3/serp/google/organic/live/advanced,20000,10,"2026-08-06 00:04:13","2026-08-06 00:04:29",00:00:16,0.0155
08051903-9434-0139-0000-32859827584c,google,organic,"ai application development services",2840,en,,v3/serp/google/organic/live/advanced,20000,10,"2026-08-06 00:03:59","2026-08-06 00:04:13",00:00:14,0.0155
08051903-9434-0139-0000-7adb81806842,google,organic,"artificial intelligence development services",2840,en,,v3/serp/google/organic/live/advanced,20000,10,"2026-08-06 00:03:31","2026-08-06 00:03:59",00:00:28,0.0155
08051903-9434-0139-0000-ef71bfafe5a2,google,organic,"artificial intelligence development company",2840,en,,v3/serp/google/organic/live/advanced,20000,10,"2026-08-06 00:03:21","2026-08-06 00:03:30",00:00:09,0.0155
08051903-9434-0139-0000-5e8f9b743ac5,google,organic,"ai development company",2840,en,,v3/serp/google/organic/live/advanced,20000,10,"2026-08-06 00:03:07","2026-08-06 00:03:20",00:00:13,0.0155
08051902-9434-0139-0000-74a6aa4941c2,google,organic,"ai development services",2840,en,,v3/serp/google/organic/live/advanced,20000,10,"2026-08-06 00:02:49","2026-08-06 00:03:07",00:00:18,0.0155
08051902-9434-0139-0000-8d869aadaa9a,google,organic,"flutter app development agency",2840,en,,v3/serp/google/organic/live/advanced,20000,10,"2026-08-06 00:02:34","2026-08-06 00:02:48",00:00:14,0.0155
08051902-9434-0139-0000-fa8ee60f0aa1,google,organic,"flutter application development services",2840,en,,v3/serp/google/organic/live/advanced,20000,10,"2026-08-06 00:02:19","2026-08-06 00:02:34",00:00:15,0.0155
08051902-9434-0139-0000-c4339fdb6845,google,organic,"flutter mobile application development company",2840,en,,v3/serp/google/organic/live/advanced,20000,10,"2026-08-06 00:02:07","2026-08-06 00:02:19",00:00:12,0.0155
08051901-9434-0139-0000-0a4656ef4213,google,organic,"flutter app development company in usa",2840,en,,v3/serp/google/organic/live/advanced,20000,10,"2026-08-06 00:01:54","2026-08-06 00:02:07",00:00:13,0.0155
08051901-9434-0139-0000-6201db4cb7da,google,organic,"custom software development solutions",2840,en,,v3/serp/google/organic/live/advanced,20000,10,"2026-08-06 00:01:10","2026-08-06 00:01:54",00:00:44,0.0155
08051900-9434-0139-0000-6c0f31de609f,google,organic,"custom software development firm",2840,en,,v3/serp/google/organic/live/advanced,20000,10,"2026-08-06 00:00:50","2026-08-06 00:01:09",00:00:19,0.0155
08051900-9434-0139-0000-5dea3322f418,google,organic,"custom software development",2840,en,,v3/serp/google/organic/live/advanced,20000,10,"2026-08-06 00:00:33","2026-08-06 00:00:48",00:00:15,0.0155
08051900-9434-0139-0000-bf8838584967,google,organic,"custom software development company",2840,en,,v3/serp/google/organic/live/advanced,20000,10,"2026-08-06 00:00:16","2026-08-06 00:00:33",00:00:17,0.0155
08051859-9434-0139-0000-1f563672c2bf,google,organic,"cloud app development services",2840,en,,v3/serp/google/organic/live/advanced,20000,10,"2026-08-05 23:59:55","2026-08-06 00:00:15",00:00:20,0.0155
08051859-9434-0139-0000-30bb14ea461d,google,organic,"cloud app development",2840,en,,v3/serp/google/organic/live/advanced,20000,10,"2026-08-05 23:59:33","2026-08-05 23:59:55",00:00:22,0.0155
08051859-9434-0139-0000-2cac4086414d,google,organic,"cloud application services",2840,en,,v3/serp/google/organic/live/advanced,20000,10,"2026-08-05 23:59:17","2026-08-05 23:59:33",00:00:16,0.0155
08051858-9434-0139-0000-fa5bc0c93d6a,google,organic,"cloud application development company",2840,en,,v3/serp/google/organic/live/advanced,20000,10,"2026-08-05 23:58:58","2026-08-05 23:59:17",00:00:19,0.0155
08051858-9434-0139-0000-7b685246f856,google,organic,"it staff augmentation company",2840,en,,v3/serp/google/organic/live/advanced,20000,10,"2026-08-05 23:58:36","2026-08-05 23:58:58",00:00:22,0.0155
08051858-9434-0139-0000-b42301f1c4b3,google,organic,"it staff augmentation",2840,en,,v3/serp/google/organic/live/advanced,20000,10,"2026-08-05 23:58:20","2026-08-05 23:58:36",00:00:16,0.0155
08051858-9434-0139-0000-a7965237ddb5,google,organic,"staff augmentation company",2840,en,,v3/serp/google/organic/live/advanced,20000,10,"2026-08-05 23:58:06","2026-08-05 23:58:19",00:00:13,0.0155
08051857-9434-0139-0000-8c26c647406f,google,organic,"it staff augmentation services",2840,en,,v3/serp/google/organic/live/advanced,20000,10,"2026-08-05 23:57:30","2026-08-05 23:58:06",00:00:36,0.0155
08051857-9434-0139-0000-9ef6ce1ea05c,google,organic,"staff augmentation services",2840,en,,v3/serp/google/organic/live/advanced,20000,10,"2026-08-05 23:57:11","2026-08-05 23:57:30",00:00:19,0.0155
08051856-9434-0139-0000-6ec7c2d86f15,google,organic,"custom crm development services",2840,en,,v3/serp/google/organic/live/advanced,20000,10,"2026-08-05 23:56:55","2026-08-05 23:57:10",00:00:15,0.0155
08051856-9434-0139-0000-b4471fd4401a,google,organic,"crm development company",2840,en,,v3/serp/google/organic/live/advanced,20000,10,"2026-08-05 23:56:35","2026-08-05 23:56:55",00:00:20,0.0155
08051856-9434-0139-0000-94e6f5e845ac,google,organic,"custom crm development",2840,en,,v3/serp/google/organic/live/advanced,20000,10,"2026-08-05 23:56:11","2026-08-05 23:56:35",00:00:24,0.0155
08051855-9434-0139-0000-a7f3b103df10,google,organic,"crm software development",2840,en,,v3/serp/google/organic/live/advanced,20000,10,"2026-08-05 23:55:45","2026-08-05 23:56:11",00:00:26,0.0155
08051855-9434-0139-0000-47f5e7f4773b,google,organic,"crm software development company",2840,en,,v3/serp/google/organic/live/advanced,20000,10,"2026-08-05 23:55:18","2026-08-05 23:55:45",00:00:27,0.0155
08051855-9434-0139-0000-97b964d6bc70,google,organic,"on demand service app development",2840,en,,v3/serp/google/organic/live/advanced,20000,10,"2026-08-05 23:55:06","2026-08-05 23:55:18",00:00:12,0.0155
08051854-9434-0139-0000-3df3870bbffa,google,organic,"on demand mobile app development",2840,en,,v3/serp/google/organic/live/advanced,20000,10,"2026-08-05 23:54:37","2026-08-05 23:55:05",00:00:28,0.0155
08051854-9434-0139-0000-8bfa364892d0,google,organic,"android app development New York",2458,en,,v3/serp/google/organic/live/advanced,20000,8,"2026-08-05 23:54:26","2026-08-05 23:54:36",00:00:10,0.0125
08051854-9434-0139-0000-66863e73ad27,google,organic,"mobile app developers NYC",2458,en,,v3/serp/google/organic/live/advanced,20000,9,"2026-08-05 23:54:02","2026-08-05 23:54:26",00:00:24,0.014
08051853-9434-0139-0000-dff850f85af9,google,organic,"mobile app developer New York",2458,en,,v3/serp/google/organic/live/advanced,20000,10,"2026-08-05 23:53:38","2026-08-05 23:54:02",00:00:24,0.0155
08051853-9434-0139-0000-ccdde95d2427,google,organic,"app developers NYC",2458,en,,v3/serp/google/organic/live/advanced,20000,9,"2026-08-05 23:53:12","2026-08-05 23:53:37",00:00:25,0.014
08051852-9434-0139-0000-9825995d0d70,google,organic,"app development company NYC",2458,en,,v3/serp/google/organic/live/advanced,20000,9,"2026-08-05 23:52:55","2026-08-05 23:53:08",00:00:13,0.014
08051852-9434-0139-0000-a66da358ef14,google,organic,"mobile app development company NYC",2458,en,,v3/serp/google/organic/live/advanced,20000,9,"2026-08-05 23:52:34","2026-08-05 23:52:55",00:00:21,0.014
08051852-9434-0139-0000-90f46100a82c,google,organic,"NYC app developers",2458,en,,v3/serp/google/organic/live/advanced,20000,10,"2026-08-05 23:52:11","2026-08-05 23:52:32",00:00:21,0.0155
08051852-9434-0139-0000-6fdcc282dd15,google,organic,"app developer NYC",2458,en,,v3/serp/google/organic/live/advanced,20000,9,"2026-08-05 23:52:01","2026-08-05 23:52:10",00:00:09,0.014
08051851-9434-0139-0000-d34b115686a8,google,organic,"custom crm software development company",2840,en,,v3/serp/google/organic/live/advanced,20000,10,"2026-08-05 23:51:34","2026-08-05 23:51:59",00:00:25,0.0155
08051851-9434-0139-0000-3e34fcd0af70,google,organic,"app developers in KSA",2682,ar,,v3/serp/google/organic/live/advanced,20000,10,"2026-08-05 23:51:25","2026-08-05 23:51:31",00:00:06,0.0155
08051850-9434-0139-0000-cdc7d71d0182,google,organic,"KSA mobile app development",2682,ar,,v3/serp/google/organic/live/advanced,20000,9,"2026-08-05 23:50:52","2026-08-05 23:51:24",00:00:32,0.014
08051850-9434-0139-0000-eb2385e0c540,google,organic,"mobile app development companies in saudi arabia",2682,ar,,v3/serp/google/organic/live/advanced,20000,9,"2026-08-05 23:50:29","2026-08-05 23:50:52",00:00:23,0.014
08051850-9434-0139-0000-db6629484f0d,google,organic,"mobile app development in KSA",2682,ar,,v3/serp/google/organic/live/advanced,20000,9,"2026-08-05 23:50:09","2026-08-05 23:50:29",00:00:20,0.014
08051849-9434-0139-0000-32e0320ac1a2,google,organic,"app developers in saudi arabia",2682,ar,,v3/serp/google/organic/live/advanced,20000,9,"2026-08-05 23:49:39","2026-08-05 23:50:09",00:00:30,0.014
08051849-9434-0139-0000-a24823a3fdde,google,organic,"app development agency in saudi arabia",2682,ar,,v3/serp/google/organic/live/advanced,20000,9,"2026-08-05 23:49:24","2026-08-05 23:49:39",00:00:15,0.014
08051849-9434-0139-0000-79d15dac1743,google,organic,"mobile app development company in saudi",2682,ar,,v3/serp/google/organic/live/advanced,20000,9,"2026-08-05 23:49:00","2026-08-05 23:49:23",00:00:23,0.014
08051848-9434-0139-0000-063e4647c5d7,google,organic,"mobile app development company saudi",2682,ar,,v3/serp/google/organic/live/advanced,20000,9,"2026-08-05 23:48:46","2026-08-05 23:49:00",00:00:14,0.014
08051848-9434-0139-0000-2f936d94d300,google,organic,"mobile app development company uk",2826,en,,v3/serp/google/organic/live/advanced,20000,10,"2026-08-05 23:48:34","2026-08-05 23:48:45",00:00:11,0.0155
08051848-9434-0139-0000-fe4bb4a81d9c,google,organic,"uk app developers",2826,en,,v3/serp/google/organic/live/advanced,20000,10,"2026-08-05 23:48:05","2026-08-05 23:48:33",00:00:28,0.0155
08051847-9434-0139-0000-91db2f701957,google,organic,"mobile app developers uk",2826,en,,v3/serp/google/organic/live/advanced,20000,10,"2026-08-05 23:47:26","2026-08-05 23:48:05",00:00:39,0.0155
08051846-9434-0139-0000-ba15c634f5c3,google,organic,"app developers uk",2826,en,,v3/serp/google/organic/live/advanced,20000,10,"2026-08-05 23:46:58","2026-08-05 23:47:25",00:00:27,0.0155
08051846-9434-0139-0000-3abbed36ae1f,google,organic,"app developer uk",2826,en,,v3/serp/google/organic/live/advanced,20000,10,"2026-08-05 23:46:24","2026-08-05 23:46:58",00:00:34,0.0155
08051846-9434-0139-0000-634adb65d0f0,google,organic,"app development companies uk",2826,en,,v3/serp/google/organic/live/advanced,20000,10,"2026-08-05 23:46:07","2026-08-05 23:46:24",00:00:17,0.0155
08051845-9434-0139-0000-69c691697eff,google,organic,"mobile app development uk",2826,en,,v3/serp/google/organic/live/advanced,20000,10,"2026-08-05 23:45:44","2026-08-05 23:46:07",00:00:23,0.0155
08051845-9434-0139-0000-d3755728c8c4,google,organic,"app development company uk",2826,en,,v3/serp/google/organic/live/advanced,20000,10,"2026-08-05 23:45:22","2026-08-05 23:45:44",00:00:22,0.0155
08051845-9434-0139-0000-fffb37669aec,google,organic,"mobile app development companies",2826,en,,v3/serp/google/organic/live/advanced,20000,10,"2026-08-05 23:45:02","2026-08-05 23:45:22",00:00:20,0.0155
08051844-9434-0139-0000-ff77d5687877,google,organic,"app development uk",2826,en,,v3/serp/google/organic/live/advanced,20000,10,"2026-08-05 23:44:36","2026-08-05 23:45:02",00:00:26,0.0155
08051844-9434-0139-0000-ae868551b579,google,organic,"music streaming app development company",2840,en,,v3/serp/google/organic/live/advanced,20000,10,"2026-08-05 23:44:16","2026-08-05 23:44:34",00:00:18,0.0155
08051843-9434-0139-0000-fedda1a99edc,google,organic,"music app development services",2840,en,,v3/serp/google/organic/live/advanced,20000,10,"2026-08-05 23:43:53","2026-08-05 23:44:11",00:00:18,0.0155
08051843-9434-0139-0000-a3adad5f56eb,google,organic,"app development company near me",2840,en,,v3/serp/google/organic/live/advanced,20000,10,"2026-08-05 23:43:41","2026-08-05 23:43:53",00:00:12,0.0155
08051843-9434-0139-0000-e6a9f93cdb51,google,organic,"app development near me",2840,en,,v3/serp/google/organic/live/advanced,20000,10,"2026-08-05 23:43:21","2026-08-05 23:43:41",00:00:20,0.0155
08051843-9434-0139-0000-5de579144dd0,google,organic,"mobile app development company near me",2840,en,,v3/serp/google/organic/live/advanced,20000,10,"2026-08-05 23:43:05","2026-08-05 23:43:20",00:00:15,0.0155
08051842-9434-0139-0000-921a1c8323a4,google,organic,"mobile app development near me",2840,en,,v3/serp/google/organic/live/advanced,20000,10,"2026-08-05 23:42:44","2026-08-05 23:43:05",00:00:21,0.0155
08051842-9434-0139-0000-4b48d6df460d,google,organic,"Website Development Company USA",2840,en,,v3/serp/google/organic/live/advanced,20000,10,"2026-08-05 23:42:20","2026-08-05 23:42:40",00:00:20,0.0155
08051842-9434-0139-0000-49f5b192ffc3,google,organic,"Website Development Services",2840,en,,v3/serp/google/organic/live/advanced,20000,10,"2026-08-05 23:42:02","2026-08-05 23:42:20",00:00:18,0.0155
08051841-9434-0139-0000-baa267ef8b1c,google,organic,"website development companies in usa",2840,en,,v3/serp/google/organic/live/advanced,20000,10,"2026-08-05 23:41:41","2026-08-05 23:42:01",00:00:20,0.0155
08051841-9434-0139-0000-69a9a03f11bd,google,organic,"website development company in usa",2840,en,,v3/serp/google/organic/live/advanced,20000,10,"2026-08-05 23:41:21","2026-08-05 23:41:41",00:00:20,0.0155
08051840-9434-0139-0000-4753f8a9a7be,google,organic,"web development services company",2840,en,,v3/serp/google/organic/live/advanced,20000,10,"2026-08-05 23:40:55","2026-08-05 23:41:21",00:00:26,0.0155
08051840-9434-0139-0000-e0e9fd206eff,google,organic,"website designing and development services",2840,en,,v3/serp/google/organic/live/advanced,20000,10,"2026-08-05 23:40:37","2026-08-05 23:40:55",00:00:18,0.0155
08051840-9434-0139-0000-106166cacd4a,google,organic,"website development solutions",2840,en,,v3/serp/google/organic/live/advanced,20000,10,"2026-08-05 23:40:11","2026-08-05 23:40:36",00:00:25,0.0155
08051839-9434-0139-0000-aaa54ec194be,google,organic,"professional website development services",2840,en,,v3/serp/google/organic/live/advanced,20000,10,"2026-08-05 23:39:58","2026-08-05 23:40:11",00:00:13,0.0155
08051839-9434-0139-0000-59147a14a229,google,organic,"Web Development Services",2840,en,,v3/serp/google/organic/live/advanced,20000,10,"2026-08-05 23:39:13","2026-08-05 23:39:58",00:00:45,0.0155
08051838-9434-0139-0000-0968ce155fb4,google,organic,"web development services in usa",2840,en,,v3/serp/google/organic/live/advanced,20000,10,"2026-08-05 23:38:48","2026-08-05 23:39:13",00:00:25,0.0155
08051837-9434-0139-0000-2e4cae145122,google,organic,"web development services usa",2840,en,,v3/serp/google/organic/live/advanced,20000,10,"2026-08-05 23:37:59","2026-08-05 23:38:33",00:00:34,0.0155
08051837-9434-0139-0000-62c0374a7458,google,organic,"Website Development Services in USA",2840,en,,v3/serp/google/organic/live/advanced,20000,10,"2026-08-05 23:37:20","2026-08-05 23:37:59",00:00:39,0.0155
08051836-9434-0139-0000-7b72ba23c840,google,organic,"custom iphone app development",2840,en,,v3/serp/google/organic/live/advanced,20000,10,"2026-08-05 23:36:56","2026-08-05 23:37:19",00:00:23,0.0155
08051836-9434-0139-0000-5a8cebb96b3f,google,organic,"custom ios app development services",2840,en,,v3/serp/google/organic/live/advanced,20000,10,"2026-08-05 23:36:26","2026-08-05 23:36:56",00:00:30,0.0155
08051836-9434-0139-0000-e45701702050,google,organic,"ios app development agency",2840,en,,v3/serp/google/organic/live/advanced,20000,6,"2026-08-05 23:36:06","2026-08-05 23:36:26",00:00:20,0.0095
08051835-9434-0139-0000-3ec9effe0097,google,organic,"iphone app development company usa",2840,en,,v3/serp/google/organic/live/advanced,20000,10,"2026-08-05 23:35:52","2026-08-05 23:36:05",00:00:13,0.0155
08051835-9434-0139-0000-2c9457ef0a2a,google,organic,"iphone applications development company",2840,en,,v3/serp/google/organic/live/advanced,20000,10,"2026-08-05 23:35:44","2026-08-05 23:35:51",00:00:07,0.0155
08051835-9434-0139-0000-091cae9f08db,google,organic,"iphone application development services",2840,en,,v3/serp/google/organic/live/advanced,20000,10,"2026-08-05 23:35:01","2026-08-05 23:35:43",00:00:42,0.0155
08051834-9434-0139-0000-42d56b4beba8,google,organic,"app developers in chicago",2392,en,,v3/serp/google/organic/live/advanced,20000,7,"2026-08-05 23:34:42","2026-08-05 23:35:00",00:00:18,0.011
08051834-9434-0139-0000-8be0c6ad9068,google,organic,"app development companies in chicago",2392,en,,v3/serp/google/organic/live/advanced,20000,7,"2026-08-05 23:34:26","2026-08-05 23:34:41",00:00:15,0.011
08051834-9434-0139-0000-54d1b60783ed,google,organic,"website design company New Jersey",21167,en,,v3/serp/google/organic/live/advanced,20000,10,"2026-08-05 23:34:08","2026-08-05 23:34:25",00:00:17,0.0155
08051833-9434-0139-0000-1ebe117d06b6,google,organic,"website development nj",2840,en,,v3/serp/google/organic/live/advanced,20000,10,"2026-08-05 23:33:57","2026-08-05 23:34:08",00:00:11,0.0155
08051833-9434-0139-0000-4d6ce3dd0b76,google,organic,"web development new jersey",21167,en,,v3/serp/google/organic/live/advanced,20000,10,"2026-08-05 23:33:39","2026-08-05 23:33:57",00:00:18,0.0155
08051833-9434-0139-0000-7466e6372b85,google,organic,"website design new jersey",21167,en,,v3/serp/google/organic/live/advanced,20000,10,"2026-08-05 23:33:23","2026-08-05 23:33:39",00:00:16,0.0155
08051832-9434-0139-0000-2c8b0aa5dd63,google,organic,"web development nj",2840,en,,v3/serp/google/organic/live/advanced,20000,10,"2026-08-05 23:32:44","2026-08-05 23:33:22",00:00:38,0.0155
08051832-9434-0139-0000-174d71184550,google,organic,"web design company nj",2840,en,,v3/serp/google/organic/live/advanced,20000,10,"2026-08-05 23:32:24","2026-08-05 23:32:44",00:00:20,0.0155
08051832-9434-0139-0000-0540e8f49f50,google,organic,"web development company new jersey",21167,en,,v3/serp/google/organic/live/advanced,20000,10,"2026-08-05 23:32:09","2026-08-05 23:32:24",00:00:15,0.0155
08051831-9434-0139-0000-367d9b3f31b3,google,organic,"website design companies nj",2840,en,,v3/serp/google/organic/live/advanced,20000,10,"2026-08-05 23:31:37","2026-08-05 23:32:09",00:00:32,0.0155
08051831-9434-0139-0000-2135ccf8e81e,google,organic,"mobile app development",2840,en,,v3/serp/google/organic/live/advanced,20000,10,"2026-08-05 23:31:17","2026-08-05 23:31:30",00:00:13,0.0155
08051830-9434-0139-0000-8284e46a2448,google,organic,"marketing os smoke",2840,en,,v3/serp/google/organic/live/advanced,20000,0,"2026-08-05 23:30:51","2026-08-05 23:31:17",00:00:26,0.002
08051830-9434-0139-0000-af096f889128,google,organic,"houston app development",2500,en,,v3/serp/google/organic/live/advanced,20000,7,"2026-08-05 23:30:37","2026-08-05 23:30:50",00:00:13,0.011
08051830-9434-0139-0000-9a785f373b57,google,organic,"app developers in chicago",2840,en,,v3/serp/google/organic/live/advanced,20000,10,"2026-08-05 23:30:11","2026-08-05 23:30:25",00:00:14,0.0155
08051829-9434-0139-0000-057f3b55a349,google,organic,"how many apps are downloaded a day",2840,en,,v3/serp/google/organic/live/advanced,20000,8,"2026-08-05 23:29:52","2026-08-05 23:30:09",00:00:17,0.0125
08051829-9434-0139-0000-36f402f5f717,google,organic,"website development company",2840,en,,v3/serp/google/organic/live/advanced,20000,10,"2026-08-05 23:29:27","2026-08-05 23:29:49",00:00:22,0.0155
08051829-9434-0139-0000-d9519e130ae6,google,organic,"mobile app development companies in los angeles",2840,en,,v3/serp/google/organic/live/advanced,20000,10,"2026-08-05 23:29:16","2026-08-05 23:29:26",00:00:10,0.0155
08051828-9434-0139-0000-5bc327567e26,google,organic,"web development company",2840,en,,v3/serp/google/organic/live/advanced,20000,10,"2026-08-05 23:28:54","2026-08-05 23:29:13",00:00:19,0.0155
08051828-9434-0139-0000-0884c28f88f1,google,organic,"does earnin work with varo",2840,en,,v3/serp/google/organic/live/advanced,20000,10,"2026-08-05 23:28:32","2026-08-05 23:28:52",00:00:20,0.0155
08051828-9434-0139-0000-c646882d64c6,google,organic,"custom crm development company",2840,en,,v3/serp/google/organic/live/advanced,20000,10,"2026-08-05 23:28:19","2026-08-05 23:28:30",00:00:11,0.0155
08051828-9434-0139-0000-68163be24611,google,organic,"how much money does fortnite make a day",2840,en,,v3/serp/google/organic/live/advanced,20000,10,"2026-08-05 23:28:07","2026-08-05 23:28:17",00:00:10,0.0155
08051827-9434-0139-0000-e9767f1402bf,google,organic,tekrevol,2840,en,,v3/serp/google/organic/live/advanced,20000,10,"2026-08-05 23:27:44","2026-08-05 23:28:05",00:00:21,0.0155
08051827-9434-0139-0000-5a9fe07d47b9,google,organic,"mobile app development companies uk",2840,en,,v3/serp/google/organic/live/advanced,20000,8,"2026-08-05 23:27:29","2026-08-05 23:27:43",00:00:14,0.0125
08051827-9434-0139-0000-e1bb21e6ed32,google,organic,"mobile app developers uk",2840,en,,v3/serp/google/organic/live/advanced,20000,10,"2026-08-05 23:27:16","2026-08-05 23:27:27",00:00:11,0.0155
08051827-9434-0139-0000-4d6c0ff99366,google,organic,"mobile app development company new york",2840,en,,v3/serp/google/organic/live/advanced,20000,10,"2026-08-05 23:27:00","2026-08-05 23:27:14",00:00:14,0.0155
08051826-9434-0139-0000-cede3bfda48a,google,organic,"online digital marketing agency",2840,en,,v3/serp/google/organic/live/advanced,20000,10,"2026-08-05 23:26:42","2026-08-05 23:26:58",00:00:16,0.0155
08051826-9434-0139-0000-fc3508599900,google,organic,"custom web development services",2840,en,,v3/serp/google/organic/live/advanced,20000,10,"2026-08-05 23:26:22","2026-08-05 23:26:41",00:00:19,0.0155
08051825-9434-0139-0000-354e8bb4e668,google,organic,"fortnite lifetime revenue",2840,en,,v3/serp/google/organic/live/advanced,20000,10,"2026-08-05 23:25:43","2026-08-05 23:26:20",00:00:37,0.0155
08051825-9434-0139-0000-58de700ba409,google,organic,"software development examples",2840,en,,v3/serp/google/organic/live/advanced,20000,10,"2026-08-05 23:25:07","2026-08-05 23:25:41",00:00:34,0.0155
08051824-9434-0139-0000-f17df4e1ccbb,google,organic,"fortnite sales",2840,en,,v3/serp/google/organic/live/advanced,20000,10,"2026-08-05 23:24:25","2026-08-05 23:25:04",00:00:39,0.0155
08051824-9434-0139-0000-df2fe8907c5f,google,organic,"custom ios app development company",2840,en,,v3/serp/google/organic/live/advanced,20000,10,"2026-08-05 23:24:08","2026-08-05 23:24:23",00:00:15,0.0155
08051823-9434-0139-0000-fc584979c2d3,google,organic,"ios mobile app development company",2840,en,,v3/serp/google/organic/live/advanced,20000,10,"2026-08-05 23:23:36","2026-08-05 23:24:06",00:00:30,0.0155
08051823-9434-0139-0000-00bea4afa350,google,organic,"ios app development cost",2840,en,,v3/serp/google/organic/live/advanced,20000,10,"2026-08-05 23:23:17","2026-08-05 23:23:34",00:00:17,0.0155
08051822-9434-0139-0000-4a6a5d9d00b5,google,organic,"how much money does fortnite make a second",2840,en,,v3/serp/google/organic/live/advanced,20000,10,"2026-08-05 23:22:56","2026-08-05 23:23:15",00:00:19,0.0155
08051822-9434-0139-0000-0c6bbee61bfa,google,organic,"mobile app development company uk",2840,en,,v3/serp/google/organic/live/advanced,20000,9,"2026-08-05 23:22:32","2026-08-05 23:22:53",00:00:21,0.014
08051822-9434-0139-0000-8a3039a14692,google,organic,"iphone app development services",2840,en,,v3/serp/google/organic/live/advanced,20000,10,"2026-08-05 23:22:10","2026-08-05 23:22:30",00:00:20,0.0155
08051821-9434-0139-0000-978c070d2fb3,google,organic,"ios app development services",2840,en,,v3/serp/google/organic/live/advanced,20000,10,"2026-08-05 23:21:43","2026-08-05 23:22:08",00:00:25,0.0155
08051821-9434-0139-0000-9b4be3453845,google,organic,"iphone app development company",2840,en,,v3/serp/google/organic/live/advanced,20000,10,"2026-08-05 23:21:33","2026-08-05 23:21:42",00:00:09,0.0155
08051820-9434-0139-0000-31df6dd2e4b6,google,organic,"ios app development company",2840,en,,v3/serp/google/organic/live/advanced,20000,10,"2026-08-05 23:20:46","2026-08-05 23:21:31",00:00:45,0.0155
08051820-9434-0139-0000-ce799222f261,google,organic,"ios application development company",2840,en,,v3/serp/google/organic/live/advanced,20000,10,"2026-08-05 23:20:23","2026-08-05 23:20:44",00:00:21,0.0155
08051820-9434-0139-0000-7d4e5f8d94a1,google,organic,"mobile app company uk",2840,en,,v3/serp/google/organic/live/advanced,20000,9,"2026-08-05 23:20:00","2026-08-05 23:20:20",00:00:20,0.014
08051819-9434-0139-0000-9ef5f7865a41,google,organic,"tekrevol houston",2840,en,,v3/serp/google/organic/live/advanced,20000,10,"2026-08-05 23:19:41","2026-08-05 23:19:56",00:00:15,0.0155
08051819-9434-0139-0000-40a1f7d57d5d,google,organic,"mobile app development company in chicago",2392,en,,v3/serp/google/organic/live/advanced,20000,7,"2026-08-05 23:19:24","2026-08-05 23:19:39",00:00:15,0.011
08051818-9434-0139-0000-34bb20253a19,google,organic,"how much did gta 6 cost to make",2840,en,,v3/serp/google/organic/live/advanced,20000,10,"2026-08-05 23:18:15","2026-08-05 23:18:31",00:00:16,0.0155
08051817-9434-0139-0000-25c759b247bf,google,organic,"chicago app development company",2392,en,,v3/serp/google/organic/live/advanced,20000,7,"2026-08-05 23:17:57","2026-08-05 23:18:13",00:00:16,0.011
08051817-9434-0139-0000-1c205f83293a,google,organic,"how much money does fortnite make a year",2840,en,,v3/serp/google/organic/live/advanced,20000,10,"2026-08-05 23:17:42","2026-08-05 23:17:55",00:00:13,0.0155
08051817-9434-0139-0000-7e5f5b692765,google,organic,"mobile app development company",2840,en,,v3/serp/google/organic/live/advanced,20000,10,"2026-08-05 23:17:16","2026-08-05 23:17:40",00:00:24,0.0155
08051817-9434-0139-0000-8df568ebf78b,google,organic,"chicago app developers",2392,en,,v3/serp/google/organic/live/advanced,20000,6,"2026-08-05 23:17:03","2026-08-05 23:17:14",00:00:11,0.0095
08051816-9434-0139-0000-550e52acb200,google,organic,"chicago app development",2392,en,,v3/serp/google/organic/live/advanced,20000,7,"2026-08-05 23:16:28","2026-08-05 23:17:00",00:00:32,0.011
08051816-9434-0139-0000-ed167e4d2c33,google,organic,"app developers chicago",2392,en,,v3/serp/google/organic/live/advanced,20000,6,"2026-08-05 23:16:09","2026-08-05 23:16:27",00:00:18,0.0095
08051815-9434-0139-0000-195e7ec8be05,google,organic,"app development chicago",2392,en,,v3/serp/google/organic/live/advanced,20000,8,"2026-08-05 23:15:48","2026-08-05 23:16:07",00:00:19,0.0125
08051815-9434-0139-0000-ddb1f2dcdf41,google,organic,"mobile app development company chicago",2392,en,,v3/serp/google/organic/live/advanced,20000,6,"2026-08-05 23:15:26","2026-08-05 23:15:46",00:00:20,0.0095
08051815-9434-0139-0000-09f6aba63d43,google,organic,"chicago mobile app development",2392,en,,v3/serp/google/organic/live/advanced,20000,6,"2026-08-05 23:15:13","2026-08-05 23:15:24",00:00:11,0.0095
08051814-9434-0139-0000-e82f6eb85f0a,google,organic,"mobile app development companies los angeles",2840,en,,v3/serp/google/organic/live/advanced,20000,10,"2026-08-05 23:14:53","2026-08-05 23:15:11",00:00:18,0.0155
08051814-9434-0139-0000-dee71fe656e8,google,organic,"reddit alternatives",2840,en,,v3/serp/google/organic/live/advanced,20000,10,"2026-08-05 23:14:41","2026-08-05 23:14:51",00:00:10,0.0155
08051813-9434-0139-0000-05fb86247768,google,organic,"development software examples",2840,en,,v3/serp/google/organic/live/advanced,20000,10,"2026-08-05 23:13:57","2026-08-05 23:14:40",00:00:43,0.0155
08051813-9434-0139-0000-a929be40cd52,google,organic,"2d game development company",2840,en,,v3/serp/google/organic/live/advanced,20000,10,"2026-08-05 23:13:26","2026-08-05 23:13:54",00:00:28,0.0155
08051813-9434-0139-0000-8f5abbe3f743,google,organic,"mobile game revenue by genre",2840,en,,v3/serp/google/organic/live/advanced,20000,10,"2026-08-05 23:13:17","2026-08-05 23:13:25",00:00:08,0.0155
08051813-9434-0139-0000-a4557f4f5333,google,organic,"how much does fortnite make a day",2840,en,,v3/serp/google/organic/live/advanced,20000,10,"2026-08-05 23:13:03","2026-08-05 23:13:15",00:00:12,0.0155
08051812-9434-0139-0000-d13e322af673,google,organic,"mobile app development companies in washington dc",2840,en,,v3/serp/google/organic/live/advanced,20000,10,"2026-08-05 23:12:51","2026-08-05 23:13:02",00:00:11,0.0155
08051812-9434-0139-0000-04d58abf6678,google,organic,"how does klarna make money",2840,en,,v3/serp/google/organic/live/advanced,20000,10,"2026-08-05 23:12:18","2026-08-05 23:12:48",00:00:30,0.0155
08051812-9434-0139-0000-6d4e47da95a5,google,organic,"how much has fortnite made",2840,en,,v3/serp/google/organic/live/advanced,20000,10,"2026-08-05 23:12:02","2026-08-05 23:12:16",00:00:14,0.0155
08051811-9434-0139-0000-747f4eafbd19,google,organic,"digital marketing in usa",2840,en,,v3/serp/google/organic/live/advanced,20000,10,"2026-08-05 23:11:37","2026-08-05 23:12:01",00:00:24,0.0155
08051811-9434-0139-0000-0f18b2907ee3,google,organic,"reddit alternative",2840,en,,v3/serp/google/organic/live/advanced,20000,10,"2026-08-05 23:11:13","2026-08-05 23:11:35",00:00:22,0.0155
08051810-9434-0139-0000-8d204cb7a5cf,google,organic,"what is fortnite worth",2840,en,,v3/serp/google/organic/live/advanced,20000,10,"2026-08-05 23:10:35","2026-08-05 23:11:11",00:00:36,0.0155
08051810-9434-0139-0000-2339074a2b9f,google,organic,"mobile app development company in saudi arabia",2840,en,,v3/serp/google/organic/live/advanced,20000,10,"2026-08-05 23:10:16","2026-08-05 23:10:32",00:00:16,0.0155
08051809-9434-0139-0000-b2c9531ff0bd,google,organic,"software development example",2840,en,,v3/serp/google/organic/live/advanced,20000,10,"2026-08-05 23:09:57","2026-08-05 23:10:15",00:00:18,0.0155
08051809-9434-0139-0000-afbf48c77d15,google,organic,"hard launch vs soft launch",2840,en,,v3/serp/google/organic/live/advanced,20000,10,"2026-08-05 23:09:41","2026-08-05 23:09:54",00:00:13,0.0155
08051808-9434-0139-0000-7c6981801592,google,organic,"app development company chicago",2840,en,,v3/serp/google/organic/live/advanced,20000,10,"2026-08-05 23:08:50","2026-08-05 23:09:40",00:00:50,0.0155
08051808-9434-0139-0000-5b61cd660487,google,organic,"crm development service",2840,en,,v3/serp/google/organic/live/advanced,20000,10,"2026-08-05 23:08:33","2026-08-05 23:08:44",00:00:11,0.0155
08051808-9434-0139-0000-90835d6a04d0,google,organic,"web development service",2840,en,,v3/serp/google/organic/live/advanced,20000,10,"2026-08-05 23:08:10","2026-08-05 23:08:31",00:00:21,0.0155
08051807-9434-0139-0000-a278e4b913a7,google,organic,"professional web development services",2840,en,,v3/serp/google/organic/live/advanced,20000,10,"2026-08-05 23:07:48","2026-08-05 23:08:08",00:00:20,0.0155
08051806-9434-0139-0000-fd80e8dfe9f7,google,organic,"app developers in dc",2840,en,,v3/serp/google/organic/live/advanced,20000,9,"2026-08-05 23:06:56","2026-08-05 23:07:46",00:00:50,0.014
08051806-9434-0139-0000-b4c975fe7076,google,organic,"gta 6 budget",2840,en,,v3/serp/google/organic/live/advanced,20000,10,"2026-08-05 23:06:27","2026-08-05 23:06:51",00:00:24,0.0155
08051805-9434-0139-0000-10a810bbb44b,google,organic,"mobile app development company chicago",2840,en,,v3/serp/google/organic/live/advanced,20000,10,"2026-08-05 23:05:54","2026-08-05 23:06:25",00:00:31,0.0155
08051805-9434-0139-0000-b010dba61bc2,google,organic,"e-commerce application development",2840,en,,v3/serp/google/organic/live/advanced,20000,10,"2026-08-05 23:05:42","2026-08-05 23:05:52",00:00:10,0.0155
08051804-9434-0139-0000-31ae4b67c08f,google,organic,"ecommerce app developer",2840,en,,v3/serp/google/organic/live/advanced,20000,10,"2026-08-05 23:04:56","2026-08-05 23:05:40",00:00:44,0.0155
08051804-9434-0139-0000-78ceb200a9a6,google,organic,"ecommerce application development services",2840,en,,v3/serp/google/organic/live/advanced,20000,10,"2026-08-05 23:04:09","2026-08-05 23:04:54",00:00:45,0.0155
08051803-9434-0139-0000-e9001d37e920,google,organic,"e commerce mobile app development company",2840,en,,v3/serp/google/organic/live/advanced,20000,10,"2026-08-05 23:03:07","2026-08-05 23:04:07",00:01:00,0.0155
08051802-9434-0139-0000-82909f99a981,google,organic,"ecommerce application development company",2840,en,,v3/serp/google/organic/live/advanced,20000,10,"2026-08-05 23:02:25","2026-08-05 23:03:06",00:00:41,0.0155
08051801-9434-0139-0000-764b7968814a,google,organic,"mobile ecommerce app development",2840,en,,v3/serp/google/organic/live/advanced,20000,10,"2026-08-05 23:01:55","2026-08-05 23:02:21",00:00:26,0.0155
08051801-9434-0139-0000-04172b2071c8,google,organic,"ecommerce mobile app development",2840,en,,v3/serp/google/organic/live/advanced,20000,10,"2026-08-05 23:01:34","2026-08-05 23:01:53",00:00:19,0.0155
08051801-9434-0139-0000-4435db9c666b,google,organic,"ecommerce application development",2840,en,,v3/serp/google/organic/live/advanced,20000,10,"2026-08-05 23:01:24","2026-08-05 23:01:33",00:00:09,0.0155
08051800-9434-0139-0000-aa21cefb9eaf,google,organic,"ecommerce app development",2840,en,,v3/serp/google/organic/live/advanced,20000,10,"2026-08-05 23:00:51","2026-08-05 23:01:22",00:00:31,0.0155
08051759-9434-0139-0000-274cb4ebfc7c,google,organic,"custom android app development",2840,en,,v3/serp/google/organic/live/advanced,20000,10,"2026-08-05 22:59:53","2026-08-05 23:00:47",00:00:54,0.0155
08051759-9434-0139-0000-6da3b874abd1,google,organic,"android application development agency",2840,en,,v3/serp/google/organic/live/advanced,20000,10,"2026-08-05 22:59:33","2026-08-05 22:59:51",00:00:18,0.0155
08051759-9434-0139-0000-0032210bfc18,google,organic,"custom android app development company",2840,en,,v3/serp/google/organic/live/advanced,20000,10,"2026-08-05 22:59:20","2026-08-05 22:59:31",00:00:11,0.0155
08051758-9434-0139-0000-099b5cfd2c21,google,organic,"android mobile app development company",2840,en,,v3/serp/google/organic/live/advanced,20000,10,"2026-08-05 22:58:40","2026-08-05 22:59:18",00:00:38,0.0155
08051758-9434-0139-0000-734e5721f22a,google,organic,"android app development agency",2840,en,,v3/serp/google/organic/live/advanced,20000,10,"2026-08-05 22:58:08","2026-08-05 22:58:37",00:00:29,0.0155
08051757-9434-0139-0000-4ef89c0e2af9,google,organic,"android application development services",2840,en,,v3/serp/google/organic/live/advanced,20000,10,"2026-08-05 22:57:36","2026-08-05 22:58:05",00:00:29,0.0155
08051757-9434-0139-0000-700f188a90dc,google,organic,"android application development company",2840,en,,v3/serp/google/organic/live/advanced,20000,10,"2026-08-05 22:57:18","2026-08-05 22:57:33",00:00:15,0.0155
08051756-9434-0139-0000-5801808dfc9e,google,organic,"android development services",2840,en,,v3/serp/google/organic/live/advanced,20000,10,"2026-08-05 22:56:53","2026-08-05 22:57:16",00:00:23,0.0155
08051755-9434-0139-0000-6dd413f1a10c,google,organic,"android app development services",2840,en,,v3/serp/google/organic/live/advanced,20000,10,"2026-08-05 22:55:47","2026-08-05 22:56:50",00:01:03,0.0155
08051755-9434-0139-0000-b603d9cce4a2,google,organic,"android apps development services",2840,en,,v3/serp/google/organic/live/advanced,20000,10,"2026-08-05 22:55:19","2026-08-05 22:55:45",00:00:26,0.0155
08051754-9434-0139-0000-a27308622f23,google,organic,"android app development company",2840,en,,v3/serp/google/organic/live/advanced,20000,10,"2026-08-05 22:54:42","2026-08-05 22:55:17",00:00:35,0.0155
08051754-9434-0139-0000-93193e8452f4,google,organic,"mobile game app developer",2840,en,,v3/serp/google/organic/live/advanced,20000,10,"2026-08-05 22:54:21","2026-08-05 22:54:41",00:00:20,0.0155
08051753-9434-0139-0000-6e1994097a13,google,organic,"mobile game development agency",2840,en,,v3/serp/google/organic/live/advanced,20000,10,"2026-08-05 22:53:45","2026-08-05 22:54:20",00:00:35,0.0155
08051753-9434-0139-0000-591148a863f4,google,organic,"mobile game app development company",2840,en,,v3/serp/google/organic/live/advanced,20000,10,"2026-08-05 22:53:07","2026-08-05 22:53:43",00:00:36,0.0155
08051752-9434-0139-0000-994864dbe8dc,google,organic,"mobile game developer",2840,en,,v3/serp/google/organic/live/advanced,20000,10,"2026-08-05 22:52:12","2026-08-05 22:53:05",00:00:53,0.0155
08051751-9434-0139-0000-95bca382d82c,google,organic,"mobile game development services",2840,en,,v3/serp/google/organic/live/advanced,20000,10,"2026-08-05 22:51:46","2026-08-05 22:52:09",00:00:23,0.0155
08051751-9434-0139-0000-1a0b0d16f553,google,organic,"mobile app development",2840,en,,v3/serp/google/organic/live/advanced,20000,10,"2026-08-05 22:51:19","2026-08-05 22:51:44",00:00:25,0.0155
08051750-9434-0139-0000-60942f04fce8,google,organic,"game app developers",2840,en,,v3/serp/google/organic/live/advanced,20000,10,"2026-08-05 22:50:57","2026-08-05 22:51:17",00:00:20,0.0155
08051750-9434-0139-0000-e9ec87080e4e,google,organic,"Game Development Services",2840,en,,v3/serp/google/organic/live/advanced,20000,10,"2026-08-05 22:50:31","2026-08-05 22:50:56",00:00:25,0.0155
08051749-9434-0139-0000-ab4bc1da7634,google,organic,"mobile game development companies",2840,en,,v3/serp/google/organic/live/advanced,20000,10,"2026-08-05 22:49:54","2026-08-05 22:50:29",00:00:35,0.0155
08051749-9434-0139-0000-9276cec0a651,google,organic,"game app development company",2840,en,,v3/serp/google/organic/live/advanced,20000,10,"2026-08-05 22:49:16","2026-08-05 22:49:52",00:00:36,0.0155
08051748-9434-0139-0000-0202a3cdee7d,google,organic,"mobile game development company",2840,en,,v3/serp/google/organic/live/advanced,20000,10,"2026-08-05 22:48:52","2026-08-05 22:49:14",00:00:22,0.0155
08051748-9434-0139-0000-601c76ec4866,google,organic,"mobile health app developers",2840,en,,v3/serp/google/organic/live/advanced,20000,10,"2026-08-05 22:48:34","2026-08-05 22:48:51",00:00:17,0.0155
08051748-9434-0139-0000-93881d2d2b14,google,organic,"medical app developers",2840,en,,v3/serp/google/organic/live/advanced,20000,10,"2026-08-05 22:48:19","2026-08-05 22:48:31",00:00:12,0.0155
08051747-9434-0139-0000-93d3a3e9dd2f,google,organic,"healthcare mobile application development",2840,en,,v3/serp/google/organic/live/advanced,20000,10,"2026-08-05 22:47:55","2026-08-05 22:48:17",00:00:22,0.0155
08051747-9434-0139-0000-88be03daac34,google,organic,"medical app development",2840,en,,v3/serp/google/organic/live/advanced,20000,10,"2026-08-05 22:47:16","2026-08-05 22:47:54",00:00:38,0.0155
08051746-9434-0139-0000-daf491fe3620,google,organic,"healthcare app development",2840,en,,v3/serp/google/organic/live/advanced,20000,10,"2026-08-05 22:46:40","2026-08-05 22:47:14",00:00:34,0.0155
08051746-9434-0139-0000-26f141a8378b,google,organic,"healthcare application development",2840,en,,v3/serp/google/organic/live/advanced,20000,10,"2026-08-05 22:46:10","2026-08-05 22:46:38",00:00:28,0.0155
08051745-9434-0139-0000-e7cfa56c4b2a,google,organic,"medical app development companies",2840,en,,v3/serp/google/organic/live/advanced,20000,10,"2026-08-05 22:45:39","2026-08-05 22:46:08",00:00:29,0.0155
08051745-9434-0139-0000-28c5b5190aec,google,organic,"healthcare mobile app development companies",2840,en,,v3/serp/google/organic/live/advanced,20000,10,"2026-08-05 22:45:13","2026-08-05 22:45:37",00:00:24,0.0155
08051744-9434-0139-0000-db632a23f0ed,google,organic,"healthcare app developers",2840,en,,v3/serp/google/organic/live/advanced,20000,10,"2026-08-05 22:44:48","2026-08-05 22:45:12",00:00:24,0.0155
08051744-9434-0139-0000-0b49e305fe5d,google,organic,"healthcare application development services",2840,en,,v3/serp/google/organic/live/advanced,20000,10,"2026-08-05 22:44:25","2026-08-05 22:44:46",00:00:21,0.0155
08051744-9434-0139-0000-e23cb67a15d7,google,organic,"healthcare app development services",2840,en,,v3/serp/google/organic/live/advanced,20000,10,"2026-08-05 22:44:08","2026-08-05 22:44:24",00:00:16,0.0155
08051743-9434-0139-0000-f4414fffaf6b,google,organic,"healthcare mobile app development company",2840,en,,v3/serp/google/organic/live/advanced,20000,10,"2026-08-05 22:43:57","2026-08-05 22:44:06",00:00:09,0.0155
08051743-9434-0139-0000-a6876eba9853,google,organic,"app development houston",2500,en,,v3/serp/google/organic/live/advanced,20000,7,"2026-08-05 22:43:43","2026-08-05 22:43:53",00:00:10,0.011
08051743-9434-0139-0000-aa66090d419e,google,organic,"mobile app development company houston",2500,en,,v3/serp/google/organic/live/advanced,20000,8,"2026-08-05 22:43:20","2026-08-05 22:43:42",00:00:22,0.0125
08051742-9434-0139-0000-c4e3f9b19af2,google,organic,"houston mobile app development",2500,en,,v3/serp/google/organic/live/advanced,20000,8,"2026-08-05 22:42:40","2026-08-05 22:43:18",00:00:38,0.0125
08051742-9434-0139-0000-b6485054bb41,google,organic,"mobile app development houston",2500,en,,v3/serp/google/organic/live/advanced,20000,8,"2026-08-05 22:42:29","2026-08-05 22:42:39",00:00:10,0.0125
08051742-9434-0139-0000-6bee088a2fba,google,organic,"android app development houston",2500,en,,v3/serp/google/organic/live/advanced,20000,8,"2026-08-05 22:42:16","2026-08-05 22:42:27",00:00:11,0.0125
08051741-9434-0139-0000-ea42a476532c,google,organic,"app developer houston",2500,en,,v3/serp/google/organic/live/advanced,20000,8,"2026-08-05 22:41:24","2026-08-05 22:42:12",00:00:48,0.0125
08051740-9434-0139-0000-5b6680853de8,google,organic,"mobile app developer houston",2500,en,,v3/serp/google/organic/live/advanced,20000,7,"2026-08-05 22:40:50","2026-08-05 22:41:20",00:00:30,0.011
08051740-9434-0139-0000-40fca23b1c82,google,organic,"mobile apps development houston",2500,en,,v3/serp/google/organic/live/advanced,20000,8,"2026-08-05 22:40:17","2026-08-05 22:40:48",00:00:31,0.0125
08051739-9434-0139-0000-5f4011430ac3,google,organic,"mobile app developers houston",2500,en,,v3/serp/google/organic/live/advanced,20000,8,"2026-08-05 22:39:43","2026-08-05 22:40:14",00:00:31,0.0125
08051739-9434-0139-0000-cc97aba02a7d,google,organic,"houston app developers",2500,en,,v3/serp/google/organic/live/advanced,20000,7,"2026-08-05 22:39:21","2026-08-05 22:39:42",00:00:21,0.011
08051738-9434-0139-0000-e0975efb4868,google,organic,"music app development company",2840,en,,v3/serp/google/organic/live/advanced,20000,10,"2026-08-05 22:38:36","2026-08-05 22:39:17",00:00:41,0.0155
08051738-9434-0139-0000-5d9391710286,google,organic,"mobile app development company san francisco",2840,en,,v3/serp/google/organic/live/advanced,20000,10,"2026-08-05 22:38:11","2026-08-05 22:38:33",00:00:22,0.0155
08051737-9434-0139-0000-828cc75ac5fd,google,organic,"musi alternative",2840,en,,v3/serp/google/organic/live/advanced,20000,6,"2026-08-05 22:37:39","2026-08-05 22:38:09",00:00:30,0.0095
08051736-9434-0139-0000-38aa9929bd65,google,organic,"custom website development services",2840,en,,v3/serp/google/organic/live/advanced,20000,10,"2026-08-05 22:36:19","2026-08-05 22:37:03",00:00:44,0.0155
08051735-9434-0139-0000-1e147d41eb1b,google,organic,"fortnite revenue",2840,en,,v3/serp/google/organic/live/advanced,20000,10,"2026-08-05 22:35:15","2026-08-05 22:36:17",00:01:02,0.0155
08051734-9434-0139-0000-80b0289bf08a,google,organic,"digital marketing companies usa",2840,en,,v3/serp/google/organic/live/advanced,20000,10,"2026-08-05 22:34:49","2026-08-05 22:35:14",00:00:25,0.0155
08051734-9434-0139-0000-54deae7d7180,google,organic,"mobile app development companies in san francisco",2840,en,,v3/serp/google/organic/live/advanced,20000,10,"2026-08-05 22:34:23","2026-08-05 22:34:48",00:00:25,0.0155
08051733-9434-0139-0000-4dbb235c4498,google,organic,"healthcare app development company",2840,en,,v3/serp/google/organic/live/advanced,20000,10,"2026-08-05 22:33:57","2026-08-05 22:34:22",00:00:25,0.0155
08051733-9434-0139-0000-983a066317b0,google,organic,"how much is fortnite worth",2840,en,,v3/serp/google/organic/live/advanced,20000,10,"2026-08-05 22:33:34","2026-08-05 22:33:55",00:00:21,0.0155
08051732-9434-0139-0000-72e5552da998,google,organic,"apps like tiktok",2840,en,,v3/serp/google/organic/live/advanced,20000,10,"2026-08-05 22:32:57","2026-08-05 22:33:31",00:00:34,0.0155
08051732-9434-0139-0000-201e51ec2d96,google,organic,"app developer miami",2840,en,,v3/serp/google/organic/live/advanced,20000,10,"2026-08-05 22:32:20","2026-08-05 22:32:42",00:00:22,0.0155
08051731-9434-0139-0000-a26f63673af0,google,organic,"app developers near me",2840,en,,v3/serp/google/organic/live/advanced,20000,10,"2026-08-05 22:31:52","2026-08-05 22:32:18",00:00:26,0.0155
08051731-9434-0139-0000-57fb7c93ee04,google,organic,"how much does fortnite make a year",2840,en,,v3/serp/google/organic/live/advanced,20000,10,"2026-08-05 22:31:35","2026-08-05 22:31:44",00:00:09,0.0155
08051731-9434-0139-0000-d0fa470e4276,google,organic,"digital marketing agency usa",2840,en,,v3/serp/google/organic/live/advanced,20000,10,"2026-08-05 22:31:20","2026-08-05 22:31:30",00:00:10,0.0155
08051730-9434-0139-0000-fb3fe39dff7c,google,organic,"fortnite net worth",2840,en,,v3/serp/google/organic/live/advanced,20000,10,"2026-08-05 22:30:48","2026-08-05 22:31:18",00:00:30,0.0155
08051730-9434-0139-0000-5441bc21b45b,google,organic,"crm development services",2840,en,,v3/serp/google/organic/live/advanced,20000,10,"2026-08-05 22:30:29","2026-08-05 22:30:43",00:00:14,0.0155
08051730-9434-0139-0000-4dbd386f258c,google,organic,"ecommerce web development services",2840,en,,v3/serp/google/organic/live/advanced,20000,10,"2026-08-05 22:30:08","2026-08-05 22:30:20",00:00:12,0.0155
08051729-9434-0139-0000-459ba337dd0f,google,organic,"web development services",2840,en,,v3/serp/google/organic/live/advanced,20000,10,"2026-08-05 22:29:46","2026-08-05 22:30:05",00:00:19,0.0155
08051729-9434-0139-0000-196ed661c2c5,google,organic,"ai automation companies",2840,en,,v3/serp/google/organic/live/advanced,20000,10,"2026-08-05 22:29:11","2026-08-05 22:29:45",00:00:34,0.0155
08051729-9434-0139-0000-9332af180357,google,organic,"what is new in gaming technology jogametech",2840,en,,v3/serp/google/organic/live/advanced,20000,10,"2026-08-05 22:29:00","2026-08-05 22:29:10",00:00:10,0.0155
08051728-9434-0139-0000-7a0184d2dfd5,google,organic,"ai automation agency",2840,en,,v3/serp/google/organic/live/advanced,20000,10,"2026-08-05 22:28:34","2026-08-05 22:28:58",00:00:24,0.0155
08051727-9434-0139-0000-51dfbe0af4f4,google,organic,"gta 6 cost to make",2840,en,,v3/serp/google/organic/live/advanced,20000,10,"2026-08-05 22:27:52","2026-08-05 22:28:32",00:00:40,0.0155
08051727-9434-0139-0000-1ae6f5be9069,google,organic,"mobile app development company denver",2404,en,,v3/serp/google/organic/live/advanced,20000,9,"2026-08-05 22:27:25","2026-08-05 22:27:50",00:00:25,0.014
08051727-9434-0139-0000-e297a2f0fd1b,google,organic,"app developer denver",2404,en,,v3/serp/google/organic/live/advanced,20000,10,"2026-08-05 22:27:13","2026-08-05 22:27:24",00:00:11,0.0155
08051726-9434-0139-0000-54d724c66099,google,organic,"digital marketing services usa",2840,en,,v3/serp/google/organic/live/advanced,20000,10,"2026-08-05 22:26:51","2026-08-05 22:27:11",00:00:20,0.0155
08051726-9434-0139-0000-aad77b7f61e7,google,organic,"digital marketing firms in usa",2840,en,,v3/serp/google/organic/live/advanced,20000,10,"2026-08-05 22:26:17","2026-08-05 22:26:49",00:00:32,0.0155
08051725-9434-0139-0000-6e67521fa51a,google,organic,"digital marketing company",2840,en,,v3/serp/google/organic/live/advanced,20000,10,"2026-08-05 22:25:36","2026-08-05 22:26:15",00:00:39,0.0155
08051725-9434-0139-0000-72e524ae0a1c,google,organic,"digital marketing services",2840,en,,v3/serp/google/organic/live/advanced,20000,10,"2026-08-05 22:25:11","2026-08-05 22:25:34",00:00:23,0.0155
08051724-9434-0139-0000-338b5d5d0e7f,google,organic,"digital marketing agency",2840,en,,v3/serp/google/organic/live/advanced,20000,10,"2026-08-05 22:24:49","2026-08-05 22:25:09",00:00:20,0.0155
08051724-9434-0139-0000-dc6a34ea44ee,google,organic,"3d game developers",2840,en,,v3/serp/google/organic/live/advanced,20000,10,"2026-08-05 22:24:18","2026-08-05 22:24:47",00:00:29,0.0155
08051724-9434-0139-0000-81c3a6231611,google,organic,"3d game development company",2840,en,,v3/serp/google/organic/live/advanced,20000,10,"2026-08-05 22:24:01","2026-08-05 22:24:16",00:00:15,0.0155
08051723-9434-0139-0000-e640f131975c,google,organic,"3d game development services",2840,en,,v3/serp/google/organic/live/advanced,20000,10,"2026-08-05 22:23:29","2026-08-05 22:23:59",00:00:30,0.0155
08051723-9434-0139-0000-9be6a919bffd,google,organic,"3d game development",2840,en,,v3/serp/google/organic/live/advanced,20000,9,"2026-08-05 22:23:17","2026-08-05 22:23:28",00:00:11,0.014
08051723-9434-0139-0000-6b94ce7a6d63,google,organic,"ai app development company",2840,en,,v3/serp/google/organic/live/advanced,20000,10,"2026-08-05 22:23:01","2026-08-05 22:23:15",00:00:14,0.0155
08051722-9434-0139-0000-2c9d3938e8fa,google,organic,"ai software development services",2840,en,,v3/serp/google/organic/live/advanced,20000,10,"2026-08-05 22:22:48","2026-08-05 22:22:59",00:00:11,0.0155
08051722-9434-0139-0000-8d0d2dbac534,google,organic,"ai application development services",2840,en,,v3/serp/google/organic/live/advanced,20000,10,"2026-08-05 22:22:21","2026-08-05 22:22:46",00:00:25,0.0155
08051721-9434-0139-0000-e0d6c705b4a6,google,organic,"artificial intelligence development services",2840,en,,v3/serp/google/organic/live/advanced,20000,10,"2026-08-05 22:21:42","2026-08-05 22:22:19",00:00:37,0.0155
08051721-9434-0139-0000-d7c057a4d623,google,organic,"artificial intelligence development company",2840,en,,v3/serp/google/organic/live/advanced,20000,10,"2026-08-05 22:21:09","2026-08-05 22:21:40",00:00:31,0.0155
08051720-9434-0139-0000-a4d3b9269435,google,organic,"ai development company",2840,en,,v3/serp/google/organic/live/advanced,20000,10,"2026-08-05 22:20:05","2026-08-05 22:21:05",00:01:00,0.0155
08051719-9434-0139-0000-5e68b88b6665,google,organic,"flutter app development agency",2840,en,,v3/serp/google/organic/live/advanced,20000,10,"2026-08-05 22:19:03","2026-08-05 22:19:59",00:00:56,0.0155
08051718-9434-0139-0000-c01eb688b955,google,organic,"flutter application development services",2840,en,,v3/serp/google/organic/live/advanced,20000,10,"2026-08-05 22:18:52","2026-08-05 22:19:02",00:00:10,0.0155
08051718-9434-0139-0000-76eb6fb8c53a,google,organic,"flutter mobile application development company",2840,en,,v3/serp/google/organic/live/advanced,20000,10,"2026-08-05 22:18:16","2026-08-05 22:18:50",00:00:34,0.0155
08051717-9434-0139-0000-f59f201b6f3a,google,organic,"flutter app development company in usa",2840,en,,v3/serp/google/organic/live/advanced,20000,10,"2026-08-05 22:17:46","2026-08-05 22:18:13",00:00:27,0.0155
08051717-9434-0139-0000-b8c55c28396d,google,organic,"custom software development solutions",2840,en,,v3/serp/google/organic/live/advanced,20000,10,"2026-08-05 22:17:22","2026-08-05 22:17:40",00:00:18,0.0155
08051716-9434-0139-0000-0e7dcd1d24f8,google,organic,"custom software development firm",2840,en,,v3/serp/google/organic/live/advanced,20000,10,"2026-08-05 22:16:40","2026-08-05 22:17:21",00:00:41,0.0155
08051716-9434-0139-0000-94235854f9b9,google,organic,"custom software development",2840,en,,v3/serp/google/organic/live/advanced,20000,10,"2026-08-05 22:16:23","2026-08-05 22:16:37",00:00:14,0.0155
08051715-9434-0139-0000-0c3160aaa09e,google,organic,"custom software development company",2840,en,,v3/serp/google/organic/live/advanced,20000,10,"2026-08-05 22:15:42","2026-08-05 22:16:21",00:00:39,0.0155
08051715-9434-0139-0000-b190c04bd767,google,organic,"cloud app development services",2840,en,,v3/serp/google/organic/live/advanced,20000,10,"2026-08-05 22:15:23","2026-08-05 22:15:41",00:00:18,0.0155
08051715-9434-0139-0000-9f0884fc7545,google,organic,"cloud app development",2840,en,,v3/serp/google/organic/live/advanced,20000,6,"2026-08-05 22:15:10","2026-08-05 22:15:21",00:00:11,0.0095
08051714-9434-0139-0000-18f5eba8c252,google,organic,"cloud application services",2840,en,,v3/serp/google/organic/live/advanced,20000,10,"2026-08-05 22:14:47","2026-08-05 22:15:07",00:00:20,0.0155
08051714-9434-0139-0000-feeed1ddf95c,google,organic,"cloud application development company",2840,en,,v3/serp/google/organic/live/advanced,20000,10,"2026-08-05 22:14:25","2026-08-05 22:14:47",00:00:22,0.0155
08051714-9434-0139-0000-3105c727df4f,google,organic,"it staff augmentation company",2840,en,,v3/serp/google/organic/live/advanced,20000,10,"2026-08-05 22:14:02","2026-08-05 22:14:23",00:00:21,0.0155
08051713-9434-0139-0000-1afd77d04728,google,organic,"it staff augmentation",2840,en,,v3/serp/google/organic/live/advanced,20000,10,"2026-08-05 22:13:35","2026-08-05 22:13:49",00:00:14,0.0155
08051713-9434-0139-0000-6b851be04ab9,google,organic,"staff augmentation company",2840,en,,v3/serp/google/organic/live/advanced,20000,10,"2026-08-05 22:13:07","2026-08-05 22:13:34",00:00:27,0.0155
08051712-9434-0139-0000-ee03557f7db0,google,organic,"it staff augmentation services",2840,en,,v3/serp/google/organic/live/advanced,20000,10,"2026-08-05 22:12:28","2026-08-05 22:13:04",00:00:36,0.0155
08051711-9434-0139-0000-f8412f861dd7,google,organic,"staff augmentation services",2840,en,,v3/serp/google/organic/live/advanced,20000,10,"2026-08-05 22:11:56","2026-08-05 22:12:26",00:00:30,0.0155
08051711-9434-0139-0000-194ca5d45c01,google,organic,"custom crm development services",2840,en,,v3/serp/google/organic/live/advanced,20000,10,"2026-08-05 22:11:42","2026-08-05 22:11:55",00:00:13,0.0155
08051711-9434-0139-0000-90703c8ab620,google,organic,"crm development company",2840,en,,v3/serp/google/organic/live/advanced,20000,10,"2026-08-05 22:11:00","2026-08-05 22:11:40",00:00:40,0.0155
08051710-9434-0139-0000-022b38cb3910,google,organic,"custom crm development",2840,en,,v3/serp/google/organic/live/advanced,20000,10,"2026-08-05 22:10:22","2026-08-05 22:10:56",00:00:34,0.0155
08051709-9434-0139-0000-e9b81ac1c9eb,google,organic,"crm software development",2840,en,,v3/serp/google/organic/live/advanced,20000,10,"2026-08-05 22:09:59","2026-08-05 22:10:20",00:00:21,0.0155
08051709-9434-0139-0000-66ee00401253,google,organic,"crm software development company",2840,en,,v3/serp/google/organic/live/advanced,20000,10,"2026-08-05 22:09:33","2026-08-05 22:09:57",00:00:24,0.0155
08051709-9434-0139-0000-10b0e36e72b0,google,organic,"on demand service app development",2840,en,,v3/serp/google/organic/live/advanced,20000,10,"2026-08-05 22:09:11","2026-08-05 22:09:32",00:00:21,0.0155
08051708-9434-0139-0000-b1953fe53bea,google,organic,"on demand mobile app development",2840,en,,v3/serp/google/organic/live/advanced,20000,10,"2026-08-05 22:08:56","2026-08-05 22:09:08",00:00:12,0.0155
08051708-9434-0139-0000-ee35497a469e,google,organic,"android app development New York",2458,en,,v3/serp/google/organic/live/advanced,20000,9,"2026-08-05 22:08:25","2026-08-05 22:08:51",00:00:26,0.014
08051707-9434-0139-0000-e5e7fed1d0e1,google,organic,"mobile app developers NYC",2458,en,,v3/serp/google/organic/live/advanced,20000,10,"2026-08-05 22:07:33","2026-08-05 22:08:23",00:00:50,0.0155
08051707-9434-0139-0000-684a4689da55,google,organic,"mobile app developer New York",2458,en,,v3/serp/google/organic/live/advanced,20000,9,"2026-08-05 22:07:05","2026-08-05 22:07:30",00:00:25,0.014
08051706-9434-0139-0000-519daf6228b6,google,organic,"app developers NYC",2458,en,,v3/serp/google/organic/live/advanced,20000,9,"2026-08-05 22:06:53","2026-08-05 22:07:03",00:00:10,0.014
08051705-9434-0139-0000-ec9294ee950c,google,organic,"app development company NYC",2458,en,,v3/serp/google/organic/live/advanced,20000,9,"2026-08-05 22:05:59","2026-08-05 22:06:51",00:00:52,0.014
08051705-9434-0139-0000-f42b2d093ba8,google,organic,"mobile app development company NYC",2458,en,,v3/serp/google/organic/live/advanced,20000,10,"2026-08-05 22:05:44","2026-08-05 22:05:57",00:00:13,0.0155
08051705-9434-0139-0000-799c945e7de4,google,organic,"NYC app developers",2458,en,,v3/serp/google/organic/live/advanced,20000,9,"2026-08-05 22:05:03","2026-08-05 22:05:39",00:00:36,0.014
08051704-9434-0139-0000-1b0a4dadc505,google,organic,"app developer NYC",2458,en,,v3/serp/google/organic/live/advanced,20000,10,"2026-08-05 22:04:01","2026-08-05 22:05:01",00:01:00,0.0155
08051703-9434-0139-0000-9dc87c9b91db,google,organic,"custom crm software development company",2840,en,,v3/serp/google/organic/live/advanced,20000,10,"2026-08-05 22:03:03","2026-08-05 22:03:40",00:00:37,0.0155
08051702-9434-0139-0000-cbf7dcf9edce,google,organic,"app developers in KSA",2682,ar,,v3/serp/google/organic/live/advanced,20000,9,"2026-08-05 22:02:14","2026-08-05 22:02:33",00:00:19,0.014
08051701-9434-0139-0000-393319d71302,google,organic,"KSA mobile app development",2682,ar,,v3/serp/google/organic/live/advanced,20000,9,"2026-08-05 22:01:57","2026-08-05 22:02:11",00:00:14,0.014
08051701-9434-0139-0000-06c761afe588,google,organic,"mobile app development companies in saudi arabia",2682,ar,,v3/serp/google/organic/live/advanced,20000,9,"2026-08-05 22:01:12","2026-08-05 22:01:44",00:00:32,0.014
08051659-9434-0139-0000-5af1264c0097,google,organic,"mobile app development in KSA",2682,ar,,v3/serp/google/organic/live/advanced,20000,9,"2026-08-05 21:59:44","2026-08-05 22:01:09",00:01:25,0.014
08051659-9434-0139-0000-d4a6b397467e,google,organic,"app developers in saudi arabia",2682,ar,,v3/serp/google/organic/live/advanced,20000,9,"2026-08-05 21:59:03","2026-08-05 21:59:42",00:00:39,0.014
08051658-9434-0139-0000-50cfac65cab7,google,organic,"app development agency in saudi arabia",2682,ar,,v3/serp/google/organic/live/advanced,20000,10,"2026-08-05 21:58:22","2026-08-05 21:59:01",00:00:39,0.0155
08051657-9434-0139-0000-70e3c03daf88,google,organic,"mobile app development company in saudi",2682,ar,,v3/serp/google/organic/live/advanced,20000,9,"2026-08-05 21:57:21","2026-08-05 21:58:20",00:00:59,0.014
08051657-9434-0139-0000-e6de48bbe5df,google,organic,"mobile app development company saudi",2682,ar,,v3/serp/google/organic/live/advanced,20000,8,"2026-08-05 21:57:08","2026-08-05 21:57:19",00:00:11,0.0125
08051656-9434-0139-0000-d00363984e7f,google,organic,"mobile app development company uk",2826,en,,v3/serp/google/organic/live/advanced,20000,10,"2026-08-05 21:56:15","2026-08-05 21:57:03",00:00:48,0.0155
08051655-9434-0139-0000-1840ab20fb80,google,organic,"uk app developers",2826,en,,v3/serp/google/organic/live/advanced,20000,10,"2026-08-05 21:55:09","2026-08-05 21:56:13",00:01:04,0.0155
08051654-9434-0139-0000-849b882d7cec,google,organic,"mobile app developers uk",2826,en,,v3/serp/google/organic/live/advanced,20000,10,"2026-08-05 21:54:07","2026-08-05 21:54:51",00:00:44,0.0155
08051653-9434-0139-0000-d34f21d5106a,google,organic,"app developers uk",2826,en,,v3/serp/google/organic/live/advanced,20000,10,"2026-08-05 21:53:44","2026-08-05 21:54:05",00:00:21,0.0155
08051653-9434-0139-0000-9c4ab001e559,google,organic,"app developer uk",2826,en,,v3/serp/google/organic/live/advanced,20000,10,"2026-08-05 21:53:01","2026-08-05 21:53:41",00:00:40,0.0155
08051652-9434-0139-0000-ba1528ec8fbb,google,organic,"app development companies uk",2826,en,,v3/serp/google/organic/live/advanced,20000,10,"2026-08-05 21:52:42","2026-08-05 21:52:58",00:00:16,0.0155
08051652-9434-0139-0000-d8a1ef51bc80,google,organic,"mobile app development uk",2826,en,,v3/serp/google/organic/live/advanced,20000,10,"2026-08-05 21:52:25","2026-08-05 21:52:40",00:00:15,0.0155
08051652-9434-0139-0000-8059e8b9e203,google,organic,"app development company uk",2826,en,,v3/serp/google/organic/live/advanced,20000,10,"2026-08-05 21:52:03","2026-08-05 21:52:22",00:00:19,0.0155
08051651-9434-0139-0000-460fb823cc2d,google,organic,"houston app development",2500,en,,v3/serp/google/organic/live/advanced,20000,8,"2026-08-05 21:51:33","2026-08-05 21:52:01",00:00:28,0.0125
08051651-9434-0139-0000-7754e111dcb6,google,organic,"mobile app development companies",2826,en,,v3/serp/google/organic/live/advanced,20000,10,"2026-08-05 21:51:17","2026-08-05 21:51:31",00:00:14,0.0155
08051650-9434-0139-0000-13170666c8db,google,organic,"app development uk",2826,en,,v3/serp/google/organic/live/advanced,20000,10,"2026-08-05 21:50:46","2026-08-05 21:51:14",00:00:28,0.0155
08051650-9434-0139-0000-79eb3d15b9a9,google,organic,"music streaming app development company",2840,en,,v3/serp/google/organic/live/advanced,20000,10,"2026-08-05 21:50:21","2026-08-05 21:50:37",00:00:16,0.0155
08051649-9434-0139-0000-fe6562ed5b1b,google,organic,"music app development services",2840,en,,v3/serp/google/organic/live/advanced,20000,10,"2026-08-05 21:49:44","2026-08-05 21:50:19",00:00:35,0.0155
08051649-9434-0139-0000-c3bda92b09e4,google,organic,"app development company near me",2840,en,,v3/serp/google/organic/live/advanced,20000,10,"2026-08-05 21:49:10","2026-08-05 21:49:42",00:00:32,0.0155
08051648-9434-0139-0000-b09d1fb4b2d3,google,organic,"app development near me",2840,en,,v3/serp/google/organic/live/advanced,20000,10,"2026-08-05 21:48:42","2026-08-05 21:49:08",00:00:26,0.0155
08051648-9434-0139-0000-bc2a58fec5be,google,organic,"mobile app development company near me",2840,en,,v3/serp/google/organic/live/advanced,20000,10,"2026-08-05 21:48:17","2026-08-05 21:48:38",00:00:21,0.0155
08051647-9434-0139-0000-ad593a479da9,google,organic,"mobile app development near me",2840,en,,v3/serp/google/organic/live/advanced,20000,10,"2026-08-05 21:47:58","2026-08-05 21:48:17",00:00:19,0.0155
08051647-9434-0139-0000-529814ddd669,google,organic,"Website Development Company USA",2840,en,,v3/serp/google/organic/live/advanced,20000,10,"2026-08-05 21:47:28","2026-08-05 21:47:51",00:00:23,0.0155
08051647-9434-0139-0000-5767ead55aa4,google,organic,"Website Development Services",2840,en,,v3/serp/google/organic/live/advanced,20000,10,"2026-08-05 21:47:01","2026-08-05 21:47:25",00:00:24,0.0155
08051646-9434-0139-0000-3a6a19b82277,google,organic,"website development companies in usa",2840,en,,v3/serp/google/organic/live/advanced,20000,10,"2026-08-05 21:46:45","2026-08-05 21:46:58",00:00:13,0.0155
08051646-9434-0139-0000-d713b1988b90,google,organic,"website development company in usa",2840,en,,v3/serp/google/organic/live/advanced,20000,10,"2026-08-05 21:46:28","2026-08-05 21:46:44",00:00:16,0.0155
08051646-9434-0139-0000-d81a2d8aae47,google,organic,"web development services company",2840,en,,v3/serp/google/organic/live/advanced,20000,10,"2026-08-05 21:46:15","2026-08-05 21:46:26",00:00:11,0.0155
08051645-9434-0139-0000-20d72780f7fb,google,organic,"website designing and development services",2840,en,,v3/serp/google/organic/live/advanced,20000,10,"2026-08-05 21:45:44","2026-08-05 21:46:13",00:00:29,0.0155
08051644-9434-0139-0000-ef53f98e3c68,google,organic,"website development solutions",2840,en,,v3/serp/google/organic/live/advanced,20000,10,"2026-08-05 21:44:53","2026-08-05 21:45:41",00:00:48,0.0155
08051644-9434-0139-0000-a6f6b8932eb4,google,organic,"professional website development services",2840,en,,v3/serp/google/organic/live/advanced,20000,10,"2026-08-05 21:44:13","2026-08-05 21:44:51",00:00:38,0.0155
08051643-9434-0139-0000-47165f3b5420,google,organic,"Web Development Services",2840,en,,v3/serp/google/organic/live/advanced,20000,10,"2026-08-05 21:43:22","2026-08-05 21:44:12",00:00:50,0.0155
08051643-9434-0139-0000-6131e006c90b,google,organic,"web development services in usa",2840,en,,v3/serp/google/organic/live/advanced,20000,10,"2026-08-05 21:43:12","2026-08-05 21:43:19",00:00:07,0.0155
08051642-9434-0139-0000-8cddcf33cdfe,google,organic,"web development services usa",2840,en,,v3/serp/google/organic/live/advanced,20000,10,"2026-08-05 21:42:57","2026-08-05 21:43:09",00:00:12,0.0155
08051642-9434-0139-0000-fd631e5d0c57,google,organic,"Website Development Services in USA",2840,en,,v3/serp/google/organic/live/advanced,20000,10,"2026-08-05 21:42:14","2026-08-05 21:42:54",00:00:40,0.0155
08051641-9434-0139-0000-80b80aaf3356,google,organic,"custom iphone app development",2840,en,,v3/serp/google/organic/live/advanced,20000,10,"2026-08-05 21:41:46","2026-08-05 21:42:11",00:00:25,0.0155
08051640-9434-0139-0000-f8bd57af2bee,google,organic,"custom ios app development services",2840,en,,v3/serp/google/organic/live/advanced,20000,10,"2026-08-05 21:40:46","2026-08-05 21:41:44",00:00:58,0.0155
08051640-9434-0139-0000-cf2eb4e13b55,google,organic,"ios app development agency",2840,en,,v3/serp/google/organic/live/advanced,20000,10,"2026-08-05 21:40:19","2026-08-05 21:40:42",00:00:23,0.0155
08051639-9434-0139-0000-cfa82a6c0348,google,organic,"iphone app development company usa",2840,en,,v3/serp/google/organic/live/advanced,20000,10,"2026-08-05 21:39:30","2026-08-05 21:40:17",00:00:47,0.0155
08051639-9434-0139-0000-aed2fcf7bd5b,google,organic,"iphone applications development company",2840,en,,v3/serp/google/organic/live/advanced,20000,10,"2026-08-05 21:39:19","2026-08-05 21:39:28",00:00:09,0.0155
08051639-9434-0139-0000-23dadf52400d,google,organic,"iphone application development services",2840,en,,v3/serp/google/organic/live/advanced,20000,10,"2026-08-05 21:39:02","2026-08-05 21:39:17",00:00:15,0.0155
08051638-9434-0139-0000-3de4100e5c2c,google,organic,"app developers in chicago",2392,en,,v3/serp/google/organic/live/advanced,20000,6,"2026-08-05 21:38:54","2026-08-05 21:38:59",00:00:05,0.0095
08051638-9434-0139-0000-cd1aae575d14,google,organic,"app development companies in chicago",2392,en,,v3/serp/google/organic/live/advanced,20000,7,"2026-08-05 21:38:12","2026-08-05 21:38:48",00:00:36,0.011
08051638-9434-0139-0000-4455a761fd3b,google,organic,"website design company New Jersey",21167,en,,v3/serp/google/organic/live/advanced,20000,4,"2026-08-05 21:38:03","2026-08-05 21:38:11",00:00:08,0.0065
08051637-9434-0139-0000-d44391077ce8,google,organic,"website development nj",2840,en,,v3/serp/google/organic/live/advanced,20000,10,"2026-08-05 21:37:41","2026-08-05 21:38:01",00:00:20,0.0155
08051637-9434-0139-0000-043791e32214,google,organic,"web development new jersey",21167,en,,v3/serp/google/organic/live/advanced,20000,10,"2026-08-05 21:37:00","2026-08-05 21:37:39",00:00:39,0.0155
08051636-9434-0139-0000-f1c23c235506,google,organic,"website design new jersey",21167,en,,v3/serp/google/organic/live/advanced,20000,10,"2026-08-05 21:36:09","2026-08-05 21:36:59",00:00:50,0.0155
08051635-9434-0139-0000-8a59d5262f48,google,organic,"web development nj",2840,en,,v3/serp/google/organic/live/advanced,20000,10,"2026-08-05 21:35:56","2026-08-05 21:36:05",00:00:09,0.0155
08051635-9434-0139-0000-1a172002bdc8,google,organic,"web design company nj",2840,en,,v3/serp/google/organic/live/advanced,20000,5,"2026-08-05 21:35:46","2026-08-05 21:35:55",00:00:09,0.008
08051635-9434-0139-0000-6bd6bfdd611a,google,organic,"web development company new jersey",21167,en,,v3/serp/google/organic/live/advanced,20000,10,"2026-08-05 21:35:22","2026-08-05 21:35:44",00:00:22,0.0155
08051634-9434-0139-0000-df88de024fc3,google,organic,"website design companies nj",2840,en,,v3/serp/google/organic/live/advanced,20000,10,"2026-08-05 21:34:37","2026-08-05 21:35:14",00:00:37,0.0155
08051633-9434-0139-0000-26c93f3ec112,google,organic,"marketing os smoke",2840,en,,v3/serp/google/organic/live/advanced,20000,10,"2026-08-05 21:33:43","2026-08-05 21:34:00",00:00:17,0.0155
08041519-9434-0139-0000-7964713b1bea,google,organic,"mobile app development companies",2826,en,,v3/serp/google/organic/live/advanced,20000,10,"2026-08-04 20:19:09","2026-08-04 20:19:20",00:00:11,0.0155
08041518-9434-0139-0000-1913d6966be5,google,organic,"app development uk",2826,en,,v3/serp/google/organic/live/advanced,20000,10,"2026-08-04 20:18:42","2026-08-04 20:19:08",00:00:26,0.0155
08041518-9434-0139-0000-b451208e34ce,google,organic,"music streaming app development company",2840,en,,v3/serp/google/organic/live/advanced,20000,10,"2026-08-04 20:18:14","2026-08-04 20:18:32",00:00:18,0.0155
08041518-9434-0139-0000-3012c53e0f93,google,organic,"music app development services",2840,en,,v3/serp/google/organic/live/advanced,20000,10,"2026-08-04 20:18:04","2026-08-04 20:18:12",00:00:08,0.0155
08041517-9434-0139-0000-add766179a8f,google,organic,"app development company near me",2840,en,,v3/serp/google/organic/live/advanced,20000,10,"2026-08-04 20:17:48","2026-08-04 20:17:59",00:00:11,0.0155
08041517-9434-0139-0000-01702b710d5e,google,organic,"app development near me",2840,en,,v3/serp/google/organic/live/advanced,20000,10,"2026-08-04 20:17:26","2026-08-04 20:17:46",00:00:20,0.0155
08041517-9434-0139-0000-9d842451b110,google,organic,"mobile app development company near me",2840,en,,v3/serp/google/organic/live/advanced,20000,10,"2026-08-04 20:17:04","2026-08-04 20:17:23",00:00:19,0.0155
08041516-9434-0139-0000-2c0fbd92387e,google,organic,"mobile app development near me",2840,en,,v3/serp/google/organic/live/advanced,20000,10,"2026-08-04 20:16:49","2026-08-04 20:17:01",00:00:12,0.0155
08041516-9434-0139-0000-dd5fc8c6b224,google,organic,"Website Development Company USA",2840,en,,v3/serp/google/organic/live/advanced,20000,10,"2026-08-04 20:16:27","2026-08-04 20:16:40",00:00:13,0.0155
08041516-9434-0139-0000-775d562feea7,google,organic,"Website Development Services",2840,en,,v3/serp/google/organic/live/advanced,20000,10,"2026-08-04 20:16:05","2026-08-04 20:16:24",00:00:19,0.0155
08041515-9434-0139-0000-1e805c803b6c,google,organic,"website development companies in usa",2840,en,,v3/serp/google/organic/live/advanced,20000,10,"2026-08-04 20:15:34","2026-08-04 20:16:02",00:00:28,0.0155
08041515-9434-0139-0000-58bda52ae079,google,organic,"website development company in usa",2840,en,,v3/serp/google/organic/live/advanced,20000,10,"2026-08-04 20:15:26","2026-08-04 20:15:33",00:00:07,0.0155
08041514-9434-0139-0000-abba7351f28a,google,organic,"web development services company",2840,en,,v3/serp/google/organic/live/advanced,20000,10,"2026-08-04 20:14:50","2026-08-04 20:15:23",00:00:33,0.0155
08041514-9434-0139-0000-8118c55e3099,google,organic,"website designing and development services",2840,en,,v3/serp/google/organic/live/advanced,20000,10,"2026-08-04 20:14:31","2026-08-04 20:14:46",00:00:15,0.0155
08041514-9434-0139-0000-535853886c77,google,organic,"website development solutions",2840,en,,v3/serp/google/organic/live/advanced,20000,10,"2026-08-04 20:14:12","2026-08-04 20:14:27",00:00:15,0.0155
08041513-9434-0139-0000-e16911a93800,google,organic,"professional website development services",2840,en,,v3/serp/google/organic/live/advanced,20000,10,"2026-08-04 20:13:55","2026-08-04 20:14:09",00:00:14,0.0155
08041513-9434-0139-0000-15d7817d311b,google,organic,"Web Development Services",2840,en,,v3/serp/google/organic/live/advanced,20000,10,"2026-08-04 20:13:39","2026-08-04 20:13:53",00:00:14,0.0155
08041513-9434-0139-0000-15fd5ab66344,google,organic,"web development services in usa",2840,en,,v3/serp/google/organic/live/advanced,20000,10,"2026-08-04 20:13:10","2026-08-04 20:13:31",00:00:21,0.0155
08041512-9434-0139-0000-b11e3c1d7759,google,organic,"web development services usa",2840,en,,v3/serp/google/organic/live/advanced,20000,10,"2026-08-04 20:12:44","2026-08-04 20:13:07",00:00:23,0.0155
08041512-9434-0139-0000-a705a58b4b7c,google,organic,"Website Development Services in USA",2840,en,,v3/serp/google/organic/live/advanced,20000,10,"2026-08-04 20:12:19","2026-08-04 20:12:41",00:00:22,0.0155
08041511-9434-0139-0000-ca609d81b66c,google,organic,"custom iphone app development",2840,en,,v3/serp/google/organic/live/advanced,20000,10,"2026-08-04 20:11:53","2026-08-04 20:12:15",00:00:22,0.0155
08041511-9434-0139-0000-2ce0db41481f,google,organic,"custom ios app development services",2840,en,,v3/serp/google/organic/live/advanced,20000,10,"2026-08-04 20:11:44","2026-08-04 20:11:51",00:00:07,0.0155
08041511-9434-0139-0000-401e8e800e55,google,organic,"ios app development agency",2840,en,,v3/serp/google/organic/live/advanced,20000,10,"2026-08-04 20:11:23","2026-08-04 20:11:39",00:00:16,0.0155
08041510-9434-0139-0000-6ab5de7a65f6,google,organic,"iphone app development company usa",2840,en,,v3/serp/google/organic/live/advanced,20000,10,"2026-08-04 20:10:58","2026-08-04 20:11:19",00:00:21,0.0155
08041510-9434-0139-0000-8c48ed164494,google,organic,"iphone applications development company",2840,en,,v3/serp/google/organic/live/advanced,20000,1,"2026-08-04 20:10:29","2026-08-04 20:10:55",00:00:26,0.002
08041510-9434-0139-0000-c28797ba5384,google,organic,"iphone application development services",2840,en,,v3/serp/google/organic/live/advanced,20000,10,"2026-08-04 20:10:06","2026-08-04 20:10:27",00:00:21,0.0155
08041509-9434-0139-0000-168693fd2ab0,google,organic,"app developers in chicago",2392,en,,v3/serp/google/organic/live/advanced,20000,7,"2026-08-04 20:09:40","2026-08-04 20:10:01",00:00:21,0.011
08041509-9434-0139-0000-effb10994273,google,organic,"app development companies in chicago",2392,en,,v3/serp/google/organic/live/advanced,20000,6,"2026-08-04 20:09:23","2026-08-04 20:09:39",00:00:16,0.0095
08041509-9434-0139-0000-124feadfe931,google,organic,"website design company New Jersey",21167,en,,v3/serp/google/organic/live/advanced,20000,10,"2026-08-04 20:09:00","2026-08-04 20:09:21",00:00:21,0.0155
08041508-9434-0139-0000-5fdeda2433c3,google,organic,"website development nj",2840,en,,v3/serp/google/organic/live/advanced,20000,10,"2026-08-04 20:08:51","2026-08-04 20:08:59",00:00:08,0.0155
08041508-9434-0139-0000-b4c8bb10dbd8,google,organic,"web development new jersey",21167,en,,v3/serp/google/organic/live/advanced,20000,10,"2026-08-04 20:08:24","2026-08-04 20:08:48",00:00:24,0.0155
08041508-9434-0139-0000-1e3261d1827f,google,organic,"website design new jersey",21167,en,,v3/serp/google/organic/live/advanced,20000,10,"2026-08-04 20:08:07","2026-08-04 20:08:20",00:00:13,0.0155
08041507-9434-0139-0000-c1adc55bcd09,google,organic,"web development nj",2840,en,,v3/serp/google/organic/live/advanced,20000,10,"2026-08-04 20:07:55","2026-08-04 20:08:04",00:00:09,0.0155
08041507-9434-0139-0000-dd6d5522e56b,google,organic,"web design company nj",2840,en,,v3/serp/google/organic/live/advanced,20000,10,"2026-08-04 20:07:45","2026-08-04 20:07:52",00:00:07,0.0155
08041507-9434-0139-0000-9d5cecbe0630,google,organic,"web development company new jersey",21167,en,,v3/serp/google/organic/live/advanced,20000,10,"2026-08-04 20:07:23","2026-08-04 20:07:34",00:00:11,0.0155
08041506-9434-0139-0000-890727e25e01,google,organic,"website design companies nj",2840,en,,v3/serp/google/organic/live/advanced,20000,10,"2026-08-04 20:06:57","2026-08-04 20:07:19",00:00:22,0.0155
08041503-9434-0139-0000-fe4b585e3c2b,google,organic,"marketing os smoke",2840,en,,v3/serp/google/organic/live/advanced,20000,2,"2026-08-04 20:03:54","2026-08-04 20:04:26",00:00:32,0.0035
08031011-9434-0139-0000-ef19fd659aff,google,organic,"ios app development costs",2840,en,,v3/serp/google/organic/live/advanced,20000,10,"2026-08-03 15:11:08","2026-08-03 15:11:20",00:00:12,0.0155
08031010-9434-0139-0000-0c7f9d95f639,google,organic,"cash check online instantly",2840,en,,v3/serp/google/organic/live/advanced,20000,10,"2026-08-03 15:10:52","2026-08-03 15:11:06",00:00:14,0.0155
08031010-9434-0139-0000-f236f894ac11,google,organic,"soft launch vs hard launch",2840,en,,v3/serp/google/organic/live/advanced,20000,10,"2026-08-03 15:10:39","2026-08-03 15:10:50",00:00:11,0.0155
08031010-9434-0139-0000-ec0bf06c678c,google,organic,"add business to apple maps",2840,en,,v3/serp/google/organic/live/advanced,20000,10,"2026-08-03 15:10:29","2026-08-03 15:10:38",00:00:09,0.0155
08031010-9434-0139-0000-561d33865cac,google,organic,"how many copies has fortnite sold",2840,en,,v3/serp/google/organic/live/advanced,20000,10,"2026-08-03 15:10:10","2026-08-03 15:10:27",00:00:17,0.0155
08031009-9434-0139-0000-99c6bce28ef3,google,organic,"mobile app development agency uk",2840,en,,v3/serp/google/organic/live/advanced,20000,9,"2026-08-03 15:09:52","2026-08-03 15:10:08",00:00:16,0.014
08031009-9434-0139-0000-a9c1bdc6bac0,google,organic,"fortnite revenue 2022",2840,en,,v3/serp/google/organic/live/advanced,20000,9,"2026-08-03 15:09:37","2026-08-03 15:09:50",00:00:13,0.014
08031009-9434-0139-0000-18dda0f84d50,google,organic,"best currency exchange app",2840,en,,v3/serp/google/organic/live/advanced,20000,10,"2026-08-03 15:09:22","2026-08-03 15:09:35",00:00:13,0.0155
08031009-9434-0139-0000-b93ccbaf6b5a,google,organic,"how much does it cost to build an ios app",2840,en,,v3/serp/google/organic/live/advanced,20000,10,"2026-08-03 15:09:08","2026-08-03 15:09:20",00:00:12,0.0155
08031008-9434-0139-0000-fa5d95fea82a,google,organic,"denver app development",2840,en,,v3/serp/google/organic/live/advanced,20000,10,"2026-08-03 15:08:45","2026-08-03 15:09:06",00:00:21,0.0155
08031008-9434-0139-0000-e8889099a01f,google,organic,"how much money has epic games made from fortnite",2840,en,,v3/serp/google/organic/live/advanced,20000,10,"2026-08-03 15:08:21","2026-08-03 15:08:43",00:00:22,0.0155
08031008-9434-0139-0000-5f55ee519622,google,organic,"fortnite gross revenue",2840,en,,v3/serp/google/organic/live/advanced,20000,10,"2026-08-03 15:08:02","2026-08-03 15:08:19",00:00:17,0.0155
08031007-9434-0139-0000-44073abacfdd,google,organic,"software staff augmentation",2840,en,,v3/serp/google/organic/live/advanced,20000,10,"2026-08-03 15:07:51","2026-08-03 15:08:01",00:00:10,0.0155
08031007-9434-0139-0000-34da2718ff1c,google,organic,"in game ads revenue",2840,en,,v3/serp/google/organic/live/advanced,20000,10,"2026-08-03 15:07:41","2026-08-03 15:07:50",00:00:09,0.0155
08031007-9434-0139-0000-03b338e3852e,google,organic,"web app development denver",2840,en,,v3/serp/google/organic/live/advanced,20000,9,"2026-08-03 15:07:20","2026-08-03 15:07:39",00:00:19,0.014
08031007-9434-0139-0000-ceec246fefca,google,organic,"does netspend use ingo",2840,en,,v3/serp/google/organic/live/advanced,20000,7,"2026-08-03 15:07:00","2026-08-03 15:07:18",00:00:18,0.011
08031006-9434-0139-0000-3a06fe4405e0,google,organic,"app developers in miami",2840,en,,v3/serp/google/organic/live/advanced,20000,9,"2026-08-03 15:06:44","2026-08-03 15:06:58",00:00:14,0.014
08031006-9434-0139-0000-b17ff474013a,google,organic,"app development company uk",2840,en,,v3/serp/google/organic/live/advanced,20000,9,"2026-08-03 15:06:30","2026-08-03 15:06:42",00:00:12,0.014
08031006-9434-0139-0000-7714467e6ebd,google,organic,"currency exchange apps",2840,en,,v3/serp/google/organic/live/advanced,20000,10,"2026-08-03 15:06:15","2026-08-03 15:06:28",00:00:13,0.0155
08031005-9434-0139-0000-0431f698aa72,google,organic,"healthcare mobile app development services",2840,en,,v3/serp/google/organic/live/advanced,20000,10,"2026-08-03 15:05:53","2026-08-03 15:06:12",00:00:19,0.0155
08031005-9434-0139-0000-9729b96762a1,google,organic,"ios app developers in new york",2840,en,,v3/serp/google/organic/live/advanced,20000,1,"2026-08-03 15:05:31","2026-08-03 15:05:51",00:00:20,0.002
08031005-9434-0139-0000-e7265acb11e9,google,organic,"industrial software",2840,en,,v3/serp/google/organic/live/advanced,20000,10,"2026-08-03 15:05:13","2026-08-03 15:05:28",00:00:15,0.0155
08031005-9434-0139-0000-30c309feb0b3,google,organic,"best currency converter app for iphone",2840,en,,v3/serp/google/organic/live/advanced,20000,10,"2026-08-03 15:05:04","2026-08-03 15:05:12",00:00:08,0.0155
08031004-9434-0139-0000-95e27e0b35e2,google,organic,"how much did fortnite cost to make",2840,en,,v3/serp/google/organic/live/advanced,20000,10,"2026-08-03 15:04:42","2026-08-03 15:04:57",00:00:15,0.0155
08031004-9434-0139-0000-ae9649af3dc3,google,organic,"mobile game ads revenue",2840,en,,v3/serp/google/organic/live/advanced,20000,9,"2026-08-03 15:04:27","2026-08-03 15:04:39",00:00:12,0.014
08031004-9434-0139-0000-7480906e3377,google,organic,"app developer nyc",2840,en,,v3/serp/google/organic/live/advanced,20000,10,"2026-08-03 15:04:06","2026-08-03 15:04:24",00:00:18,0.0155
08031003-9434-0139-0000-c2183360f186,google,organic,"mobile app development services london",2840,en,,v3/serp/google/organic/live/advanced,20000,9,"2026-08-03 15:03:47","2026-08-03 15:04:03",00:00:16,0.014
08031003-9434-0139-0000-cd3ca8e9348b,google,organic,"mobile app developers san diego",2840,en,,v3/serp/google/organic/live/advanced,20000,10,"2026-08-03 15:03:31","2026-08-03 15:03:43",00:00:12,0.0155
08031003-9434-0139-0000-8c3ca5cbd85a,google,organic,"fortnite revenue per day",2840,en,,v3/serp/google/organic/live/advanced,20000,9,"2026-08-03 15:03:12","2026-08-03 15:03:29",00:00:17,0.014
08031002-9434-0139-0000-3f5a1d3a8330,google,organic,"mobile app development manhattan",2840,en,,v3/serp/google/organic/live/advanced,20000,1,"2026-08-03 15:02:50","2026-08-03 15:03:10",00:00:20,0.002
08031002-9434-0139-0000-35f05096474c,google,organic,"mobile application development companies in new york",2840,en,,v3/serp/google/organic/live/advanced,20000,10,"2026-08-03 15:02:39","2026-08-03 15:02:49",00:00:10,0.0155
08031002-9434-0139-0000-9930e3915f67,google,organic,"games similar to connections",2840,en,,v3/serp/google/organic/live/advanced,20000,10,"2026-08-03 15:02:16","2026-08-03 15:02:37",00:00:21,0.0155
08031002-9434-0139-0000-8e7b1ce65595,google,organic,"fortnite total revenue",2840,en,,v3/serp/google/organic/live/advanced,20000,10,"2026-08-03 15:02:01","2026-08-03 15:02:12",00:00:11,0.0155
08031001-9434-0139-0000-f46633a7d60e,google,organic,"mobile app development company in toronto",2840,en,,v3/serp/google/organic/live/advanced,20000,10,"2026-08-03 15:01:47","2026-08-03 15:01:59",00:00:12,0.0155
08031001-9434-0139-0000-bd403a085a4a,google,organic,"chicago app development",2840,en,,v3/serp/google/organic/live/advanced,20000,10,"2026-08-03 15:01:31","2026-08-03 15:01:45",00:00:14,0.0155
08031001-9434-0139-0000-4959764cd8f3,google,organic,"dubai web design company",2840,en,,v3/serp/google/organic/live/advanced,20000,9,"2026-08-03 15:01:20","2026-08-03 15:01:28",00:00:08,0.014
08031001-9434-0139-0000-2dafe1024b56,google,organic,"how much money fortnite made",2840,en,,v3/serp/google/organic/live/advanced,20000,10,"2026-08-03 15:01:05","2026-08-03 15:01:14",00:00:09,0.0155
08031000-9434-0139-0000-a06e95d53311,google,organic,"web design company in new jersey",2840,en,,v3/serp/google/organic/live/advanced,20000,10,"2026-08-03 15:00:51","2026-08-03 15:00:59",00:00:08,0.0155
08031000-9434-0139-0000-32419d3d9275,google,organic,"how much is fortnite worth today",2840,en,,v3/serp/google/organic/live/advanced,20000,10,"2026-08-03 15:00:36","2026-08-03 15:00:49",00:00:13,0.0155
08031000-9434-0139-0000-8ad084246ab5,google,organic,"custom app development toronto",2840,en,,v3/serp/google/organic/live/advanced,20000,8,"2026-08-03 15:00:28","2026-08-03 15:00:35",00:00:07,0.0125
08030959-9434-0139-0000-cbc95b2b3365,google,organic,"lion loan app",2840,en,,v3/serp/google/organic/live/advanced,20000,8,"2026-08-03 14:59:58","2026-08-03 15:00:07",00:00:09,0.0125
08030959-9434-0139-0000-e1dd6f3ec3b1,google,organic,"gta 6 production cost",2840,en,,v3/serp/google/organic/live/advanced,20000,7,"2026-08-03 14:59:46","2026-08-03 14:59:56",00:00:10,0.011
08030959-9434-0139-0000-d24cb14736a6,google,organic,"ios mobile app development services",2840,en,,v3/serp/google/organic/live/advanced,20000,10,"2026-08-03 14:59:37","2026-08-03 14:59:45",00:00:08,0.0155
08030959-9434-0139-0000-c059b4059514,google,organic,"how much does fortnite make a month",2840,en,,v3/serp/google/organic/live/advanced,20000,10,"2026-08-03 14:59:15","2026-08-03 14:59:35",00:00:20,0.0155
08030959-9434-0139-0000-1b1a6d322811,google,organic,"genius scan",2840,en,,v3/serp/google/organic/live/advanced,20000,5,"2026-08-03 14:59:07","2026-08-03 14:59:13",00:00:06,0.008
08030958-9434-0139-0000-d92ad074eb53,google,organic,"how much money has fortnite made in total",2840,en,,v3/serp/google/organic/live/advanced,20000,10,"2026-08-03 14:58:52","2026-08-03 14:59:05",00:00:13,0.0155
08030958-9434-0139-0000-8a9475a9d7c6,google,organic,"denver mobile application development",2840,en,,v3/serp/google/organic/live/advanced,20000,1,"2026-08-03 14:58:26","2026-08-03 14:58:50",00:00:24,0.002
08030958-9434-0139-0000-e3e4fd9e2194,google,organic,"how much money has fortnite made all time",2840,en,,v3/serp/google/organic/live/advanced,20000,10,"2026-08-03 14:58:11","2026-08-03 14:58:24",00:00:13,0.0155
08030958-9434-0139-0000-3ed580ae5e0a,google,organic,"uk mobile app developers",2840,en,,v3/serp/google/organic/live/advanced,20000,9,"2026-08-03 14:58:01","2026-08-03 14:58:10",00:00:09,0.014
08030957-9434-0139-0000-6d18dd06ecd9,google,organic,"cost to create an app for iphone",2840,en,,v3/serp/google/organic/live/advanced,20000,10,"2026-08-03 14:57:37","2026-08-03 14:57:58",00:00:21,0.0155
08030957-9434-0139-0000-5036855e0876,google,organic,"how many apps are created a day?",2840,en,,v3/serp/google/organic/live/advanced,20000,10,"2026-08-03 14:57:21","2026-08-03 14:57:35",00:00:14,0.0155
08030957-9434-0139-0000-1fa0753f773a,google,organic,"apps like step",2840,en,,v3/serp/google/organic/live/advanced,20000,9,"2026-08-03 14:57:01","2026-08-03 14:57:18",00:00:17,0.014
08030956-9434-0139-0000-177d3e54e6dc,google,organic,"flutter app development cost",2840,en,,v3/serp/google/organic/live/advanced,20000,8,"2026-08-03 14:56:42","2026-08-03 14:56:59",00:00:17,0.0125
08030956-9434-0139-0000-877d457fc07d,google,organic,"how much money does fortnite make in a year",2840,en,,v3/serp/google/organic/live/advanced,20000,10,"2026-08-03 14:56:21","2026-08-03 14:56:40",00:00:19,0.0155
08030956-9434-0139-0000-03509140ebba,google,organic,"app developers california",2840,en,,v3/serp/google/organic/live/advanced,20000,10,"2026-08-03 14:56:12","2026-08-03 14:56:19",00:00:07,0.0155
08030955-9434-0139-0000-4f087a953903,google,organic,"average cost to develop an iphone app",2840,en,,v3/serp/google/organic/live/advanced,20000,10,"2026-08-03 14:55:54","2026-08-03 14:56:09",00:00:15,0.0155
08030955-9434-0139-0000-1eead1e42b51,google,organic,"ecommerce app development services",2840,en,,v3/serp/google/organic/live/advanced,20000,10,"2026-08-03 14:55:36","2026-08-03 14:55:52",00:00:16,0.0155
08030955-9434-0139-0000-6d0aaeee80fa,google,organic,"app development company los angeles",2840,en,,v3/serp/google/organic/live/advanced,20000,10,"2026-08-03 14:55:24","2026-08-03 14:55:34",00:00:10,0.0155
08030955-9434-0139-0000-7bf78f201380,google,organic,"how much does fortnite make per day",2840,en,,v3/serp/google/organic/live/advanced,20000,10,"2026-08-03 14:55:15","2026-08-03 14:55:23",00:00:08,0.0155
08030955-9434-0139-0000-dab178fcab5f,google,organic,"what is fortnite's net worth",2840,en,,v3/serp/google/organic/live/advanced,20000,10,"2026-08-03 14:55:07","2026-08-03 14:55:14",00:00:07,0.0155
08030954-9434-0139-0000-ec287b91ef73,google,organic,"how much money do mobile games make per ad",2840,en,,v3/serp/google/organic/live/advanced,20000,7,"2026-08-03 14:54:52","2026-08-03 14:55:05",00:00:13,0.011
08030954-9434-0139-0000-9fc5d82cd053,google,organic,"online marketing company usa",2840,en,,v3/serp/google/organic/live/advanced,20000,0,"2026-08-03 14:54:34","2026-08-03 14:54:50",00:00:16,0.002
08030954-9434-0139-0000-e5cb19823fba,google,organic,"how much money has fortnite made",2840,en,,v3/serp/google/organic/live/advanced,20000,10,"2026-08-03 14:54:17","2026-08-03 14:54:32",00:00:15,0.0155
08030954-9434-0139-0000-7f6932bb83d6,google,organic,"apps like super.com",2840,en,,v3/serp/google/organic/live/advanced,20000,6,"2026-08-03 14:54:06","2026-08-03 14:54:15",00:00:09,0.0095
08030953-9434-0139-0000-df65ec48d93d,google,organic,"app development companies nyc",2840,en,,v3/serp/google/organic/live/advanced,20000,10,"2026-08-03 14:53:42","2026-08-03 14:54:04",00:00:22,0.0155
08030953-9434-0139-0000-ee86b8a8ec4d,google,organic,"android app development company in uk",2840,en,,v3/serp/google/organic/live/advanced,20000,10,"2026-08-03 14:53:25","2026-08-03 14:53:41",00:00:16,0.0155
08030953-9434-0139-0000-ac445eb5c1d1,google,organic,"how much money do mobile games make from ads",2840,en,,v3/serp/google/organic/live/advanced,20000,10,"2026-08-03 14:53:10","2026-08-03 14:53:23",00:00:13,0.0155
08030952-9434-0139-0000-37aa89be25f4,google,organic,"mobile app development companies in london",2840,en,,v3/serp/google/organic/live/advanced,20000,10,"2026-08-03 14:52:56","2026-08-03 14:53:08",00:00:12,0.0155
08030952-9434-0139-0000-cd0c1c0fe2a1,google,organic,"chatbot app development",2840,en,,v3/serp/google/organic/live/advanced,20000,10,"2026-08-03 14:52:45","2026-08-03 14:52:55",00:00:10,0.0155
08030952-9434-0139-0000-041487991715,google,organic,"how much money does fortnite make in a day",2840,en,,v3/serp/google/organic/live/advanced,20000,10,"2026-08-03 14:52:24","2026-08-03 14:52:44",00:00:20,0.0155
08030952-9434-0139-0000-f549edbc46b1,google,organic,"android app developers nyc",2840,en,,v3/serp/google/organic/live/advanced,20000,10,"2026-08-03 14:52:14","2026-08-03 14:52:24",00:00:10,0.0155
08030952-9434-0139-0000-4e6428c26e4f,google,organic,"mobile app development new york city",2840,en,,v3/serp/google/organic/live/advanced,20000,10,"2026-08-03 14:52:00","2026-08-03 14:52:12",00:00:12,0.0155
08030951-9434-0139-0000-43f859419501,google,organic,"app developers in denver",2840,en,,v3/serp/google/organic/live/advanced,20000,10,"2026-08-03 14:51:52","2026-08-03 14:51:59",00:00:07,0.0155
08030951-9434-0139-0000-47e532e9f621,google,organic,"apps like reddit",2840,en,,v3/serp/google/organic/live/advanced,20000,9,"2026-08-03 14:51:33","2026-08-03 14:51:50",00:00:17,0.014
08030951-9434-0139-0000-531385c34376,google,organic,"application development new york",2840,en,,v3/serp/google/organic/live/advanced,20000,10,"2026-08-03 14:51:14","2026-08-03 14:51:32",00:00:18,0.0155
08030950-9434-0139-0000-6b2cac55def9,google,organic,"instacash apps",2840,en,,v3/serp/google/organic/live/advanced,20000,10,"2026-08-03 14:50:59","2026-08-03 14:51:13",00:00:14,0.0155
08030950-9434-0139-0000-6bcd953cfe1e,google,organic,"mobile app denver",2840,en,,v3/serp/google/organic/live/advanced,20000,10,"2026-08-03 14:50:41","2026-08-03 14:50:56",00:00:15,0.0155
08030950-9434-0139-0000-cd04df0c9e77,google,organic,"is fortnite profitable",2840,en,,v3/serp/google/organic/live/advanced,20000,10,"2026-08-03 14:50:26","2026-08-03 14:50:40",00:00:14,0.0155
08030950-9434-0139-0000-79b0778e1b97,google,organic,"how much does epic games make a day",2840,en,,v3/serp/google/organic/live/advanced,20000,10,"2026-08-03 14:50:15","2026-08-03 14:50:24",00:00:09,0.0155
08030950-9434-0139-0000-cc56201bbaa7,google,organic,"android app development company uk",2840,en,,v3/serp/google/organic/live/advanced,20000,7,"2026-08-03 14:50:06","2026-08-03 14:50:14",00:00:08,0.011
08030949-9434-0139-0000-01c0c380075c,google,organic,"how much money does epic games make a day",2840,en,,v3/serp/google/organic/live/advanced,20000,10,"2026-08-03 14:49:49","2026-08-03 14:50:04",00:00:15,0.0155
08030949-9434-0139-0000-e2c6b0cbba13,google,organic,"internet marketing agency usa",2840,en,,v3/serp/google/organic/live/advanced,20000,10,"2026-08-03 14:49:39","2026-08-03 14:49:48",00:00:09,0.0155
08030949-9434-0139-0000-a3ffbe488cce,google,organic,"how much does fortnite make in a day",2840,en,,v3/serp/google/organic/live/advanced,20000,10,"2026-08-03 14:49:27","2026-08-03 14:49:36",00:00:09,0.0155
08030949-9434-0139-0000-c6bbc5a79a68,google,organic,"best digital marketing agency in usa",2840,en,,v3/serp/google/organic/live/advanced,20000,10,"2026-08-03 14:49:05","2026-08-03 14:49:24",00:00:19,0.0155
08030948-9434-0139-0000-9cbfb7975636,google,organic,"fortnite yearly revenue",2840,en,,v3/serp/google/organic/live/advanced,20000,9,"2026-08-03 14:48:51","2026-08-03 14:49:02",00:00:11,0.014
08030948-9434-0139-0000-92d89e4d3c23,google,organic,"apps like grid",2840,en,,v3/serp/google/organic/live/advanced,20000,9,"2026-08-03 14:48:38","2026-08-03 14:48:49",00:00:11,0.014
08030948-9434-0139-0000-385288fbf865,google,organic,"multimodal ai examples",2840,en,,v3/serp/google/organic/live/advanced,20000,10,"2026-08-03 14:48:17","2026-08-03 14:48:36",00:00:19,0.0155
08030947-9434-0139-0000-94e6d6051547,google,organic,"hire android app developer",2840,en,,v3/serp/google/organic/live/advanced,20000,10,"2026-08-03 14:47:57","2026-08-03 14:48:15",00:00:18,0.0155
08030947-9434-0139-0000-a545bd8de32e,google,organic,"fortnite daily revenue",2840,en,,v3/serp/google/organic/live/advanced,20000,10,"2026-08-03 14:47:39","2026-08-03 14:47:53",00:00:14,0.0155
08030947-9434-0139-0000-5b22eb8fec3d,google,organic,"mobile app development agency london",2840,en,,v3/serp/google/organic/live/advanced,20000,10,"2026-08-03 14:47:26","2026-08-03 14:47:37",00:00:11,0.0155
08030947-9434-0139-0000-cce3f70539a3,google,organic,"app development agency in new york",2840,en,,v3/serp/google/organic/live/advanced,20000,10,"2026-08-03 14:47:13","2026-08-03 14:47:24",00:00:11,0.0155
08030946-9434-0139-0000-eb807ffc594f,google,organic,"denver web app development",2840,en,,v3/serp/google/organic/live/advanced,20000,2,"2026-08-03 14:46:48","2026-08-03 14:47:11",00:00:23,0.0035
08030946-9434-0139-0000-4dafe6d2207a,google,organic,"app developers uk",2840,en,,v3/serp/google/organic/live/advanced,20000,10,"2026-08-03 14:46:08","2026-08-03 14:46:16",00:00:08,0.0155
08030945-9434-0139-0000-7e48648f8406,google,organic,"web app development chicago",2840,en,,v3/serp/google/organic/live/advanced,20000,10,"2026-08-03 14:45:51","2026-08-03 14:46:05",00:00:14,0.0155
08030945-9434-0139-0000-456fbfb970bf,google,organic,"mobile app developers in chicago",2840,en,,v3/serp/google/organic/live/advanced,20000,10,"2026-08-03 14:45:29","2026-08-03 14:45:48",00:00:19,0.0155
08030945-9434-0139-0000-12324411b00b,google,organic,"currency exchange app",2840,en,,v3/serp/google/organic/live/advanced,20000,10,"2026-08-03 14:45:12","2026-08-03 14:45:25",00:00:13,0.0155
08030944-9434-0139-0000-7ea9b956e22d,google,organic,"iphone vs android market share",2840,en,,v3/serp/google/organic/live/advanced,20000,10,"2026-08-03 14:44:59","2026-08-03 14:45:09",00:00:10,0.0155
08030944-9434-0139-0000-07295ea44953,google,organic,"app development toronto",2840,en,,v3/serp/google/organic/live/advanced,20000,8,"2026-08-03 14:44:41","2026-08-03 14:44:56",00:00:15,0.0125
08030944-9434-0139-0000-8badbea1d813,google,organic,"average mobile game revenue",2840,en,,v3/serp/google/organic/live/advanced,20000,10,"2026-08-03 14:44:26","2026-08-03 14:44:39",00:00:13,0.0155
08030944-9434-0139-0000-85114eb41e2a,google,organic,"how do mobile games make money",2840,en,,v3/serp/google/organic/live/advanced,20000,10,"2026-08-03 14:44:14","2026-08-03 14:44:24",00:00:10,0.0155
08030943-9434-0139-0000-465aff087990,google,organic,"mobile app developers nyc",2840,en,,v3/serp/google/organic/live/advanced,20000,10,"2026-08-03 14:43:53","2026-08-03 14:44:12",00:00:19,0.0155
08030943-9434-0139-0000-ef43e5376d46,google,organic,"ecommerce app development dubai",2840,en,,v3/serp/google/organic/live/advanced,20000,7,"2026-08-03 14:43:09","2026-08-03 14:43:20",00:00:11,0.011
08030942-9434-0139-0000-aebece18192c,google,organic,"what is the typical timeline of a poc?",2840,en,,v3/serp/google/organic/live/advanced,20000,0,"2026-08-03 14:42:41","2026-08-03 14:43:08",00:00:27,0.002
08030942-9434-0139-0000-c8113278f55c,google,organic,"professional web development service",2840,en,,v3/serp/google/organic/live/advanced,20000,10,"2026-08-03 14:42:18","2026-08-03 14:42:39",00:00:21,0.0155
08030942-9434-0139-0000-095b277d63a2,google,organic,"how much has epic games made from fortnite",2840,en,,v3/serp/google/organic/live/advanced,20000,10,"2026-08-03 14:42:01","2026-08-03 14:42:15",00:00:14,0.0155
08030941-9434-0139-0000-56e81cc38425,google,organic,"ecommerce app development company",2840,en,,v3/serp/google/organic/live/advanced,20000,10,"2026-08-03 14:41:50","2026-08-03 14:41:59",00:00:09,0.0155
08030941-9434-0139-0000-6b3821f94993,google,organic,"web application development company new york",2840,en,,v3/serp/google/organic/live/advanced,20000,0,"2026-08-03 14:41:21","2026-08-03 14:41:48",00:00:27,0.002
08030941-9434-0139-0000-c9e523ce28df,google,organic,"games like osrs",2840,en,,v3/serp/google/organic/live/advanced,20000,7,"2026-08-03 14:41:14","2026-08-03 14:41:20",00:00:06,0.011
08030940-9434-0139-0000-c53dace784ee,google,organic,"how much do mobile games make per ad",2840,en,,v3/serp/google/organic/live/advanced,20000,9,"2026-08-03 14:40:58","2026-08-03 14:41:12",00:00:14,0.014
08030940-9434-0139-0000-72fe99aa18c5,google,organic,"mobile application development company new york",2840,en,,v3/serp/google/organic/live/advanced,20000,5,"2026-08-03 14:40:48","2026-08-03 14:40:57",00:00:09,0.008
08030940-9434-0139-0000-f547e215f17b,google,organic,"example of software development",2840,en,,v3/serp/google/organic/live/advanced,20000,10,"2026-08-03 14:40:34","2026-08-03 14:40:46",00:00:12,0.0155
08030940-9434-0139-0000-f107908185d3,google,organic,"app developers in houston",2500,en,,v3/serp/google/organic/live/advanced,20000,8,"2026-08-03 14:40:20","2026-08-03 14:40:32",00:00:12,0.0125
08030939-9434-0139-0000-c67976a0a373,google,organic,"custom software development services",2840,en,,v3/serp/google/organic/live/advanced,20000,10,"2026-08-03 14:39:59","2026-08-03 14:40:13",00:00:14,0.0155
08030939-9434-0139-0000-a563d412d099,google,organic,"mobile app development denver",2840,en,,v3/serp/google/organic/live/advanced,20000,10,"2026-08-03 14:39:46","2026-08-03 14:39:55",00:00:09,0.0155
08030939-9434-0139-0000-92f79b29dff0,google,organic,"mobile app development san diego",2840,en,,v3/serp/google/organic/live/advanced,20000,10,"2026-08-03 14:39:23","2026-08-03 14:39:44",00:00:21,0.0155
08030939-9434-0139-0000-f94a5c1c4c62,google,organic,"ai chatbot development company",2840,en,,v3/serp/google/organic/live/advanced,20000,10,"2026-08-03 14:39:10","2026-08-03 14:39:20",00:00:10,0.0155
08030938-9434-0139-0000-b0ec02746590,google,organic,"ai chatbot development services",2840,en,,v3/serp/google/organic/live/advanced,20000,10,"2026-08-03 14:38:52","2026-08-03 14:39:08",00:00:16,0.0155
08030938-9434-0139-0000-af3fc76600ce,google,organic,"lms company",2840,en,,v3/serp/google/organic/live/advanced,20000,10,"2026-08-03 14:38:33","2026-08-03 14:38:50",00:00:17,0.0155
08030938-9434-0139-0000-4f3462653dd4,google,organic,"custom lms development",2840,en,,v3/serp/google/organic/live/advanced,20000,10,"2026-08-03 14:38:20","2026-08-03 14:38:28",00:00:08,0.0155
08030938-9434-0139-0000-a1e26fb46813,google,organic,"lms services",2840,en,,v3/serp/google/organic/live/advanced,20000,10,"2026-08-03 14:38:00","2026-08-03 14:38:17",00:00:17,0.0155
08030937-9434-0139-0000-8cb14cfa53f0,google,organic,"custom learning management system development",2840,en,,v3/serp/google/organic/live/advanced,20000,10,"2026-08-03 14:37:41","2026-08-03 14:37:58",00:00:17,0.0155
08030937-9434-0139-0000-a7ee08aaec40,google,organic,"lms development services",2840,en,,v3/serp/google/organic/live/advanced,20000,10,"2026-08-03 14:37:28","2026-08-03 14:37:39",00:00:11,0.0155
08030937-9434-0139-0000-0beb326eb8c1,google,organic,"lms development company",2840,en,,v3/serp/google/organic/live/advanced,20000,10,"2026-08-03 14:37:07","2026-08-03 14:37:25",00:00:18,0.0155
08030936-9434-0139-0000-15dda71a3a54,google,organic,"lms developers",2840,en,,v3/serp/google/organic/live/advanced,20000,10,"2026-08-03 14:36:56","2026-08-03 14:37:04",00:00:08,0.0155
08030936-9434-0139-0000-3af1bbd670f0,google,organic,"enterprise app developers",2840,en,,v3/serp/google/organic/live/advanced,20000,10,"2026-08-03 14:36:37","2026-08-03 14:36:52",00:00:15,0.0155
08030936-9434-0139-0000-fedb750a4208,google,organic,"enterprise mobile application development",2840,en,,v3/serp/google/organic/live/advanced,20000,10,"2026-08-03 14:36:28","2026-08-03 14:36:35",00:00:07,0.0155
08030936-9434-0139-0000-dc16b34b6577,google,organic,"enterprise mobile application development company",2840,en,,v3/serp/google/organic/live/advanced,20000,10,"2026-08-03 14:36:13","2026-08-03 14:36:26",00:00:13,0.0155
08030935-9434-0139-0000-d74e8378693e,google,organic,"enterprise app development services",2840,en,,v3/serp/google/organic/live/advanced,20000,10,"2026-08-03 14:35:51","2026-08-03 14:36:11",00:00:20,0.0155
08030935-9434-0139-0000-3ea0a4440c9c,google,organic,"enterprise mobile app development company",2840,en,,v3/serp/google/organic/live/advanced,20000,10,"2026-08-03 14:35:36","2026-08-03 14:35:49",00:00:13,0.0155
08030935-9434-0139-0000-7e7f1ac5a4f9,google,organic,"enterprise app development company",2840,en,,v3/serp/google/organic/live/advanced,20000,10,"2026-08-03 14:35:12","2026-08-03 14:35:34",00:00:22,0.0155
08030934-9434-0139-0000-0bae71ec13ad,google,organic,"app store optimization expert",2840,en,,v3/serp/google/organic/live/advanced,20000,10,"2026-08-03 14:34:55","2026-08-03 14:35:10",00:00:15,0.0155
08030934-9434-0139-0000-f82c3df49c1d,google,organic,"app store optimisation service",2840,en,,v3/serp/google/organic/live/advanced,20000,9,"2026-08-03 14:34:47","2026-08-03 14:34:54",00:00:07,0.014
08030934-9434-0139-0000-31f9b5316201,google,organic,"app store optimization agency",2840,en,,v3/serp/google/organic/live/advanced,20000,9,"2026-08-03 14:34:36","2026-08-03 14:34:44",00:00:08,0.014
08030934-9434-0139-0000-4430e3f56aec,google,organic,"app store optimization company",2840,en,,v3/serp/google/organic/live/advanced,20000,9,"2026-08-03 14:34:14","2026-08-03 14:34:32",00:00:18,0.014
08030933-9434-0139-0000-9ab8930ec70a,google,organic,"app store optimization services",2840,en,,v3/serp/google/organic/live/advanced,20000,9,"2026-08-03 14:33:57","2026-08-03 14:34:12",00:00:15,0.014
08030933-9434-0139-0000-f714f8ac28b5,google,organic,"custom magento development services",2840,en,,v3/serp/google/organic/live/advanced,20000,10,"2026-08-03 14:33:43","2026-08-03 14:33:55",00:00:12,0.0155
08030933-9434-0139-0000-45209cb71528,google,organic,"magento ecommerce development services",2840,en,,v3/serp/google/organic/live/advanced,20000,10,"2026-08-03 14:33:30","2026-08-03 14:33:41",00:00:11,0.0155
08030933-9434-0139-0000-a840f1c1c5e1,google,organic,"magento ecommerce development company",2840,en,,v3/serp/google/organic/live/advanced,20000,10,"2026-08-03 14:33:10","2026-08-03 14:33:27",00:00:17,0.0155
08030933-9434-0139-0000-5d5b21f9caa4,google,organic,"magento development agency",2840,en,,v3/serp/google/organic/live/advanced,20000,9,"2026-08-03 14:33:02","2026-08-03 14:33:09",00:00:07,0.014
08030932-9434-0139-0000-e60ff7e123dd,google,organic,"magento development company",2840,en,,v3/serp/google/organic/live/advanced,20000,10,"2026-08-03 14:32:50","2026-08-03 14:33:00",00:00:10,0.0155
08030932-9434-0139-0000-f3cb1b5f67a1,google,organic,"magento development services",2840,en,,v3/serp/google/organic/live/advanced,20000,10,"2026-08-03 14:32:39","2026-08-03 14:32:48",00:00:09,0.0155
08030932-9434-0139-0000-6acbb784835a,google,organic,"application support services",2840,en,,v3/serp/google/organic/live/advanced,20000,10,"2026-08-03 14:32:20","2026-08-03 14:32:37",00:00:17,0.0155
08030932-9434-0139-0000-125be728feb8,google,organic,"application maintenance services",2840,en,,v3/serp/google/organic/live/advanced,20000,10,"2026-08-03 14:32:06","2026-08-03 14:32:18",00:00:12,0.0155
08030931-9434-0139-0000-a9dd4e6b4b10,google,organic,"application support and maintenance services",2840,en,,v3/serp/google/organic/live/advanced,20000,10,"2026-08-03 14:31:52","2026-08-03 14:32:03",00:00:11,0.0155
08030931-9434-0139-0000-a7edc1393a1d,google,organic,"app maintenance company",2840,en,,v3/serp/google/organic/live/advanced,20000,10,"2026-08-03 14:31:35","2026-08-03 14:31:50",00:00:15,0.0155
08030931-9434-0139-0000-b403a1f3fac4,google,organic,"mobile app maintenance",2840,en,,v3/serp/google/organic/live/advanced,20000,10,"2026-08-03 14:31:22","2026-08-03 14:31:33",00:00:11,0.0155
08030931-9434-0139-0000-4c90eba6539e,google,organic,"app maintenance services",2840,en,,v3/serp/google/organic/live/advanced,20000,10,"2026-08-03 14:31:07","2026-08-03 14:31:17",00:00:10,0.0155
08030930-9434-0139-0000-353ff0ef478d,google,organic,"mobile app maintenance services",2840,en,,v3/serp/google/organic/live/advanced,20000,10,"2026-08-03 14:30:38","2026-08-03 14:31:04",00:00:26,0.0155
08030930-9434-0139-0000-55e4905e6c01,google,organic,"Mobile Application Maintenance Services",2840,en,,v3/serp/google/organic/live/advanced,20000,10,"2026-08-03 14:30:15","2026-08-03 14:30:36",00:00:21,0.0155
08030929-9434-0139-0000-26de49401157,google,organic,"website application development",2840,en,,v3/serp/google/organic/live/advanced,20000,10,"2026-08-03 14:29:53","2026-08-03 14:30:13",00:00:20,0.0155
08030929-9434-0139-0000-50a9ce6c5083,google,organic,"web app development company",2840,en,,v3/serp/google/organic/live/advanced,20000,10,"2026-08-03 14:29:37","2026-08-03 14:29:52",00:00:15,0.0155
08030929-9434-0139-0000-fac91296a0bf,google,organic,"web app development services",2840,en,,v3/serp/google/organic/live/advanced,20000,10,"2026-08-03 14:29:24","2026-08-03 14:29:35",00:00:11,0.0155
08030929-9434-0139-0000-8f5b6293556b,google,organic,"custom web application development company",2840,en,,v3/serp/google/organic/live/advanced,20000,10,"2026-08-03 14:29:16","2026-08-03 14:29:23",00:00:07,0.0155
08030928-9434-0139-0000-1190b92cc2e6,google,organic,"custom web application development",2840,en,,v3/serp/google/organic/live/advanced,20000,10,"2026-08-03 14:28:53","2026-08-03 14:29:13",00:00:20,0.0155
08030928-9434-0139-0000-17f05da589fa,google,organic,"custom web application development services",2840,en,,v3/serp/google/organic/live/advanced,20000,10,"2026-08-03 14:28:28","2026-08-03 14:28:52",00:00:24,0.0155
08030928-9434-0139-0000-e7918f7a44d5,google,organic,"web application development company",2840,en,,v3/serp/google/organic/live/advanced,20000,10,"2026-08-03 14:28:16","2026-08-03 14:28:27",00:00:11,0.0155
08030928-9434-0139-0000-9f2af626af6a,google,organic,"api integration developer",2840,en,,v3/serp/google/organic/live/advanced,20000,10,"2026-08-03 14:28:07","2026-08-03 14:28:14",00:00:07,0.0155
08030927-9434-0139-0000-edef66ad3105,google,organic,"custom api development services",2840,en,,v3/serp/google/organic/live/advanced,20000,10,"2026-08-03 14:27:54","2026-08-03 14:28:05",00:00:11,0.0155
08030927-9434-0139-0000-7f4e2b33bfbb,google,organic,"custom api integration services",2840,en,,v3/serp/google/organic/live/advanced,20000,10,"2026-08-03 14:27:46","2026-08-03 14:27:53",00:00:07,0.0155
08030927-9434-0139-0000-3c3ed5beb044,google,organic,"api integration company",2840,en,,v3/serp/google/organic/live/advanced,20000,10,"2026-08-03 14:27:22","2026-08-03 14:27:44",00:00:22,0.0155
08030927-9434-0139-0000-11e6df3565a2,google,organic,"api development services",2840,en,,v3/serp/google/organic/live/advanced,20000,10,"2026-08-03 14:27:07","2026-08-03 14:27:20",00:00:13,0.0155
08030926-9434-0139-0000-eea186790109,google,organic,"api development and integration services",2840,en,,v3/serp/google/organic/live/advanced,20000,10,"2026-08-03 14:26:49","2026-08-03 14:27:05",00:00:16,0.0155
08030926-9434-0139-0000-d5f0b61b1717,google,organic,"api integration services",2840,en,,v3/serp/google/organic/live/advanced,20000,10,"2026-08-03 14:26:30","2026-08-03 14:26:46",00:00:16,0.0155
08030926-9434-0139-0000-1367330975a1,google,organic,"mobile application development san diego",2840,en,,v3/serp/google/organic/live/advanced,20000,10,"2026-08-03 14:26:18","2026-08-03 14:26:28",00:00:10,0.0155
08030926-9434-0139-0000-fca7a641f49d,google,organic,"san diego app developers",2840,en,,v3/serp/google/organic/live/advanced,20000,10,"2026-08-03 14:26:02","2026-08-03 14:26:16",00:00:14,0.0155
08030925-9434-0139-0000-db484235f5d6,google,organic,"mobile app development company san diego",2840,en,,v3/serp/google/organic/live/advanced,20000,10,"2026-08-03 14:25:49","2026-08-03 14:26:00",00:00:11,0.0155
08030925-9434-0139-0000-e55689d1ffa8,google,organic,"app development san diego",2840,en,,v3/serp/google/organic/live/advanced,20000,10,"2026-08-03 14:25:35","2026-08-03 14:25:46",00:00:11,0.0155
08030925-9434-0139-0000-50f63ff05d95,google,organic,"los angeles app developers",2840,en,,v3/serp/google/organic/live/advanced,20000,10,"2026-08-03 14:25:01","2026-08-03 14:25:11",00:00:10,0.0155
08030924-9434-0139-0000-95b8b597dd83,google,organic,"app development companies los angeles",2840,en,,v3/serp/google/organic/live/advanced,20000,10,"2026-08-03 14:24:46","2026-08-03 14:24:58",00:00:12,0.0155
08030924-9434-0139-0000-379e24f0784e,google,organic,"mobile app developers los angeles",2840,en,,v3/serp/google/organic/live/advanced,20000,10,"2026-08-03 14:24:35","2026-08-03 14:24:43",00:00:08,0.0155
08030924-9434-0139-0000-b6c869ac02ee,google,organic,"mobile app development company in los angeles",2840,en,,v3/serp/google/organic/live/advanced,20000,10,"2026-08-03 14:24:23","2026-08-03 14:24:33",00:00:10,0.0155
08030924-9434-0139-0000-41f829608b64,google,organic,"los angeles mobile app development",2840,en,,v3/serp/google/organic/live/advanced,20000,10,"2026-08-03 14:24:02","2026-08-03 14:24:21",00:00:19,0.0155
08030923-9434-0139-0000-d94306162aa9,google,organic,"iphone app developers los angeles",2840,en,,v3/serp/google/organic/live/advanced,20000,10,"2026-08-03 14:23:43","2026-08-03 14:24:00",00:00:17,0.0155
08030923-9434-0139-0000-ba65c4732fd4,google,organic,"mobile app development los angeles",2840,en,,v3/serp/google/organic/live/advanced,20000,10,"2026-08-03 14:23:24","2026-08-03 14:23:41",00:00:17,0.0155
08030923-9434-0139-0000-5d8bc2fdf992,google,organic,"app developer los angeles",2840,en,,v3/serp/google/organic/live/advanced,20000,10,"2026-08-03 14:23:15","2026-08-03 14:23:21",00:00:06,0.0155
08030922-9434-0139-0000-44d0e065b811,google,organic,"app development los angeles",2840,en,,v3/serp/google/organic/live/advanced,20000,10,"2026-08-03 14:22:53","2026-08-03 14:23:13",00:00:20,0.0155
08030922-9434-0139-0000-8f28ceb33830,google,organic,"app developers in los angeles",2840,en,,v3/serp/google/organic/live/advanced,20000,10,"2026-08-03 14:22:31","2026-08-03 14:22:52",00:00:21,0.0155
08030922-9434-0139-0000-c4eea4836072,google,organic,"ios app development los angeles",2840,en,,v3/serp/google/organic/live/advanced,20000,10,"2026-08-03 14:22:12","2026-08-03 14:22:29",00:00:17,0.0155
08030922-9434-0139-0000-e57c0cb2ff28,google,organic,"app developers los angeles",2840,en,,v3/serp/google/organic/live/advanced,20000,10,"2026-08-03 14:22:01","2026-08-03 14:22:10",00:00:09,0.0155
08030921-9434-0139-0000-3f7d54fbcca6,google,organic,"iphone app development los angeles",2840,en,,v3/serp/google/organic/live/advanced,20000,10,"2026-08-03 14:21:40","2026-08-03 14:21:59",00:00:19,0.0155
08030921-9434-0139-0000-fdcae909ed70,google,organic,"ecommerce website developer",2840,en,,v3/serp/google/organic/live/advanced,20000,10,"2026-08-03 14:21:31","2026-08-03 14:21:39",00:00:08,0.0155
08030921-9434-0139-0000-c771c70a3e6b,google,organic,"ecommerce website design company",2840,en,,v3/serp/google/organic/live/advanced,20000,10,"2026-08-03 14:21:11","2026-08-03 14:21:28",00:00:17,0.0155
08030921-9434-0139-0000-bb760fe88162,google,organic,"ecommerce web design agency",2840,en,,v3/serp/google/organic/live/advanced,20000,10,"2026-08-03 14:21:02","2026-08-03 14:21:10",00:00:08,0.0155
08030920-9434-0139-0000-92370fd96f28,google,organic,"ecommerce web design company",2840,en,,v3/serp/google/organic/live/advanced,20000,10,"2026-08-03 14:20:24","2026-08-03 14:20:45",00:00:21,0.0155
08030920-9434-0139-0000-a739051f72be,google,organic,"ecommerce website development company",2840,en,,v3/serp/google/organic/live/advanced,20000,10,"2026-08-03 14:20:08","2026-08-03 14:20:21",00:00:13,0.0155
08030919-9434-0139-0000-7cb67310b3e1,google,organic,"ecommerce website development",2840,en,,v3/serp/google/organic/live/advanced,20000,10,"2026-08-03 14:19:50","2026-08-03 14:20:01",00:00:11,0.0155
08030919-9434-0139-0000-63a862bf5f12,google,organic,"custom cms development",2840,en,,v3/serp/google/organic/live/advanced,20000,10,"2026-08-03 14:19:37","2026-08-03 14:19:48",00:00:11,0.0155
08030919-9434-0139-0000-64b6cf1f086f,google,organic,"cms website design company",2840,en,,v3/serp/google/organic/live/advanced,20000,10,"2026-08-03 14:19:16","2026-08-03 14:19:32",00:00:16,0.0155
08030919-9434-0139-0000-3f20d0885283,google,organic,"cms development",2840,en,,v3/serp/google/organic/live/advanced,20000,10,"2026-08-03 14:19:04","2026-08-03 14:19:13",00:00:09,0.0155
08030918-9434-0139-0000-a7101468280c,google,organic,"cms website development services",2840,en,,v3/serp/google/organic/live/advanced,20000,10,"2026-08-03 14:18:52","2026-08-03 14:19:02",00:00:10,0.0155
08030918-9434-0139-0000-c6f06e346302,google,organic,"cms development services",2840,en,,v3/serp/google/organic/live/advanced,20000,9,"2026-08-03 14:18:30","2026-08-03 14:18:49",00:00:19,0.014
08030918-9434-0139-0000-3c6be56d8810,google,organic,"cms development companies",2840,en,,v3/serp/google/organic/live/advanced,20000,10,"2026-08-03 14:18:18","2026-08-03 14:18:27",00:00:09,0.0155
08030918-9434-0139-0000-5bc7eb7f2bf3,google,organic,"custom cms development services",2840,en,,v3/serp/google/organic/live/advanced,20000,10,"2026-08-03 14:18:02","2026-08-03 14:18:13",00:00:11,0.0155
08030917-9434-0139-0000-26adee616ba7,google,organic,"cms website development company",2840,en,,v3/serp/google/organic/live/advanced,20000,10,"2026-08-03 14:17:48","2026-08-03 14:18:00",00:00:12,0.0155
08030917-9434-0139-0000-4001e258252d,google,organic,"cms website development companies",2840,en,,v3/serp/google/organic/live/advanced,20000,10,"2026-08-03 14:17:36","2026-08-03 14:17:46",00:00:10,0.0155
08030917-9434-0139-0000-fe378fc94e78,google,organic,"cms web development services",2840,en,,v3/serp/google/organic/live/advanced,20000,10,"2026-08-03 14:17:20","2026-08-03 14:17:34",00:00:14,0.0155
08030917-9434-0139-0000-6fc2ba7a1506,google,organic,"custom cms development company",2840,en,,v3/serp/google/organic/live/advanced,20000,10,"2026-08-03 14:17:03","2026-08-03 14:17:18",00:00:15,0.0155
08030916-9434-0139-0000-a1363196c36b,google,organic,"cms development service",2840,en,,v3/serp/google/organic/live/advanced,20000,9,"2026-08-03 14:16:54","2026-08-03 14:17:02",00:00:08,0.014
08030916-9434-0139-0000-65159f7171f6,google,organic,"cms development company",2840,en,,v3/serp/google/organic/live/advanced,20000,10,"2026-08-03 14:16:43","2026-08-03 14:16:53",00:00:10,0.0155
08030916-9434-0139-0000-0b86dbe45b1c,google,organic,"2d game developer",2840,en,,v3/serp/google/organic/live/advanced,20000,10,"2026-08-03 14:16:31","2026-08-03 14:16:41",00:00:10,0.0155
08030916-9434-0139-0000-d105098976c0,google,organic,"2d game studios",2840,en,,v3/serp/google/organic/live/advanced,20000,10,"2026-08-03 14:16:06","2026-08-03 14:16:29",00:00:23,0.0155
08030915-9434-0139-0000-d7f69aacc18f,google,organic,"2d game development",2840,en,,v3/serp/google/organic/live/advanced,20000,9,"2026-08-03 14:15:41","2026-08-03 14:16:04",00:00:23,0.014
08030915-9434-0139-0000-edfa3a42e7d4,google,organic,"2D Game Development Company",2840,en,,v3/serp/google/organic/live/advanced,20000,10,"2026-08-03 14:15:22","2026-08-03 14:15:39",00:00:17,0.0155
08030915-9434-0139-0000-c83099f77556,google,organic,"web development agency",2840,en,,v3/serp/google/organic/live/advanced,20000,10,"2026-08-03 14:15:02","2026-08-03 14:15:20",00:00:18,0.0155
08030914-9434-0139-0000-1e9668d65e93,google,organic,"web development company uk",2826,en,,v3/serp/google/organic/live/advanced,20000,10,"2026-08-03 14:14:53","2026-08-03 14:15:01",00:00:08,0.0155
08030914-9434-0139-0000-101b587c6af0,google,organic,"web development company",2826,en,,v3/serp/google/organic/live/advanced,20000,10,"2026-08-03 14:14:44","2026-08-03 14:14:52",00:00:08,0.0155
08030914-9434-0139-0000-e24dfca187cd,google,organic,"web development service",2826,en,,v3/serp/google/organic/live/advanced,20000,10,"2026-08-03 14:14:31","2026-08-03 14:14:42",00:00:11,0.0155
08030914-9434-0139-0000-05324398d9c0,google,organic,"website development company",2826,en,,v3/serp/google/organic/live/advanced,20000,10,"2026-08-03 14:14:14","2026-08-03 14:14:29",00:00:15,0.0155
08030913-9434-0139-0000-20efd5bab86a,google,organic,"web development company in uk",2826,en,,v3/serp/google/organic/live/advanced,20000,10,"2026-08-03 14:13:57","2026-08-03 14:14:13",00:00:16,0.0155
08030913-9434-0139-0000-c5acbcff7462,google,organic,"mobile app development company in colorado",2840,en,,v3/serp/google/organic/live/advanced,20000,10,"2026-08-03 14:13:35","2026-08-03 14:13:55",00:00:20,0.0155
08030913-9434-0139-0000-5c06783c609b,google,organic,"mobile application development denver",2404,en,,v3/serp/google/organic/live/advanced,20000,10,"2026-08-03 14:13:27","2026-08-03 14:13:34",00:00:07,0.0155
08030913-9434-0139-0000-0ad008718646,google,organic,"denver mobile app development services",2404,en,,v3/serp/google/organic/live/advanced,20000,9,"2026-08-03 14:13:06","2026-08-03 14:13:25",00:00:19,0.014
08030912-9434-0139-0000-db4ea060ea14,google,organic,"mobile app development denver",2404,en,,v3/serp/google/organic/live/advanced,20000,10,"2026-08-03 14:12:53","2026-08-03 14:13:04",00:00:11,0.0155
08030912-9434-0139-0000-1d39ca45dde9,google,organic,"mobile app development companies new york",2840,en,,v3/serp/google/organic/live/advanced,20000,10,"2026-08-03 14:12:37","2026-08-03 14:12:50",00:00:13,0.0155
08030912-9434-0139-0000-a0f92cf1dd65,google,organic,"iphone app developer cost",2840,en,,v3/serp/google/organic/live/advanced,20000,10,"2026-08-03 14:12:22","2026-08-03 14:12:35",00:00:13,0.0155
08030911-9434-0139-0000-8669c3121981,google,organic,"mobile app development company in nyc",2840,en,,v3/serp/google/organic/live/advanced,20000,10,"2026-08-03 14:11:59","2026-08-03 14:12:20",00:00:21,0.0155
08030911-9434-0139-0000-5fdd0ddfa0dc,google,organic,"2d game development services",2840,en,,v3/serp/google/organic/live/advanced,20000,10,"2026-08-03 14:11:46","2026-08-03 14:11:57",00:00:11,0.0155
08030911-9434-0139-0000-2dbaf291980c,google,organic,"new york mobile app development",2840,en,,v3/serp/google/organic/live/advanced,20000,10,"2026-08-03 14:11:34","2026-08-03 14:11:44",00:00:10,0.0155
08030911-9434-0139-0000-f9b9ddc1b292,google,organic,"mobile app development company in san francisco",2840,en,,v3/serp/google/organic/live/advanced,20000,10,"2026-08-03 14:11:12","2026-08-03 14:11:32",00:00:20,0.0155
08030911-9434-0139-0000-03efab7ade7e,google,organic,"what is ai automation agency",2840,en,,v3/serp/google/organic/live/advanced,20000,10,"2026-08-03 14:11:03","2026-08-03 14:11:11",00:00:08,0.0155
08030910-9434-0139-0000-32b91ba142fb,google,organic,"iphone app development new york",2840,en,,v3/serp/google/organic/live/advanced,20000,10,"2026-08-03 14:10:54","2026-08-03 14:11:02",00:00:08,0.0155
08030910-9434-0139-0000-c76d12ff86e0,google,organic,"mobile app development uk",2840,en,,v3/serp/google/organic/live/advanced,20000,10,"2026-08-03 14:10:23","2026-08-03 14:10:35",00:00:12,0.0155
08030910-9434-0139-0000-3dc83636c976,google,organic,"apps like super",2840,en,,v3/serp/google/organic/live/advanced,20000,8,"2026-08-03 14:10:11","2026-08-03 14:10:20",00:00:09,0.0125
08030909-9434-0139-0000-21528c25353c,google,organic,"flutter app development company",2840,en,,v3/serp/google/organic/live/advanced,20000,10,"2026-08-03 14:09:41","2026-08-03 14:09:59",00:00:18,0.0155
08030909-9434-0139-0000-abd0c2a31436,google,organic,"mobile app developers washington",2840,en,,v3/serp/google/organic/live/advanced,20000,10,"2026-08-03 14:09:27","2026-08-03 14:09:39",00:00:12,0.0155
08030909-9434-0139-0000-353f71258ddd,google,organic,"mobile app developers new york",2840,en,,v3/serp/google/organic/live/advanced,20000,10,"2026-08-03 14:09:05","2026-08-03 14:09:24",00:00:19,0.0155
08030908-9434-0139-0000-4a986b4ef933,google,organic,"digital marketing services company",2840,en,,v3/serp/google/organic/live/advanced,20000,10,"2026-08-03 14:08:53","2026-08-03 14:09:03",00:00:10,0.0155
08030908-9434-0139-0000-bdf8c4ab5d18,google,organic,"mobile app developer los angeles",2840,en,,v3/serp/google/organic/live/advanced,20000,10,"2026-08-03 14:08:31","2026-08-03 14:08:51",00:00:20,0.0155
08030908-9434-0139-0000-4bab89c199d2,google,organic,"offline games for iphone",2840,en,,v3/serp/google/organic/live/advanced,20000,10,"2026-08-03 14:08:09","2026-08-03 14:08:29",00:00:20,0.0155
08030908-9434-0139-0000-341ab4ad160a,google,organic,"platform development services",2840,en,,v3/serp/google/organic/live/advanced,20000,10,"2026-08-03 14:08:01","2026-08-03 14:08:08",00:00:07,0.0155
08030907-9434-0139-0000-50a75cd17f02,google,organic,"mobile app development companies in uk",2840,en,,v3/serp/google/organic/live/advanced,20000,10,"2026-08-03 14:07:37","2026-08-03 14:07:58",00:00:21,0.0155
08030907-9434-0139-0000-76d7fb6201c3,google,organic,"mobile app development companies san francisco",2840,en,,v3/serp/google/organic/live/advanced,20000,10,"2026-08-03 14:07:25","2026-08-03 14:07:35",00:00:10,0.0155
08030907-9434-0139-0000-916ee6ab9d81,google,organic,"chicago mobile app developers",2840,en,,v3/serp/google/organic/live/advanced,20000,10,"2026-08-03 14:07:01","2026-08-03 14:07:23",00:00:22,0.0155
08030906-9434-0139-0000-a722d7809426,google,organic,"custom mvp development",2840,en,,v3/serp/google/organic/live/advanced,20000,10,"2026-08-03 14:06:47","2026-08-03 14:06:59",00:00:12,0.0155
08030906-9434-0139-0000-67eeabdc4727,google,organic,"website development service",2840,en,,v3/serp/google/organic/live/advanced,20000,10,"2026-08-03 14:06:29","2026-08-03 14:06:45",00:00:16,0.0155
08030906-9434-0139-0000-88d05ff2a670,google,organic,"digital marketing agency united states",2840,en,,v3/serp/google/organic/live/advanced,20000,10,"2026-08-03 14:06:10","2026-08-03 14:06:25",00:00:15,0.0155
08030905-9434-0139-0000-863cc71aa111,google,organic,"ai mvp",2840,en,,v3/serp/google/organic/live/advanced,20000,10,"2026-08-03 14:05:43","2026-08-03 14:06:07",00:00:24,0.0155
08030905-9434-0139-0000-e34de3f877ac,google,organic,"nyc app developers",2840,en,,v3/serp/google/organic/live/advanced,20000,10,"2026-08-03 14:05:16","2026-08-03 14:05:41",00:00:25,0.0155
08030904-9434-0139-0000-bc21dbe28e92,google,organic,"ecommerce website development services",2840,en,,v3/serp/google/organic/live/advanced,20000,10,"2026-08-03 14:04:58","2026-08-03 14:05:13",00:00:15,0.0155
08030904-9434-0139-0000-43948552f301,google,organic,"how much money does fortnite have",2840,en,,v3/serp/google/organic/live/advanced,20000,10,"2026-08-03 14:04:41","2026-08-03 14:04:57",00:00:16,0.0155
08030904-9434-0139-0000-d5f2d788f0bb,google,organic,"on demand app development services",2840,en,,v3/serp/google/organic/live/advanced,20000,10,"2026-08-03 14:04:31","2026-08-03 14:04:40",00:00:09,0.0155
08030904-9434-0139-0000-b1b39cebdc0a,google,organic,"on demand app development company",2840,en,,v3/serp/google/organic/live/advanced,20000,10,"2026-08-03 14:04:16","2026-08-03 14:04:29",00:00:13,0.0155
08030904-9434-0139-0000-5f51ee7783cd,google,organic,"on demand app development",2840,en,,v3/serp/google/organic/live/advanced,20000,10,"2026-08-03 14:04:02","2026-08-03 14:04:14",00:00:12,0.0155
08030903-9434-0139-0000-f9b9eaa6161d,google,organic,"mobile app development company in New York",2458,en,,v3/serp/google/organic/live/advanced,20000,9,"2026-08-03 14:03:39","2026-08-03 14:04:00",00:00:21,0.014
08030903-9434-0139-0000-9b6062aa6aee,google,organic,"mobile app development company New York",2458,en,,v3/serp/google/organic/live/advanced,20000,9,"2026-08-03 14:03:25","2026-08-03 14:03:37",00:00:12,0.014
08030903-9434-0139-0000-f4faeb570b65,google,organic,"app development New York",2458,en,,v3/serp/google/organic/live/advanced,20000,9,"2026-08-03 14:03:12","2026-08-03 14:03:23",00:00:11,0.014
08030902-9434-0139-0000-d0df6787f3ad,google,organic,"mobile app developers New York",2458,en,,v3/serp/google/organic/live/advanced,20000,10,"2026-08-03 14:02:54","2026-08-03 14:03:10",00:00:16,0.0155
08030902-9434-0139-0000-ee82d6b5badd,google,organic,"app development NYC",2458,en,,v3/serp/google/organic/live/advanced,20000,10,"2026-08-03 14:02:32","2026-08-03 14:02:53",00:00:21,0.0155
08030902-9434-0139-0000-b24011880975,google,organic,"New York app developers",2458,en,,v3/serp/google/organic/live/advanced,20000,10,"2026-08-03 14:02:17","2026-08-03 14:02:29",00:00:12,0.0155
08030902-9434-0139-0000-444821cb2a21,google,organic,"app developers New York",2458,en,,v3/serp/google/organic/live/advanced,20000,8,"2026-08-03 14:02:04","2026-08-03 14:02:12",00:00:08,0.0125
08030901-9434-0139-0000-0cff6dc62aea,google,organic,"mobile app development NYC",2458,en,,v3/serp/google/organic/live/advanced,20000,10,"2026-08-03 14:01:51","2026-08-03 14:02:02",00:00:11,0.0155
08030901-9434-0139-0000-71fefdd9902b,google,organic,"app developers chicago",2840,en,,v3/serp/google/organic/live/advanced,20000,10,"2026-08-03 14:01:33","2026-08-03 14:01:48",00:00:15,0.0155
08030901-9434-0139-0000-57c26313d4bb,google,organic,"chicago app development company",2840,en,,v3/serp/google/organic/live/advanced,20000,10,"2026-08-03 14:01:14","2026-08-03 14:01:31",00:00:17,0.0155
08030900-9434-0139-0000-0c5af08d12df,google,organic,"app development denver",2840,en,,v3/serp/google/organic/live/advanced,20000,10,"2026-08-03 14:00:46","2026-08-03 14:01:03",00:00:17,0.0155
08030900-9434-0139-0000-ad93354a5463,google,organic,"mobile app development nyc",2840,en,,v3/serp/google/organic/live/advanced,20000,10,"2026-08-03 14:00:33","2026-08-03 14:00:44",00:00:11,0.0155
08030900-9434-0139-0000-2c48ec29b166,google,organic,"mobile app development company in chicago",2840,en,,v3/serp/google/organic/live/advanced,20000,10,"2026-08-03 14:00:18","2026-08-03 14:00:31",00:00:13,0.0155
08030900-9434-0139-0000-3a7012aead57,google,organic,"los angeles app development",2840,en,,v3/serp/google/organic/live/advanced,20000,10,"2026-08-03 14:00:02","2026-08-03 14:00:15",00:00:13,0.0155
08030859-9434-0139-0000-d05b40517fb3,google,organic,"iphone app development cost",2840,en,,v3/serp/google/organic/live/advanced,20000,10,"2026-08-03 13:59:52","2026-08-03 14:00:00",00:00:08,0.0155
08030859-9434-0139-0000-4bf4132266d3,google,organic,"payday loan apps iphone",2840,en,,v3/serp/google/organic/live/advanced,20000,10,"2026-08-03 13:59:34","2026-08-03 13:59:50",00:00:16,0.0155
08030859-9434-0139-0000-97d8d1e3ed28,google,organic,"houston app developers",2840,en,,v3/serp/google/organic/live/advanced,20000,10,"2026-08-03 13:59:09","2026-08-03 13:59:28",00:00:19,0.0155
08030858-9434-0139-0000-574fa2f0c095,google,organic,"how much is fortnite net worth",2840,en,,v3/serp/google/organic/live/advanced,20000,10,"2026-08-03 13:58:53","2026-08-03 13:59:07",00:00:14,0.0155
08030858-9434-0139-0000-8083b7926bb9,google,organic,"ecommerce web development",2840,en,,v3/serp/google/organic/live/advanced,20000,10,"2026-08-03 13:58:34","2026-08-03 13:58:52",00:00:18,0.0155
08030858-9434-0139-0000-fecc25bc5072,google,organic,"mobile application development uk",2840,en,,v3/serp/google/organic/live/advanced,20000,10,"2026-08-03 13:58:15","2026-08-03 13:58:31",00:00:16,0.0155
08030858-9434-0139-0000-7efab161ee21,google,organic,"digital marketing agencies usa",2840,en,,v3/serp/google/organic/live/advanced,20000,10,"2026-08-03 13:58:03","2026-08-03 13:58:13",00:00:10,0.0155
08030857-9434-0139-0000-c60d9b68c194,google,organic,"chicago mobile app development",2840,en,,v3/serp/google/organic/live/advanced,20000,10,"2026-08-03 13:57:47","2026-08-03 13:58:01",00:00:14,0.0155
08030857-9434-0139-0000-ecefbced8a16,google,organic,"how much money does fortnite make",2840,en,,v3/serp/google/organic/live/advanced,20000,10,"2026-08-03 13:57:35","2026-08-03 13:57:45",00:00:10,0.0155
08030857-9434-0139-0000-ed609f97e379,google,organic,"healthcare mobile app development",2840,en,,v3/serp/google/organic/live/advanced,20000,10,"2026-08-03 13:57:21","2026-08-03 13:57:33",00:00:12,0.0155
08030857-9434-0139-0000-e3ccf14a8304,google,organic,"mobile application development new york",2840,en,,v3/serp/google/organic/live/advanced,20000,10,"2026-08-03 13:57:11","2026-08-03 13:57:20",00:00:09,0.0155
08030856-9434-0139-0000-ed29de209b2c,google,organic,"app developers nyc",2840,en,,v3/serp/google/organic/live/advanced,20000,10,"2026-08-03 13:56:47","2026-08-03 13:57:09",00:00:22,0.0155
08030856-9434-0139-0000-1bf25dc373fb,google,organic,"mobile app development company",2682,ar,,v3/serp/google/organic/live/advanced,20000,10,"2026-08-03 13:56:32","2026-08-03 13:56:44",00:00:12,0.0155
08030856-9434-0139-0000-b4280c95492c,google,organic,"moneylion competitors",2840,en,,v3/serp/google/organic/live/advanced,20000,10,"2026-08-03 13:56:20","2026-08-03 13:56:30",00:00:10,0.0155
08030856-9434-0139-0000-3bf286078abb,google,organic,"app development chicago",2840,en,,v3/serp/google/organic/live/advanced,20000,10,"2026-08-03 13:56:04","2026-08-03 13:56:17",00:00:13,0.0155
08030855-9434-0139-0000-32c3fae6c9dc,google,organic,"free currency converter app",2840,en,,v3/serp/google/organic/live/advanced,20000,10,"2026-08-03 13:55:51","2026-08-03 13:56:01",00:00:10,0.0155
08030855-9434-0139-0000-4ba979154c24,google,organic,"sites like frontpay",2840,en,,v3/serp/google/organic/live/advanced,20000,9,"2026-08-03 13:55:38","2026-08-03 13:55:49",00:00:11,0.014
08030855-9434-0139-0000-c69cac963796,google,organic,"fortnite annual revenue",2840,en,,v3/serp/google/organic/live/advanced,20000,8,"2026-08-03 13:55:25","2026-08-03 13:55:35",00:00:10,0.0125
08030855-9434-0139-0000-b085aa325956,google,organic,"apps like oneblinc",2840,en,,v3/serp/google/organic/live/advanced,20000,9,"2026-08-03 13:55:12","2026-08-03 13:55:23",00:00:11,0.014
08030855-9434-0139-0000-05829dead539,google,organic,"uber like app development cost",2840,en,,v3/serp/google/organic/live/advanced,20000,8,"2026-08-03 13:55:00","2026-08-03 13:55:10",00:00:10,0.0125
08030854-9434-0139-0000-74c6ba447b8c,google,organic,"mobile app development company los angeles",2840,en,,v3/serp/google/organic/live/advanced,20000,10,"2026-08-03 13:54:44","2026-08-03 13:54:58",00:00:14,0.0155
08030854-9434-0139-0000-8dcb3c3de74d,google,organic,"mobile app developer new york",2840,en,,v3/serp/google/organic/live/advanced,20000,10,"2026-08-03 13:54:24","2026-08-03 13:54:41",00:00:17,0.0155
08030854-9434-0139-0000-8e8dc8c9f0d7,google,organic,"digital marketing service provider",2840,en,,v3/serp/google/organic/live/advanced,20000,10,"2026-08-03 13:54:05","2026-08-03 13:54:21",00:00:16,0.0155
08030853-9434-0139-0000-2e260fc864a8,google,organic,"ai automation agency services",2840,en,,v3/serp/google/organic/live/advanced,20000,10,"2026-08-03 13:53:52","2026-08-03 13:54:03",00:00:11,0.0155
08030853-9434-0139-0000-4816dbef2f34,google,organic,"tekrevol careers",2840,en,,v3/serp/google/organic/live/advanced,20000,10,"2026-08-03 13:53:38","2026-08-03 13:53:50",00:00:12,0.0155
08030853-9434-0139-0000-3585ce042598,google,organic,"app development new york",2840,en,,v3/serp/google/organic/live/advanced,20000,6,"2026-08-03 13:53:28","2026-08-03 13:53:36",00:00:08,0.0095
08030853-9434-0139-0000-b0d6aeb37126,google,organic,"music app developer",2840,en,,v3/serp/google/organic/live/advanced,20000,10,"2026-08-03 13:53:07","2026-08-03 13:53:17",00:00:10,0.0155
08030852-9434-0139-0000-85cbaa19f833,google,organic,"moneylion alternative",2840,en,,v3/serp/google/organic/live/advanced,20000,10,"2026-08-03 13:52:47","2026-08-03 13:53:05",00:00:18,0.0155
08030852-9434-0139-0000-8b45d85b52bc,google,organic,"how much has fortnite made in total",2840,en,,v3/serp/google/organic/live/advanced,20000,10,"2026-08-03 13:52:36","2026-08-03 13:52:46",00:00:10,0.0155
08030852-9434-0139-0000-c4ad79e28580,google,organic,"mobile app development company",2826,en,,v3/serp/google/organic/live/advanced,20000,10,"2026-08-03 13:52:17","2026-08-03 13:52:34",00:00:17,0.0155
08030851-9434-0139-0000-700aecbef14c,google,organic,"app development company",2826,en,,v3/serp/google/organic/live/advanced,20000,10,"2026-08-03 13:51:58","2026-08-03 13:52:13",00:00:15,0.0155
08030851-9434-0139-0000-2ef9e55c30ad,google,organic,"mobile app development california",2840,en,,v3/serp/google/organic/live/advanced,20000,10,"2026-08-03 13:51:45","2026-08-03 13:51:55",00:00:10,0.0155
08030851-9434-0139-0000-8b2723caab26,google,organic,"mobile app development chicago",2840,en,,v3/serp/google/organic/live/advanced,20000,10,"2026-08-03 13:51:19","2026-08-03 13:51:43",00:00:24,0.0155
08030851-9434-0139-0000-f7186eb6d84b,google,organic,"most popular mobile games",2840,en,,v3/serp/google/organic/live/advanced,20000,10,"2026-08-03 13:51:07","2026-08-03 13:51:17",00:00:10,0.0155
08030850-9434-0139-0000-c6623820eff9,google,organic,"mobile app development washington dc",2840,en,,v3/serp/google/organic/live/advanced,20000,10,"2026-08-03 13:50:53","2026-08-03 13:51:05",00:00:12,0.0155
08030850-9434-0139-0000-9203085b9aa6,google,organic,"how much money is fortnite worth",2840,en,,v3/serp/google/organic/live/advanced,20000,10,"2026-08-03 13:50:42","2026-08-03 13:50:52",00:00:10,0.0155
08030850-9434-0139-0000-2b6d0bd78f16,google,organic,"app developers manchester",2840,en,,v3/serp/google/organic/live/advanced,20000,8,"2026-08-03 13:50:34","2026-08-03 13:50:41",00:00:07,0.0125
08030850-9434-0139-0000-1647b630ba23,google,organic,"mobile app development company in uk",2840,en,,v3/serp/google/organic/live/advanced,20000,10,"2026-08-03 13:50:18","2026-08-03 13:50:32",00:00:14,0.0155
08030850-9434-0139-0000-0270513310f1,google,organic,"app development company in usa",2840,en,,v3/serp/google/organic/live/advanced,20000,10,"2026-08-03 13:50:03","2026-08-03 13:50:14",00:00:11,0.0155
08030849-9434-0139-0000-43b78d7d459a,google,organic,"mobile app development company in usa",2840,en,,v3/serp/google/organic/live/advanced,20000,10,"2026-08-03 13:49:41","2026-08-03 13:50:01",00:00:20,0.0155
08030849-9434-0139-0000-0bffcd74dd8b,google,organic,"mobile app development company usa",2840,en,,v3/serp/google/organic/live/advanced,20000,10,"2026-08-03 13:49:27","2026-08-03 13:49:40",00:00:13,0.0155
08030849-9434-0139-0000-6eb329de5cf0,google,organic,"mobile application development agency",2840,en,,v3/serp/google/organic/live/advanced,20000,10,"2026-08-03 13:49:14","2026-08-03 13:49:25",00:00:11,0.0155
08030848-9434-0139-0000-72aa4db7589f,google,organic,"mobile app development agency",2840,en,,v3/serp/google/organic/live/advanced,20000,10,"2026-08-03 13:48:59","2026-08-03 13:49:12",00:00:13,0.0155
08030848-9434-0139-0000-593f7c927a6f,google,organic,"mobile apps development company",2840,en,,v3/serp/google/organic/live/advanced,20000,10,"2026-08-03 13:48:37","2026-08-03 13:48:57",00:00:20,0.0155
08030848-9434-0139-0000-6e34718a59f3,google,organic,"apps development company",2840,en,,v3/serp/google/organic/live/advanced,20000,10,"2026-08-03 13:48:20","2026-08-03 13:48:34",00:00:14,0.0155
08030848-9434-0139-0000-07debd306ea0,google,organic,"application development company",2840,en,,v3/serp/google/organic/live/advanced,20000,10,"2026-08-03 13:48:08","2026-08-03 13:48:18",00:00:10,0.0155
08030847-9434-0139-0000-75181706df63,google,organic,"mobile application development company",2840,en,,v3/serp/google/organic/live/advanced,20000,10,"2026-08-03 13:47:50","2026-08-03 13:48:06",00:00:16,0.0155
08030847-9434-0139-0000-9367cbc2793a,google,organic,"app development company",2840,en,,v3/serp/google/organic/live/advanced,20000,10,"2026-08-03 13:47:37","2026-08-03 13:47:47",00:00:10,0.0155
08030847-9434-0139-0000-7dd1d4367d45,google,organic,"cloud application development services",2840,en,,v3/serp/google/organic/live/advanced,20000,10,"2026-08-03 13:47:06","2026-08-03 13:47:35",00:00:29,0.0155
08030846-9434-0139-0000-1091d3d00f92,google,organic,"ecommerce web design services",2840,en,,v3/serp/google/organic/live/advanced,20000,10,"2026-08-03 13:46:46","2026-08-03 13:47:04",00:00:18,0.0155
08030846-9434-0139-0000-239ae5fd0482,google,organic,"music app developers",2840,en,,v3/serp/google/organic/live/advanced,20000,10,"2026-08-03 13:46:38","2026-08-03 13:46:46",00:00:08,0.0155
08030846-9434-0139-0000-3bdaa9578b0f,google,organic,"how many apps are created a day",2840,en,,v3/serp/google/organic/live/advanced,20000,10,"2026-08-03 13:46:25","2026-08-03 13:46:36",00:00:11,0.0155
08030846-9434-0139-0000-89413177fd51,google,organic,"app developers in chicago",2840,en,,v3/serp/google/organic/live/advanced,20000,10,"2026-08-03 13:46:08","2026-08-03 13:46:23",00:00:15,0.0155
08030845-9434-0139-0000-10969ba923fa,google,organic,"how many apps are downloaded a day",2840,en,,v3/serp/google/organic/live/advanced,20000,10,"2026-08-03 13:45:48","2026-08-03 13:46:03",00:00:15,0.0155
08030845-9434-0139-0000-87c28d749285,google,organic,"website development company",2840,en,,v3/serp/google/organic/live/advanced,20000,10,"2026-08-03 13:45:38","2026-08-03 13:45:46",00:00:08,0.0155
08030845-9434-0139-0000-22058e792cbb,google,organic,"mobile app development companies in los angeles",2840,en,,v3/serp/google/organic/live/advanced,20000,10,"2026-08-03 13:45:29","2026-08-03 13:45:37",00:00:08,0.0155
08030845-9434-0139-0000-625d19469d9b,google,organic,"web development company",2840,en,,v3/serp/google/organic/live/advanced,20000,10,"2026-08-03 13:45:10","2026-08-03 13:45:25",00:00:15,0.0155
08030844-9434-0139-0000-1042f4c3de84,google,organic,"does earnin work with varo",2840,en,,v3/serp/google/organic/live/advanced,20000,10,"2026-08-03 13:44:56","2026-08-03 13:45:08",00:00:12,0.0155
08030844-9434-0139-0000-563047d0c749,google,organic,"custom crm development company",2840,en,,v3/serp/google/organic/live/advanced,20000,10,"2026-08-03 13:44:33","2026-08-03 13:44:54",00:00:21,0.0155
08030844-9434-0139-0000-dd0482ce5d1c,google,organic,"how much money does fortnite make a day",2840,en,,v3/serp/google/organic/live/advanced,20000,10,"2026-08-03 13:44:21","2026-08-03 13:44:29",00:00:08,0.0155
08030844-9434-0139-0000-d8b719a66b9f,google,organic,tekrevol,2840,en,,v3/serp/google/organic/live/advanced,20000,10,"2026-08-03 13:44:07","2026-08-03 13:44:19",00:00:12,0.0155
08030843-9434-0139-0000-e0954d5a3d13,google,organic,"mobile app development companies uk",2840,en,,v3/serp/google/organic/live/advanced,20000,8,"2026-08-03 13:43:58","2026-08-03 13:44:06",00:00:08,0.0125
08030843-9434-0139-0000-ea133e419f81,google,organic,"mobile app developers uk",2840,en,,v3/serp/google/organic/live/advanced,20000,5,"2026-08-03 13:43:53","2026-08-03 13:43:57",00:00:04,0.008
08030843-9434-0139-0000-df1e4a011527,google,organic,"mobile app development company new york",2840,en,,v3/serp/google/organic/live/advanced,20000,10,"2026-08-03 13:43:29","2026-08-03 13:43:49",00:00:20,0.0155
08030843-9434-0139-0000-0de9dc853883,google,organic,"online digital marketing agency",2840,en,,v3/serp/google/organic/live/advanced,20000,10,"2026-08-03 13:43:20","2026-08-03 13:43:28",00:00:08,0.0155
08030843-9434-0139-0000-e1d90b25566e,google,organic,"custom web development services",2840,en,,v3/serp/google/organic/live/advanced,20000,10,"2026-08-03 13:43:06","2026-08-03 13:43:18",00:00:12,0.0155
08030842-9434-0139-0000-1102877a51a6,google,organic,"fortnite lifetime revenue",2840,en,,v3/serp/google/organic/live/advanced,20000,10,"2026-08-03 13:42:47","2026-08-03 13:43:02",00:00:15,0.0155
08030842-9434-0139-0000-a521b56e97ea,google,organic,"software development examples",2840,en,,v3/serp/google/organic/live/advanced,20000,10,"2026-08-03 13:42:29","2026-08-03 13:42:41",00:00:12,0.0155
08030842-9434-0139-0000-50d2f5850bdb,google,organic,"fortnite sales",2840,en,,v3/serp/google/organic/live/advanced,20000,10,"2026-08-03 13:42:16","2026-08-03 13:42:27",00:00:11,0.0155
08030841-9434-0139-0000-5b6287c18927,google,organic,"custom ios app development company",2840,en,,v3/serp/google/organic/live/advanced,20000,10,"2026-08-03 13:41:53","2026-08-03 13:42:13",00:00:20,0.0155
08030841-9434-0139-0000-27e70961e703,google,organic,"ios mobile app development company",2840,en,,v3/serp/google/organic/live/advanced,20000,10,"2026-08-03 13:41:25","2026-08-03 13:41:51",00:00:26,0.0155
08030841-9434-0139-0000-e9d5ebfcf288,google,organic,"ios app development cost",2840,en,,v3/serp/google/organic/live/advanced,20000,10,"2026-08-03 13:41:11","2026-08-03 13:41:21",00:00:10,0.0155
08030840-9434-0139-0000-72f8d331b888,google,organic,"how much money does fortnite make a second",2840,en,,v3/serp/google/organic/live/advanced,20000,10,"2026-08-03 13:40:58","2026-08-03 13:41:08",00:00:10,0.0155
08030840-9434-0139-0000-4e791f218474,google,organic,"mobile app development company uk",2840,en,,v3/serp/google/organic/live/advanced,20000,10,"2026-08-03 13:40:49","2026-08-03 13:40:58",00:00:09,0.0155
08030840-9434-0139-0000-09b3c69f8fa0,google,organic,"iphone app development services",2840,en,,v3/serp/google/organic/live/advanced,20000,10,"2026-08-03 13:40:37","2026-08-03 13:40:46",00:00:09,0.0155
08030840-9434-0139-0000-aee30c39839e,google,organic,"ios app development services",2840,en,,v3/serp/google/organic/live/advanced,20000,10,"2026-08-03 13:40:21","2026-08-03 13:40:35",00:00:14,0.0155
08030840-9434-0139-0000-1549c7ac2d4c,google,organic,"iphone app development company",2840,en,,v3/serp/google/organic/live/advanced,20000,10,"2026-08-03 13:40:01","2026-08-03 13:40:19",00:00:18,0.0155
08030839-9434-0139-0000-de845647ce4a,google,organic,"ios app development company",2840,en,,v3/serp/google/organic/live/advanced,20000,10,"2026-08-03 13:39:39","2026-08-03 13:39:58",00:00:19,0.0155
08030839-9434-0139-0000-a11dc4863eba,google,organic,"ios application development company",2840,en,,v3/serp/google/organic/live/advanced,20000,10,"2026-08-03 13:39:15","2026-08-03 13:39:36",00:00:21,0.0155
08030839-9434-0139-0000-dcccf538db20,google,organic,"mobile app company uk",2840,en,,v3/serp/google/organic/live/advanced,20000,9,"2026-08-03 13:39:03","2026-08-03 13:39:12",00:00:09,0.014
08030838-9434-0139-0000-f618056cec78,google,organic,"tekrevol houston",2840,en,,v3/serp/google/organic/live/advanced,20000,10,"2026-08-03 13:38:44","2026-08-03 13:38:58",00:00:14,0.0155
08030838-9434-0139-0000-1a1ed1f37f9a,google,organic,"mobile app development company in chicago",2392,en,,v3/serp/google/organic/live/advanced,20000,7,"2026-08-03 13:38:25","2026-08-03 13:38:41",00:00:16,0.011
08030838-9434-0139-0000-aadedbd1a77f,google,organic,"how much did gta 6 cost to make",2840,en,,v3/serp/google/organic/live/advanced,20000,10,"2026-08-03 13:38:07","2026-08-03 13:38:23",00:00:16,0.0155
08030837-9434-0139-0000-9f5193631e72,google,organic,"chicago app development company",2392,en,,v3/serp/google/organic/live/advanced,20000,6,"2026-08-03 13:37:59","2026-08-03 13:38:05",00:00:06,0.0095
08030837-9434-0139-0000-89671eba4bed,google,organic,"how much money does fortnite make a year",2840,en,,v3/serp/google/organic/live/advanced,20000,10,"2026-08-03 13:37:46","2026-08-03 13:37:56",00:00:10,0.0155
08030837-9434-0139-0000-dffd78e195d7,google,organic,"mobile app development company",2840,en,,v3/serp/google/organic/live/advanced,20000,10,"2026-08-03 13:37:32","2026-08-03 13:37:43",00:00:11,0.0155
08030837-9434-0139-0000-197d302f786d,google,organic,"chicago app developers",2392,en,,v3/serp/google/organic/live/advanced,20000,6,"2026-08-03 13:37:27","2026-08-03 13:37:31",00:00:04,0.0095
08030837-9434-0139-0000-346a474b2114,google,organic,"chicago app development",2392,en,,v3/serp/google/organic/live/advanced,20000,7,"2026-08-03 13:37:05","2026-08-03 13:37:25",00:00:20,0.011
08030836-9434-0139-0000-909de90d5195,google,organic,"app developers chicago",2392,en,,v3/serp/google/organic/live/advanced,20000,7,"2026-08-03 13:36:53","2026-08-03 13:37:03",00:00:10,0.011
08030836-9434-0139-0000-2eec1f9accd1,google,organic,"app development chicago",2392,en,,v3/serp/google/organic/live/advanced,20000,8,"2026-08-03 13:36:35","2026-08-03 13:36:52",00:00:17,0.0125
08030836-9434-0139-0000-2c9958e68c13,google,organic,"mobile app development company chicago",2392,en,,v3/serp/google/organic/live/advanced,20000,7,"2026-08-03 13:36:13","2026-08-03 13:36:33",00:00:20,0.011
08030835-9434-0139-0000-6f6913b67250,google,organic,"chicago mobile app development",2392,en,,v3/serp/google/organic/live/advanced,20000,7,"2026-08-03 13:35:55","2026-08-03 13:36:11",00:00:16,0.011
08030835-9434-0139-0000-2acd189477ec,google,organic,"mobile app development companies los angeles",2840,en,,v3/serp/google/organic/live/advanced,20000,10,"2026-08-03 13:35:30","2026-08-03 13:35:53",00:00:23,0.0155
08030835-9434-0139-0000-12745fd59053,google,organic,"reddit alternatives",2840,en,,v3/serp/google/organic/live/advanced,20000,10,"2026-08-03 13:35:15","2026-08-03 13:35:27",00:00:12,0.0155
08030834-9434-0139-0000-956a974ea6e4,google,organic,"development software examples",2840,en,,v3/serp/google/organic/live/advanced,20000,10,"2026-08-03 13:34:54","2026-08-03 13:35:13",00:00:19,0.0155
08030834-9434-0139-0000-e7af78e85e46,google,organic,"2d game development company",2840,en,,v3/serp/google/organic/live/advanced,20000,10,"2026-08-03 13:34:45","2026-08-03 13:34:54",00:00:09,0.0155
08030834-9434-0139-0000-74cc9a8c0ee9,google,organic,"mobile game revenue by genre",2840,en,,v3/serp/google/organic/live/advanced,20000,10,"2026-08-03 13:34:23","2026-08-03 13:34:43",00:00:20,0.0155
08030834-9434-0139-0000-99323cc81f63,google,organic,"how much does fortnite make a day",2840,en,,v3/serp/google/organic/live/advanced,20000,10,"2026-08-03 13:34:14","2026-08-03 13:34:22",00:00:08,0.0155
08030833-9434-0139-0000-6203ff68ae86,google,organic,"mobile app development companies in washington dc",2840,en,,v3/serp/google/organic/live/advanced,20000,10,"2026-08-03 13:33:53","2026-08-03 13:34:11",00:00:18,0.0155
08030833-9434-0139-0000-50be3030a0c1,google,organic,"how does klarna make money",2840,en,,v3/serp/google/organic/live/advanced,20000,10,"2026-08-03 13:33:42","2026-08-03 13:33:53",00:00:11,0.0155
08030833-9434-0139-0000-ba10f7729029,google,organic,"how much has fortnite made",2840,en,,v3/serp/google/organic/live/advanced,20000,10,"2026-08-03 13:33:18","2026-08-03 13:33:40",00:00:22,0.0155
08030832-9434-0139-0000-dcd26b8ec082,google,organic,"digital marketing in usa",2840,en,,v3/serp/google/organic/live/advanced,20000,10,"2026-08-03 13:32:58","2026-08-03 13:33:16",00:00:18,0.0155
08030832-9434-0139-0000-0b9fc4ff7d65,google,organic,"reddit alternative",2840,en,,v3/serp/google/organic/live/advanced,20000,10,"2026-08-03 13:32:33","2026-08-03 13:32:56",00:00:23,0.0155
08030832-9434-0139-0000-6a1ce23d758c,google,organic,"what is fortnite worth",2840,en,,v3/serp/google/organic/live/advanced,20000,10,"2026-08-03 13:32:14","2026-08-03 13:32:30",00:00:16,0.0155
08030832-9434-0139-0000-0175a1a552cb,google,organic,"mobile app development company in saudi arabia",2840,en,,v3/serp/google/organic/live/advanced,20000,10,"2026-08-03 13:32:00","2026-08-03 13:32:12",00:00:12,0.0155
08030831-9434-0139-0000-2d696160ff19,google,organic,"software development example",2840,en,,v3/serp/google/organic/live/advanced,20000,10,"2026-08-03 13:31:31","2026-08-03 13:31:57",00:00:26,0.0155
08030831-9434-0139-0000-f8f4292b5f55,google,organic,"hard launch vs soft launch",2840,en,,v3/serp/google/organic/live/advanced,20000,10,"2026-08-03 13:31:12","2026-08-03 13:31:29",00:00:17,0.0155
08030830-9434-0139-0000-31c34027eed8,google,organic,"app development company chicago",2840,en,,v3/serp/google/organic/live/advanced,20000,10,"2026-08-03 13:30:48","2026-08-03 13:31:09",00:00:21,0.0155
08030830-9434-0139-0000-24037364b9d5,google,organic,"crm development service",2840,en,,v3/serp/google/organic/live/advanced,20000,10,"2026-08-03 13:30:29","2026-08-03 13:30:47",00:00:18,0.0155
08030830-9434-0139-0000-b4a1ad6e56db,google,organic,"web development service",2840,en,,v3/serp/google/organic/live/advanced,20000,10,"2026-08-03 13:30:13","2026-08-03 13:30:27",00:00:14,0.0155
08030829-9434-0139-0000-0152cfb724c8,google,organic,"professional web development services",2840,en,,v3/serp/google/organic/live/advanced,20000,10,"2026-08-03 13:29:54","2026-08-03 13:30:10",00:00:16,0.0155
08030829-9434-0139-0000-ab2a552b7966,google,organic,"app developers in dc",2840,en,,v3/serp/google/organic/live/advanced,20000,9,"2026-08-03 13:29:27","2026-08-03 13:29:33",00:00:06,0.014
08030829-9434-0139-0000-627dfe822e3e,google,organic,"gta 6 budget",2840,en,,v3/serp/google/organic/live/advanced,20000,10,"2026-08-03 13:29:09","2026-08-03 13:29:25",00:00:16,0.0155
08030828-9434-0139-0000-0c08a00eaf71,google,organic,"mobile app development company chicago",2840,en,,v3/serp/google/organic/live/advanced,20000,10,"2026-08-03 13:28:54","2026-08-03 13:29:07",00:00:13,0.0155
08030828-9434-0139-0000-f9b6e92a3a3a,google,organic,"e-commerce application development",2840,en,,v3/serp/google/organic/live/advanced,20000,10,"2026-08-03 13:28:33","2026-08-03 13:28:53",00:00:20,0.0155
08030828-9434-0139-0000-a3c5ed7e42bd,google,organic,"ecommerce app developer",2840,en,,v3/serp/google/organic/live/advanced,20000,10,"2026-08-03 13:28:15","2026-08-03 13:28:31",00:00:16,0.0155
08030828-9434-0139-0000-f387e379b35e,google,organic,"ecommerce application development services",2840,en,,v3/serp/google/organic/live/advanced,20000,10,"2026-08-03 13:28:02","2026-08-03 13:28:13",00:00:11,0.0155
08030827-9434-0139-0000-f1aff44225dc,google,organic,"e commerce mobile app development company",2840,en,,v3/serp/google/organic/live/advanced,20000,10,"2026-08-03 13:27:46","2026-08-03 13:27:58",00:00:12,0.0155
08030827-9434-0139-0000-56d3c2b2110e,google,organic,"ecommerce application development company",2840,en,,v3/serp/google/organic/live/advanced,20000,10,"2026-08-03 13:27:31","2026-08-03 13:27:44",00:00:13,0.0155
08030827-9434-0139-0000-9edcc585a099,google,organic,"mobile ecommerce app development",2840,en,,v3/serp/google/organic/live/advanced,20000,10,"2026-08-03 13:27:21","2026-08-03 13:27:30",00:00:09,0.0155
08030827-9434-0139-0000-6f051ec728bd,google,organic,"ecommerce mobile app development",2840,en,,v3/serp/google/organic/live/advanced,20000,10,"2026-08-03 13:27:06","2026-08-03 13:27:19",00:00:13,0.0155
08030826-9434-0139-0000-4fb841c873ed,google,organic,"ecommerce application development",2840,en,,v3/serp/google/organic/live/advanced,20000,10,"2026-08-03 13:26:43","2026-08-03 13:27:04",00:00:21,0.0155
08030826-9434-0139-0000-d02fbf6bf592,google,organic,"ecommerce app development",2840,en,,v3/serp/google/organic/live/advanced,20000,10,"2026-08-03 13:26:13","2026-08-03 13:26:41",00:00:28,0.0155
08030825-9434-0139-0000-982f7e1cb97e,google,organic,"custom android app development",2840,en,,v3/serp/google/organic/live/advanced,20000,10,"2026-08-03 13:25:57","2026-08-03 13:26:11",00:00:14,0.0155
08030825-9434-0139-0000-08e3e7fa5759,google,organic,"android application development agency",2840,en,,v3/serp/google/organic/live/advanced,20000,10,"2026-08-03 13:25:42","2026-08-03 13:25:55",00:00:13,0.0155
08030825-9434-0139-0000-105bfdfa319d,google,organic,"custom android app development company",2840,en,,v3/serp/google/organic/live/advanced,20000,10,"2026-08-03 13:25:24","2026-08-03 13:25:40",00:00:16,0.0155
08030824-9434-0139-0000-a31bb90ab0ef,google,organic,"android mobile app development company",2840,en,,v3/serp/google/organic/live/advanced,20000,10,"2026-08-03 13:24:57","2026-08-03 13:25:22",00:00:25,0.0155
08030824-9434-0139-0000-b97a3441e50f,google,organic,"android app development agency",2840,en,,v3/serp/google/organic/live/advanced,20000,10,"2026-08-03 13:24:34","2026-08-03 13:24:56",00:00:22,0.0155
08030824-9434-0139-0000-18ac1f88b3db,google,organic,"android application development services",2840,en,,v3/serp/google/organic/live/advanced,20000,10,"2026-08-03 13:24:19","2026-08-03 13:24:32",00:00:13,0.0155
08030824-9434-0139-0000-e05033b69e9c,google,organic,"android application development company",2840,en,,v3/serp/google/organic/live/advanced,20000,10,"2026-08-03 13:24:07","2026-08-03 13:24:17",00:00:10,0.0155
08030823-9434-0139-0000-03eab7d46201,google,organic,"android development services",2840,en,,v3/serp/google/organic/live/advanced,20000,10,"2026-08-03 13:23:50","2026-08-03 13:24:04",00:00:14,0.0155
08030823-9434-0139-0000-9b25b643d226,google,organic,"android app development services",2840,en,,v3/serp/google/organic/live/advanced,20000,10,"2026-08-03 13:23:30","2026-08-03 13:23:48",00:00:18,0.0155
08030823-9434-0139-0000-9959477718f1,google,organic,"android apps development services",2840,en,,v3/serp/google/organic/live/advanced,20000,10,"2026-08-03 13:23:22","2026-08-03 13:23:29",00:00:07,0.0155
08030823-9434-0139-0000-45e13a219c5c,google,organic,"android app development company",2840,en,,v3/serp/google/organic/live/advanced,20000,10,"2026-08-03 13:23:02","2026-08-03 13:23:20",00:00:18,0.0155
08030822-9434-0139-0000-b441ae0eb70f,google,organic,"mobile game app developer",2840,en,,v3/serp/google/organic/live/advanced,20000,10,"2026-08-03 13:22:53","2026-08-03 13:23:01",00:00:08,0.0155
08030822-9434-0139-0000-ec6099f60725,google,organic,"mobile game development agency",2840,en,,v3/serp/google/organic/live/advanced,20000,10,"2026-08-03 13:22:40","2026-08-03 13:22:52",00:00:12,0.0155
08030822-9434-0139-0000-e6e8ab71c9cf,google,organic,"mobile game app development company",2840,en,,v3/serp/google/organic/live/advanced,20000,10,"2026-08-03 13:22:30","2026-08-03 13:22:38",00:00:08,0.0155
08030822-9434-0139-0000-371aca52e4aa,google,organic,"mobile game developer",2840,en,,v3/serp/google/organic/live/advanced,20000,10,"2026-08-03 13:22:15","2026-08-03 13:22:27",00:00:12,0.0155
08030822-9434-0139-0000-d4dadcafa92d,google,organic,"mobile game development services",2840,en,,v3/serp/google/organic/live/advanced,20000,10,"2026-08-03 13:22:02","2026-08-03 13:22:12",00:00:10,0.0155
08030821-9434-0139-0000-5a5d9987198f,google,organic,"game app developers",2840,en,,v3/serp/google/organic/live/advanced,20000,10,"2026-08-03 13:21:46","2026-08-03 13:22:00",00:00:14,0.0155
08030821-9434-0139-0000-f9bf28d2ae5f,google,organic,"Game Development Services",2840,en,,v3/serp/google/organic/live/advanced,20000,10,"2026-08-03 13:21:32","2026-08-03 13:21:44",00:00:12,0.0155
08030821-9434-0139-0000-71bc0f44d765,google,organic,"mobile game development companies",2840,en,,v3/serp/google/organic/live/advanced,20000,10,"2026-08-03 13:21:14","2026-08-03 13:21:26",00:00:12,0.0155
08030820-9434-0139-0000-9198db22980b,google,organic,"game app development company",2840,en,,v3/serp/google/organic/live/advanced,20000,10,"2026-08-03 13:20:56","2026-08-03 13:21:12",00:00:16,0.0155
08030820-9434-0139-0000-7b1c466095bd,google,organic,"mobile game development company",2840,en,,v3/serp/google/organic/live/advanced,20000,10,"2026-08-03 13:20:38","2026-08-03 13:20:54",00:00:16,0.0155
08030820-9434-0139-0000-35ef9d37b1b6,google,organic,"mobile health app developers",2840,en,,v3/serp/google/organic/live/advanced,20000,10,"2026-08-03 13:20:29","2026-08-03 13:20:37",00:00:08,0.0155
08030820-9434-0139-0000-509b4cdf598f,google,organic,"medical app developers",2840,en,,v3/serp/google/organic/live/advanced,20000,10,"2026-08-03 13:20:15","2026-08-03 13:20:27",00:00:12,0.0155
08030819-9434-0139-0000-1bfbfd800926,google,organic,"healthcare mobile application development",2840,en,,v3/serp/google/organic/live/advanced,20000,10,"2026-08-03 13:19:50","2026-08-03 13:20:13",00:00:23,0.0155
08030819-9434-0139-0000-72d8cafa1c9e,google,organic,"medical app development",2840,en,,v3/serp/google/organic/live/advanced,20000,10,"2026-08-03 13:19:34","2026-08-03 13:19:48",00:00:14,0.0155
08030819-9434-0139-0000-ffd1fe31e3fd,google,organic,"healthcare app development",2840,en,,v3/serp/google/organic/live/advanced,20000,10,"2026-08-03 13:19:22","2026-08-03 13:19:33",00:00:11,0.0155
08030819-9434-0139-0000-56b278d2f4b2,google,organic,"healthcare application development",2840,en,,v3/serp/google/organic/live/advanced,20000,10,"2026-08-03 13:19:10","2026-08-03 13:19:20",00:00:10,0.0155
08030818-9434-0139-0000-afe74fe3f72e,google,organic,"medical app development companies",2840,en,,v3/serp/google/organic/live/advanced,20000,10,"2026-08-03 13:18:47","2026-08-03 13:19:09",00:00:22,0.0155
08030818-9434-0139-0000-13a82a5b1312,google,organic,"healthcare mobile app development companies",2840,en,,v3/serp/google/organic/live/advanced,20000,10,"2026-08-03 13:18:33","2026-08-03 13:18:44",00:00:11,0.0155
08030818-9434-0139-0000-70514a40ed41,google,organic,"healthcare app developers",2840,en,,v3/serp/google/organic/live/advanced,20000,10,"2026-08-03 13:18:00","2026-08-03 13:18:16",00:00:16,0.0155
08030817-9434-0139-0000-b8bf85a2dfd2,google,organic,"healthcare application development services",2840,en,,v3/serp/google/organic/live/advanced,20000,10,"2026-08-03 13:17:51","2026-08-03 13:17:59",00:00:08,0.0155
08030817-9434-0139-0000-765e32f25709,google,organic,"healthcare app development services",2840,en,,v3/serp/google/organic/live/advanced,20000,10,"2026-08-03 13:17:35","2026-08-03 13:17:47",00:00:12,0.0155
08030817-9434-0139-0000-c4c3c532f1d3,google,organic,"healthcare mobile app development company",2840,en,,v3/serp/google/organic/live/advanced,20000,10,"2026-08-03 13:17:18","2026-08-03 13:17:32",00:00:14,0.0155
08030817-9434-0139-0000-c617d616c209,google,organic,"app development houston",2500,en,,v3/serp/google/organic/live/advanced,20000,8,"2026-08-03 13:17:09","2026-08-03 13:17:15",00:00:06,0.0125
08030816-9434-0139-0000-586b8a1222b4,google,organic,"mobile app development company houston",2500,en,,v3/serp/google/organic/live/advanced,20000,8,"2026-08-03 13:16:51","2026-08-03 13:17:06",00:00:15,0.0125
08030816-9434-0139-0000-ec88d01f82b5,google,organic,"houston mobile app development",2500,en,,v3/serp/google/organic/live/advanced,20000,8,"2026-08-03 13:16:45","2026-08-03 13:16:51",00:00:06,0.0125
08030816-9434-0139-0000-0de28d4c4447,google,organic,"mobile app development houston",2500,en,,v3/serp/google/organic/live/advanced,20000,8,"2026-08-03 13:16:37","2026-08-03 13:16:44",00:00:07,0.0125
08030816-9434-0139-0000-d9766f5f98b3,google,organic,"android app development houston",2500,en,,v3/serp/google/organic/live/advanced,20000,8,"2026-08-03 13:16:28","2026-08-03 13:16:36",00:00:08,0.0125
08030816-9434-0139-0000-0bbfd756209c,google,organic,"app developer houston",2500,en,,v3/serp/google/organic/live/advanced,20000,8,"2026-08-03 13:16:06","2026-08-03 13:16:25",00:00:19,0.0125
08030815-9434-0139-0000-d170197b9428,google,organic,"mobile app developer houston",2500,en,,v3/serp/google/organic/live/advanced,20000,7,"2026-08-03 13:15:58","2026-08-03 13:16:06",00:00:08,0.011
08030815-9434-0139-0000-2c45979f0503,google,organic,"mobile apps development houston",2500,en,,v3/serp/google/organic/live/advanced,20000,9,"2026-08-03 13:15:48","2026-08-03 13:15:56",00:00:08,0.014
08030815-9434-0139-0000-dbe6f76689e3,google,organic,"mobile app developers houston",2500,en,,v3/serp/google/organic/live/advanced,20000,8,"2026-08-03 13:15:35","2026-08-03 13:15:47",00:00:12,0.0125
08030815-9434-0139-0000-786a2831b38b,google,organic,"houston app developers",2500,en,,v3/serp/google/organic/live/advanced,20000,7,"2026-08-03 13:15:21","2026-08-03 13:15:33",00:00:12,0.011
08030815-9434-0139-0000-4eda30d9be4c,google,organic,"music app development company",2840,en,,v3/serp/google/organic/live/advanced,20000,10,"2026-08-03 13:15:09","2026-08-03 13:15:19",00:00:10,0.0155
08030814-9434-0139-0000-b1db5d60b3fd,google,organic,"mobile app development company san francisco",2840,en,,v3/serp/google/organic/live/advanced,20000,10,"2026-08-03 13:14:52","2026-08-03 13:15:07",00:00:15,0.0155
08030814-9434-0139-0000-6f853145e651,google,organic,"musi alternative",2840,en,,v3/serp/google/organic/live/advanced,20000,7,"2026-08-03 13:14:36","2026-08-03 13:14:50",00:00:14,0.011
08030814-9434-0139-0000-aae7e7044723,google,organic,"custom website development services",2840,en,,v3/serp/google/organic/live/advanced,20000,10,"2026-08-03 13:14:18","2026-08-03 13:14:35",00:00:17,0.0155
08030814-9434-0139-0000-1ee9ebb677b8,google,organic,"fortnite revenue",2840,en,,v3/serp/google/organic/live/advanced,20000,10,"2026-08-03 13:14:06","2026-08-03 13:14:16",00:00:10,0.0155
08030813-9434-0139-0000-0ec5de28eb9b,google,organic,"digital marketing companies usa",2840,en,,v3/serp/google/organic/live/advanced,20000,6,"2026-08-03 13:13:49","2026-08-03 13:14:04",00:00:15,0.0095
08030813-9434-0139-0000-755013a8b6de,google,organic,"mobile app development companies in san francisco",2840,en,,v3/serp/google/organic/live/advanced,20000,10,"2026-08-03 13:13:32","2026-08-03 13:13:47",00:00:15,0.0155
08030813-9434-0139-0000-847f0407bfeb,google,organic,"healthcare app development company",2840,en,,v3/serp/google/organic/live/advanced,20000,10,"2026-08-03 13:13:22","2026-08-03 13:13:31",00:00:09,0.0155
08030813-9434-0139-0000-4991520e48da,google,organic,"how much is fortnite worth",2840,en,,v3/serp/google/organic/live/advanced,20000,10,"2026-08-03 13:13:02","2026-08-03 13:13:20",00:00:18,0.0155
08030812-9434-0139-0000-e4315e1944d0,google,organic,"apps like tiktok",2840,en,,v3/serp/google/organic/live/advanced,20000,10,"2026-08-03 13:12:43","2026-08-03 13:12:59",00:00:16,0.0155
08030812-9434-0139-0000-f1c0a9d3122d,google,organic,"app developer miami",2840,en,,v3/serp/google/organic/live/advanced,20000,10,"2026-08-03 13:12:31","2026-08-03 13:12:40",00:00:09,0.0155
08030812-9434-0139-0000-1dae7e98810d,google,organic,"app developers near me",2840,en,,v3/serp/google/organic/live/advanced,20000,10,"2026-08-03 13:12:17","2026-08-03 13:12:28",00:00:11,0.0155
08030812-9434-0139-0000-a88795bb4b3b,google,organic,"how much does fortnite make a year",2840,en,,v3/serp/google/organic/live/advanced,20000,10,"2026-08-03 13:12:05","2026-08-03 13:12:15",00:00:10,0.0155
08030811-9434-0139-0000-18196154734c,google,organic,"digital marketing agency usa",2840,en,,v3/serp/google/organic/live/advanced,20000,10,"2026-08-03 13:11:49","2026-08-03 13:12:02",00:00:13,0.0155
08030811-9434-0139-0000-3e40056c68dd,google,organic,"fortnite net worth",2840,en,,v3/serp/google/organic/live/advanced,20000,10,"2026-08-03 13:11:29","2026-08-03 13:11:47",00:00:18,0.0155
08030811-9434-0139-0000-fe5f3343d7ce,google,organic,"crm development services",2840,en,,v3/serp/google/organic/live/advanced,20000,10,"2026-08-03 13:11:07","2026-08-03 13:11:26",00:00:19,0.0155
08030810-9434-0139-0000-30d7880f9acb,google,organic,"ecommerce web development services",2840,en,,v3/serp/google/organic/live/advanced,20000,10,"2026-08-03 13:10:50","2026-08-03 13:11:04",00:00:14,0.0155
08030810-9434-0139-0000-a5014d98d165,google,organic,"web development services",2840,en,,v3/serp/google/organic/live/advanced,20000,10,"2026-08-03 13:10:28","2026-08-03 13:10:48",00:00:20,0.0155
08030810-9434-0139-0000-66c3cd461f24,google,organic,"ai automation companies",2840,en,,v3/serp/google/organic/live/advanced,20000,10,"2026-08-03 13:10:09","2026-08-03 13:10:26",00:00:17,0.0155
08030809-9434-0139-0000-323b19b2280c,google,organic,"what is new in gaming technology jogametech",2840,en,,v3/serp/google/organic/live/advanced,20000,9,"2026-08-03 13:09:54","2026-08-03 13:10:07",00:00:13,0.014
08030809-9434-0139-0000-644938b0b8dc,google,organic,"ai automation agency",2840,en,,v3/serp/google/organic/live/advanced,20000,10,"2026-08-03 13:09:43","2026-08-03 13:09:53",00:00:10,0.0155
08030809-9434-0139-0000-3f25874b8acc,google,organic,"gta 6 cost to make",2840,en,,v3/serp/google/organic/live/advanced,20000,10,"2026-08-03 13:09:28","2026-08-03 13:09:41",00:00:13,0.0155
08030809-9434-0139-0000-be0c84f74e98,google,organic,"mobile app development company denver",2404,en,,v3/serp/google/organic/live/advanced,20000,10,"2026-08-03 13:09:13","2026-08-03 13:09:26",00:00:13,0.0155
08030809-9434-0139-0000-7a21825810d4,google,organic,"app developer denver",2404,en,,v3/serp/google/organic/live/advanced,20000,10,"2026-08-03 13:09:00","2026-08-03 13:09:10",00:00:10,0.0155
08030808-9434-0139-0000-e5156f889080,google,organic,"digital marketing services usa",2840,en,,v3/serp/google/organic/live/advanced,20000,10,"2026-08-03 13:08:51","2026-08-03 13:08:59",00:00:08,0.0155
08030808-9434-0139-0000-1eb9a89fa660,google,organic,"digital marketing firms in usa",2840,en,,v3/serp/google/organic/live/advanced,20000,10,"2026-08-03 13:08:39","2026-08-03 13:08:48",00:00:09,0.0155
08030808-9434-0139-0000-b62d5c504dad,google,organic,"digital marketing company",2840,en,,v3/serp/google/organic/live/advanced,20000,10,"2026-08-03 13:08:19","2026-08-03 13:08:37",00:00:18,0.0155
08030807-9434-0139-0000-65bc9ab08ad8,google,organic,"digital marketing services",2840,en,,v3/serp/google/organic/live/advanced,20000,10,"2026-08-03 13:07:50","2026-08-03 13:08:16",00:00:26,0.0155
08030807-9434-0139-0000-2c029ed7d307,google,organic,"digital marketing agency",2840,en,,v3/serp/google/organic/live/advanced,20000,10,"2026-08-03 13:07:32","2026-08-03 13:07:48",00:00:16,0.0155
08030807-9434-0139-0000-ab9ee677c299,google,organic,"3d game developers",2840,en,,v3/serp/google/organic/live/advanced,20000,10,"2026-08-03 13:07:22","2026-08-03 13:07:31",00:00:09,0.0155
08030807-9434-0139-0000-c18fa55837e0,google,organic,"3d game development company",2840,en,,v3/serp/google/organic/live/advanced,20000,5,"2026-08-03 13:07:16","2026-08-03 13:07:21",00:00:05,0.008
08030807-9434-0139-0000-7360846a97e6,google,organic,"3d game development services",2840,en,,v3/serp/google/organic/live/advanced,20000,10,"2026-08-03 13:07:02","2026-08-03 13:07:14",00:00:12,0.0155
08030806-9434-0139-0000-98b1bbc6a361,google,organic,"3d game development",2840,en,,v3/serp/google/organic/live/advanced,20000,9,"2026-08-03 13:06:50","2026-08-03 13:07:00",00:00:10,0.014
08030806-9434-0139-0000-f0d5f7042990,google,organic,"ai app development company",2840,en,,v3/serp/google/organic/live/advanced,20000,10,"2026-08-03 13:06:34","2026-08-03 13:06:47",00:00:13,0.0155
08030806-9434-0139-0000-4b387b6c4467,google,organic,"ai software development services",2840,en,,v3/serp/google/organic/live/advanced,20000,10,"2026-08-03 13:06:06","2026-08-03 13:06:30",00:00:24,0.0155
08030805-9434-0139-0000-4892fca270b7,google,organic,"ai application development services",2840,en,,v3/serp/google/organic/live/advanced,20000,10,"2026-08-03 13:05:53","2026-08-03 13:06:03",00:00:10,0.0155
08030805-9434-0139-0000-c74348bd5172,google,organic,"artificial intelligence development services",2840,en,,v3/serp/google/organic/live/advanced,20000,10,"2026-08-03 13:05:28","2026-08-03 13:05:51",00:00:23,0.0155
08030804-9434-0139-0000-1f57bb3af32a,google,organic,"artificial intelligence development company",2840,en,,v3/serp/google/organic/live/advanced,20000,10,"2026-08-03 13:04:59","2026-08-03 13:05:26",00:00:27,0.0155
08030804-9434-0139-0000-685230884e41,google,organic,"ai development company",2840,en,,v3/serp/google/organic/live/advanced,20000,10,"2026-08-03 13:04:40","2026-08-03 13:04:56",00:00:16,0.0155
08030804-9434-0139-0000-76cd347b963b,google,organic,"ai development services",2840,en,,v3/serp/google/organic/live/advanced,20000,10,"2026-08-03 13:04:23","2026-08-03 13:04:39",00:00:16,0.0155
08030803-9434-0139-0000-dd0edb03d79d,google,organic,"flutter app development agency",2840,en,,v3/serp/google/organic/live/advanced,20000,10,"2026-08-03 13:03:58","2026-08-03 13:04:15",00:00:17,0.0155
08030803-9434-0139-0000-991e10664ec8,google,organic,"flutter application development services",2840,en,,v3/serp/google/organic/live/advanced,20000,10,"2026-08-03 13:03:48","2026-08-03 13:03:57",00:00:09,0.0155
08030803-9434-0139-0000-30e773ac947d,google,organic,"flutter mobile application development company",2840,en,,v3/serp/google/organic/live/advanced,20000,10,"2026-08-03 13:03:34","2026-08-03 13:03:46",00:00:12,0.0155
08030803-9434-0139-0000-b17d69a20ce8,google,organic,"flutter app development company in usa",2840,en,,v3/serp/google/organic/live/advanced,20000,10,"2026-08-03 13:03:20","2026-08-03 13:03:32",00:00:12,0.0155
08030803-9434-0139-0000-f759d11929ae,google,organic,"custom software development solutions",2840,en,,v3/serp/google/organic/live/advanced,20000,10,"2026-08-03 13:03:03","2026-08-03 13:03:18",00:00:15,0.0155
08030802-9434-0139-0000-800982bed8c7,google,organic,"custom software development firm",2840,en,,v3/serp/google/organic/live/advanced,20000,10,"2026-08-03 13:02:51","2026-08-03 13:03:01",00:00:10,0.0155
08030802-9434-0139-0000-e889ec0e7057,google,organic,"custom software development",2840,en,,v3/serp/google/organic/live/advanced,20000,10,"2026-08-03 13:02:35","2026-08-03 13:02:44",00:00:09,0.0155
08030802-9434-0139-0000-2af1fb720376,google,organic,"custom software development company",2840,en,,v3/serp/google/organic/live/advanced,20000,10,"2026-08-03 13:02:17","2026-08-03 13:02:33",00:00:16,0.0155
08030801-9434-0139-0000-cffffa339bd4,google,organic,"cloud app development services",2840,en,,v3/serp/google/organic/live/advanced,20000,10,"2026-08-03 13:01:58","2026-08-03 13:02:15",00:00:17,0.0155
08030801-9434-0139-0000-5eecaa773c16,google,organic,"cloud app development services",2840,en,,v3/serp/google/organic/live/advanced,20000,10,"2026-08-03 13:01:56","2026-08-03 13:02:10",00:00:14,0.0155
08030801-9434-0139-0000-93b923f004d5,google,organic,"cloud app development",2840,en,,v3/serp/google/organic/live/advanced,20000,10,"2026-08-03 13:01:16","2026-08-03 13:01:25",00:00:09,0.0155
08030801-9434-0139-0000-17b936eaeb1b,google,organic,"cloud application services",2840,en,,v3/serp/google/organic/live/advanced,20000,10,"2026-08-03 13:01:02","2026-08-03 13:01:15",00:00:13,0.0155
08030800-9434-0139-0000-63cd585300b6,google,organic,"cloud application development company",2840,en,,v3/serp/google/organic/live/advanced,20000,10,"2026-08-03 13:00:48","2026-08-03 13:00:59",00:00:11,0.0155
08030800-9434-0139-0000-15e911ef61e0,google,organic,"it staff augmentation company",2840,en,,v3/serp/google/organic/live/advanced,20000,10,"2026-08-03 13:00:34","2026-08-03 13:00:46",00:00:12,0.0155
08030800-9434-0139-0000-3ab70fbffe82,google,organic,"it staff augmentation",2840,en,,v3/serp/google/organic/live/advanced,20000,10,"2026-08-03 13:00:11","2026-08-03 13:00:27",00:00:16,0.0155
08030759-9434-0139-0000-438188202cdb,google,organic,"staff augmentation company",2840,en,,v3/serp/google/organic/live/advanced,20000,10,"2026-08-03 12:59:53","2026-08-03 13:00:08",00:00:15,0.0155
08030759-9434-0139-0000-93339e658488,google,organic,"it staff augmentation services",2840,en,,v3/serp/google/organic/live/advanced,20000,10,"2026-08-03 12:59:31","2026-08-03 12:59:52",00:00:21,0.0155
08030759-9434-0139-0000-1e8ac424f25f,google,organic,"staff augmentation services",2840,en,,v3/serp/google/organic/live/advanced,20000,10,"2026-08-03 12:59:16","2026-08-03 12:59:28",00:00:12,0.0155
08030759-9434-0139-0000-823c311791be,google,organic,"custom crm development services",2840,en,,v3/serp/google/organic/live/advanced,20000,10,"2026-08-03 12:59:01","2026-08-03 12:59:14",00:00:13,0.0155
08030758-9434-0139-0000-dcae371b9abf,google,organic,"crm development company",2840,en,,v3/serp/google/organic/live/advanced,20000,10,"2026-08-03 12:58:37","2026-08-03 12:58:58",00:00:21,0.0155
08030758-9434-0139-0000-f38824b60cfb,google,organic,"custom crm development",2840,en,,v3/serp/google/organic/live/advanced,20000,10,"2026-08-03 12:58:19","2026-08-03 12:58:36",00:00:17,0.0155
08030758-9434-0139-0000-988906e209eb,google,organic,"crm software development",2840,en,,v3/serp/google/organic/live/advanced,20000,10,"2026-08-03 12:58:03","2026-08-03 12:58:17",00:00:14,0.0155
08030757-9434-0139-0000-1774bf6ef011,google,organic,"crm software development company",2840,en,,v3/serp/google/organic/live/advanced,20000,10,"2026-08-03 12:57:40","2026-08-03 12:58:00",00:00:20,0.0155
08030757-9434-0139-0000-9e6ab7d1da2f,google,organic,"on demand service app development",2840,en,,v3/serp/google/organic/live/advanced,20000,10,"2026-08-03 12:57:21","2026-08-03 12:57:37",00:00:16,0.0155
08030757-9434-0139-0000-956f012974a3,google,organic,"on demand mobile app development",2840,en,,v3/serp/google/organic/live/advanced,20000,10,"2026-08-03 12:57:05","2026-08-03 12:57:18",00:00:13,0.0155
08030756-9434-0139-0000-3a8e61ede4f6,google,organic,"android app development New York",2458,en,,v3/serp/google/organic/live/advanced,20000,8,"2026-08-03 12:56:50","2026-08-03 12:57:03",00:00:13,0.0125
08030756-9434-0139-0000-549042a9a8e2,google,organic,"mobile app developers NYC",2458,en,,v3/serp/google/organic/live/advanced,20000,10,"2026-08-03 12:56:34","2026-08-03 12:56:47",00:00:13,0.0155
08030756-9434-0139-0000-1c56afb80669,google,organic,"mobile app developer New York",2458,en,,v3/serp/google/organic/live/advanced,20000,9,"2026-08-03 12:56:18","2026-08-03 12:56:32",00:00:14,0.014
08030755-9434-0139-0000-27f6bd95bad6,google,organic,"app developers NYC",2458,en,,v3/serp/google/organic/live/advanced,20000,9,"2026-08-03 12:55:59","2026-08-03 12:56:15",00:00:16,0.014
08030755-9434-0139-0000-44ad55f1b6b3,google,organic,"app development company NYC",2458,en,,v3/serp/google/organic/live/advanced,20000,9,"2026-08-03 12:55:26","2026-08-03 12:55:56",00:00:30,0.014
08030755-9434-0139-0000-9ac17c744b6a,google,organic,"mobile app development company NYC",2458,en,,v3/serp/google/organic/live/advanced,20000,9,"2026-08-03 12:55:14","2026-08-03 12:55:24",00:00:10,0.014
08030755-9434-0139-0000-a4a46f49f13a,google,organic,"NYC app developers",2458,en,,v3/serp/google/organic/live/advanced,20000,10,"2026-08-03 12:55:00","2026-08-03 12:55:12",00:00:12,0.0155
08030754-9434-0139-0000-92e44bfd5462,google,organic,"app developer NYC",2458,en,,v3/serp/google/organic/live/advanced,20000,8,"2026-08-03 12:54:53","2026-08-03 12:54:59",00:00:06,0.0125
08030754-9434-0139-0000-9f79d7049556,google,organic,"custom crm software development company",2840,en,,v3/serp/google/organic/live/advanced,20000,10,"2026-08-03 12:54:26","2026-08-03 12:54:44",00:00:18,0.0155
08030753-9434-0139-0000-6f87944e40ce,google,organic,"app developers in KSA",2682,ar,,v3/serp/google/organic/live/advanced,20000,9,"2026-08-03 12:53:59","2026-08-03 12:54:10",00:00:11,0.014
08030753-9434-0139-0000-44d46ebaa4be,google,organic,"KSA mobile app development",2682,ar,,v3/serp/google/organic/live/advanced,20000,9,"2026-08-03 12:53:41","2026-08-03 12:53:55",00:00:14,0.014
08030753-9434-0139-0000-3b8c5c0e0137,google,organic,"mobile app development companies in saudi arabia",2682,ar,,v3/serp/google/organic/live/advanced,20000,9,"2026-08-03 12:53:31","2026-08-03 12:53:40",00:00:09,0.014
08030753-9434-0139-0000-917fc0c7fb93,google,organic,"mobile app development in KSA",2682,ar,,v3/serp/google/organic/live/advanced,20000,10,"2026-08-03 12:53:16","2026-08-03 12:53:29",00:00:13,0.0155
08030752-9434-0139-0000-309f51959399,google,organic,"app developers in saudi arabia",2682,ar,,v3/serp/google/organic/live/advanced,20000,9,"2026-08-03 12:52:57","2026-08-03 12:53:14",00:00:17,0.014
08030752-9434-0139-0000-bbd2edb340c3,google,organic,"app development agency in saudi arabia",2682,ar,,v3/serp/google/organic/live/advanced,20000,10,"2026-08-03 12:52:36","2026-08-03 12:52:56",00:00:20,0.0155
08030752-9434-0139-0000-9be6406c7fee,google,organic,"mobile app development company in saudi",2682,ar,,v3/serp/google/organic/live/advanced,20000,9,"2026-08-03 12:52:19","2026-08-03 12:52:33",00:00:14,0.014
08030752-9434-0139-0000-8b337c57cff1,google,organic,"mobile app development company saudi",2682,ar,,v3/serp/google/organic/live/advanced,20000,9,"2026-08-03 12:52:03","2026-08-03 12:52:17",00:00:14,0.014
08030751-9434-0139-0000-3b24231c6a24,google,organic,"mobile app development company uk",2826,en,,v3/serp/google/organic/live/advanced,20000,10,"2026-08-03 12:51:51","2026-08-03 12:51:59",00:00:08,0.0155
08030751-9434-0139-0000-c50a5d9ea541,google,organic,"uk app developers",2826,en,,v3/serp/google/organic/live/advanced,20000,10,"2026-08-03 12:51:33","2026-08-03 12:51:49",00:00:16,0.0155
08030751-9434-0139-0000-c42f811f5f56,google,organic,"mobile app developers uk",2826,en,,v3/serp/google/organic/live/advanced,20000,10,"2026-08-03 12:51:16","2026-08-03 12:51:31",00:00:15,0.0155
08030750-9434-0139-0000-bea0a26fe2c1,google,organic,"app developers uk",2826,en,,v3/serp/google/organic/live/advanced,20000,10,"2026-08-03 12:50:54","2026-08-03 12:51:14",00:00:20,0.0155
08030750-9434-0139-0000-25626f7961b7,google,organic,"app developer uk",2826,en,,v3/serp/google/organic/live/advanced,20000,10,"2026-08-03 12:50:39","2026-08-03 12:50:52",00:00:13,0.0155
08030750-9434-0139-0000-6dca3b87b681,google,organic,"app development companies uk",2826,en,,v3/serp/google/organic/live/advanced,20000,10,"2026-08-03 12:50:18","2026-08-03 12:50:37",00:00:19,0.0155
08030749-9434-0139-0000-f14e8756dad9,google,organic,"mobile app development uk",2826,en,,v3/serp/google/organic/live/advanced,20000,10,"2026-08-03 12:49:59","2026-08-03 12:50:16",00:00:17,0.0155
08030749-9434-0139-0000-38ae6b9079b6,google,organic,"app development company uk",2826,en,,v3/serp/google/organic/live/advanced,20000,10,"2026-08-03 12:49:46","2026-08-03 12:49:56",00:00:10,0.0155
08030749-9434-0139-0000-0e12d21e4e8a,google,organic,"mobile app development companies",2826,en,,v3/serp/google/organic/live/advanced,20000,10,"2026-08-03 12:49:36","2026-08-03 12:49:45",00:00:09,0.0155
08030749-9434-0139-0000-f48779d05db0,google,organic,"app development uk",2826,en,,v3/serp/google/organic/live/advanced,20000,10,"2026-08-03 12:49:09","2026-08-03 12:49:32",00:00:23,0.0155
08030748-9434-0139-0000-f693865391ef,google,organic,"music streaming app development company",2840,en,,v3/serp/google/organic/live/advanced,20000,10,"2026-08-03 12:48:48","2026-08-03 12:49:00",00:00:12,0.0155
08030748-9434-0139-0000-9b8980b15351,google,organic,"music app development services",2840,en,,v3/serp/google/organic/live/advanced,20000,10,"2026-08-03 12:48:35","2026-08-03 12:48:46",00:00:11,0.0155
08030748-9434-0139-0000-745040594a5f,google,organic,"app development company near me",2840,en,,v3/serp/google/organic/live/advanced,20000,10,"2026-08-03 12:48:16","2026-08-03 12:48:33",00:00:17,0.0155
08030748-9434-0139-0000-7d472fe259ba,google,organic,"app development near me",2840,en,,v3/serp/google/organic/live/advanced,20000,10,"2026-08-03 12:48:02","2026-08-03 12:48:14",00:00:12,0.0155
08030747-9434-0139-0000-e8cea80b0d80,google,organic,"mobile app development company near me",2840,en,,v3/serp/google/organic/live/advanced,20000,10,"2026-08-03 12:47:41","2026-08-03 12:47:57",00:00:16,0.0155
08030747-9434-0139-0000-1ecaec83d2a9,google,organic,"mobile app development near me",2840,en,,v3/serp/google/organic/live/advanced,20000,10,"2026-08-03 12:47:28","2026-08-03 12:47:39",00:00:11,0.0155
08030746-9434-0139-0000-ccf5e86310ef,google,organic,"Website Development Company USA",2840,en,,v3/serp/google/organic/live/advanced,20000,10,"2026-08-03 12:46:58","2026-08-03 12:47:14",00:00:16,0.0155
08030746-9434-0139-0000-4c713b70965c,google,organic,"Website Development Services",2840,en,,v3/serp/google/organic/live/advanced,20000,10,"2026-08-03 12:46:38","2026-08-03 12:46:56",00:00:18,0.0155
08030746-9434-0139-0000-9aea8811fb39,google,organic,"website development companies in usa",2840,en,,v3/serp/google/organic/live/advanced,20000,10,"2026-08-03 12:46:18","2026-08-03 12:46:36",00:00:18,0.0155
08030745-9434-0139-0000-fb694ac1ed32,google,organic,"website development company in usa",2840,en,,v3/serp/google/organic/live/advanced,20000,10,"2026-08-03 12:45:53","2026-08-03 12:46:16",00:00:23,0.0155
08030745-9434-0139-0000-e5b7a5422d88,google,organic,"web development services company",2840,en,,v3/serp/google/organic/live/advanced,20000,10,"2026-08-03 12:45:35","2026-08-03 12:45:53",00:00:18,0.0155
08030745-9434-0139-0000-8e63d45382b3,google,organic,"website designing and development services",2840,en,,v3/serp/google/organic/live/advanced,20000,10,"2026-08-03 12:45:08","2026-08-03 12:45:33",00:00:25,0.0155
08030744-9434-0139-0000-e47d2b21ea23,google,organic,"website development solutions",2840,en,,v3/serp/google/organic/live/advanced,20000,10,"2026-08-03 12:44:58","2026-08-03 12:45:07",00:00:09,0.0155
08030744-9434-0139-0000-9b4c6bb1fa79,google,organic,"professional website development services",2840,en,,v3/serp/google/organic/live/advanced,20000,10,"2026-08-03 12:44:31","2026-08-03 12:44:55",00:00:24,0.0155
08030744-9434-0139-0000-d078f8bcd64f,google,organic,"Web Development Services",2840,en,,v3/serp/google/organic/live/advanced,20000,10,"2026-08-03 12:44:19","2026-08-03 12:44:28",00:00:09,0.0155
08030744-9434-0139-0000-43041f4c025a,google,organic,"web development services in usa",2840,en,,v3/serp/google/organic/live/advanced,20000,10,"2026-08-03 12:44:03","2026-08-03 12:44:17",00:00:14,0.0155
08030743-9434-0139-0000-79f9017e50df,google,organic,"web development services usa",2840,en,,v3/serp/google/organic/live/advanced,20000,10,"2026-08-03 12:43:53","2026-08-03 12:44:02",00:00:09,0.0155
08030743-9434-0139-0000-d579c54ab4c0,google,organic,"Website Development Services in USA",2840,en,,v3/serp/google/organic/live/advanced,20000,10,"2026-08-03 12:43:42","2026-08-03 12:43:52",00:00:10,0.0155
08030743-9434-0139-0000-eeb6d1122e77,google,organic,"custom iphone app development",2840,en,,v3/serp/google/organic/live/advanced,20000,10,"2026-08-03 12:43:29","2026-08-03 12:43:40",00:00:11,0.0155
08030743-9434-0139-0000-14160ffc3006,google,organic,"custom ios app development services",2840,en,,v3/serp/google/organic/live/advanced,20000,10,"2026-08-03 12:43:17","2026-08-03 12:43:26",00:00:09,0.0155
08030743-9434-0139-0000-d9c1a8e02167,google,organic,"ios app development agency",2840,en,,v3/serp/google/organic/live/advanced,20000,10,"2026-08-03 12:43:07","2026-08-03 12:43:15",00:00:08,0.0155
08030742-9434-0139-0000-7a23be4c2012,google,organic,"iphone app development company usa",2840,en,,v3/serp/google/organic/live/advanced,20000,10,"2026-08-03 12:42:45","2026-08-03 12:43:04",00:00:19,0.0155
08030742-9434-0139-0000-0bf75e5f91ca,google,organic,"iphone applications development company",2840,en,,v3/serp/google/organic/live/advanced,20000,10,"2026-08-03 12:42:36","2026-08-03 12:42:44",00:00:08,0.0155
08030742-9434-0139-0000-0c48aae614e0,google,organic,"iphone application development services",2840,en,,v3/serp/google/organic/live/advanced,20000,10,"2026-08-03 12:42:24","2026-08-03 12:42:34",00:00:10,0.0155
08030742-9434-0139-0000-8cf1c371afc6,google,organic,"app developers in chicago",2392,en,,v3/serp/google/organic/live/advanced,20000,7,"2026-08-03 12:42:16","2026-08-03 12:42:20",00:00:04,0.011
08030742-9434-0139-0000-f1b0412ad662,google,organic,"app development companies in chicago",2392,en,,v3/serp/google/organic/live/advanced,20000,7,"2026-08-03 12:42:00","2026-08-03 12:42:13",00:00:13,0.011
08030741-9434-0139-0000-ee1674991221,google,organic,"website design company New Jersey",21167,en,,v3/serp/google/organic/live/advanced,20000,10,"2026-08-03 12:41:47","2026-08-03 12:41:57",00:00:10,0.0155
08030741-9434-0139-0000-2b81f8459f4e,google,organic,"website development nj",2840,en,,v3/serp/google/organic/live/advanced,20000,10,"2026-08-03 12:41:25","2026-08-03 12:41:44",00:00:19,0.0155
08030741-9434-0139-0000-3bcc2e971671,google,organic,"web development new jersey",21167,en,,v3/serp/google/organic/live/advanced,20000,10,"2026-08-03 12:41:05","2026-08-03 12:41:23",00:00:18,0.0155
08030740-9434-0139-0000-b30dbbfcab3a,google,organic,"website design new jersey",21167,en,,v3/serp/google/organic/live/advanced,20000,10,"2026-08-03 12:40:54","2026-08-03 12:41:03",00:00:09,0.0155
08030740-9434-0139-0000-4824a1c5c3de,google,organic,"web development nj",2840,en,,v3/serp/google/organic/live/advanced,20000,10,"2026-08-03 12:40:45","2026-08-03 12:40:53",00:00:08,0.0155
08030740-9434-0139-0000-0e91e5d98e6e,google,organic,"web design company nj",2840,en,,v3/serp/google/organic/live/advanced,20000,10,"2026-08-03 12:40:25","2026-08-03 12:40:43",00:00:18,0.0155
08030740-9434-0139-0000-a62689e800a3,google,organic,"web development company new jersey",21167,en,,v3/serp/google/organic/live/advanced,20000,10,"2026-08-03 12:40:11","2026-08-03 12:40:22",00:00:11,0.0155
08030739-9434-0139-0000-0410138f3512,google,organic,"website design companies nj",2840,en,,v3/serp/google/organic/live/advanced,20000,10,"2026-08-03 12:39:54","2026-08-03 12:40:09",00:00:15,0.0155
08030739-9434-0139-0000-b999b8bfd873,google,organic,"mobile app development",2840,en,,v3/serp/google/organic/live/advanced,20000,10,"2026-08-03 12:39:10","2026-08-03 12:39:23",00:00:13,0.0155
08030738-9434-0139-0000-fb1bd978e930,google,organic,"houston app development",2500,en,,v3/serp/google/organic/live/advanced,20000,10,"2026-08-03 12:38:56","2026-08-03 12:39:05",00:00:09,0.0155
08030738-9434-0139-0000-9dc28c3cb912,google,organic,"marketing os smoke",2840,en,,v3/serp/google/organic/live/advanced,20000,10,"2026-08-03 12:38:09","2026-08-03 12:38:22",00:00:13,0.0155
07311202-9434-0139-0000-bb22934e3043,google,organic,"ios app development costs",2840,en,,v3/serp/google/organic/live/advanced,20000,10,"2026-07-31 17:02:16","2026-07-31 17:02:27",00:00:11,0.0155
07311202-9434-0139-0000-663998034de2,google,organic,"cash check online instantly",2840,en,,v3/serp/google/organic/live/advanced,20000,10,"2026-07-31 17:02:03","2026-07-31 17:02:14",00:00:11,0.0155
07311201-9434-0139-0000-2dd7a3efacba,google,organic,"soft launch vs hard launch",2840,en,,v3/serp/google/organic/live/advanced,20000,10,"2026-07-31 17:01:46","2026-07-31 17:02:01",00:00:15,0.0155
07311201-9434-0139-0000-7c100c0fa6a7,google,organic,"add business to apple maps",2840,en,,v3/serp/google/organic/live/advanced,20000,10,"2026-07-31 17:01:10","2026-07-31 17:01:45",00:00:35,0.0155
07311200-9434-0139-0000-2642eaf696c2,google,organic,"how many copies has fortnite sold",2840,en,,v3/serp/google/organic/live/advanced,20000,10,"2026-07-31 17:00:54","2026-07-31 17:01:07",00:00:13,0.0155
07311200-9434-0139-0000-7f6b34cc29e2,google,organic,"mobile app development agency uk",2840,en,,v3/serp/google/organic/live/advanced,20000,9,"2026-07-31 17:00:26","2026-07-31 17:00:52",00:00:26,0.014
07311200-9434-0139-0000-9fa5f10ca0eb,google,organic,"fortnite revenue 2022",2840,en,,v3/serp/google/organic/live/advanced,20000,10,"2026-07-31 17:00:07","2026-07-31 17:00:24",00:00:17,0.0155
07311159-9434-0139-0000-fe1b60f3b893,google,organic,"best currency exchange app",2840,en,,v3/serp/google/organic/live/advanced,20000,10,"2026-07-31 16:59:53","2026-07-31 17:00:05",00:00:12,0.0155
07311159-9434-0139-0000-ad50b9441383,google,organic,"how much does it cost to build an ios app",2840,en,,v3/serp/google/organic/live/advanced,20000,10,"2026-07-31 16:59:44","2026-07-31 16:59:52",00:00:08,0.0155
07311159-9434-0139-0000-ddd6ee3a6cde,google,organic,"denver app development",2840,en,,v3/serp/google/organic/live/advanced,20000,10,"2026-07-31 16:59:29","2026-07-31 16:59:42",00:00:13,0.0155
07311159-9434-0139-0000-91443a51c218,google,organic,"how much money has epic games made from fortnite",2840,en,,v3/serp/google/organic/live/advanced,20000,10,"2026-07-31 16:59:00","2026-07-31 16:59:25",00:00:25,0.0155
07311158-9434-0139-0000-5a992fe7cb50,google,organic,"fortnite gross revenue",2840,en,,v3/serp/google/organic/live/advanced,20000,10,"2026-07-31 16:58:47","2026-07-31 16:58:58",00:00:11,0.0155
07311158-9434-0139-0000-631affc896f2,google,organic,"software staff augmentation",2840,en,,v3/serp/google/organic/live/advanced,20000,10,"2026-07-31 16:58:35","2026-07-31 16:58:45",00:00:10,0.0155
07311158-9434-0139-0000-3ae3a2a9cf47,google,organic,"in game ads revenue",2840,en,,v3/serp/google/organic/live/advanced,20000,10,"2026-07-31 16:58:21","2026-07-31 16:58:33",00:00:12,0.0155
07311158-9434-0139-0000-1ca353c36322,google,organic,"web app development denver",2840,en,,v3/serp/google/organic/live/advanced,20000,10,"2026-07-31 16:58:09","2026-07-31 16:58:19",00:00:10,0.0155
07311158-9434-0139-0000-30a95e4d36d8,google,organic,"does netspend use ingo",2840,en,,v3/serp/google/organic/live/advanced,20000,7,"2026-07-31 16:58:00","2026-07-31 16:58:07",00:00:07,0.011
07311157-9434-0139-0000-a71e85614721,google,organic,"app developers in miami",2840,en,,v3/serp/google/organic/live/advanced,20000,9,"2026-07-31 16:57:47","2026-07-31 16:57:58",00:00:11,0.014
07311157-9434-0139-0000-b01179110d7e,google,organic,"app development company uk",2840,en,,v3/serp/google/organic/live/advanced,20000,9,"2026-07-31 16:57:38","2026-07-31 16:57:46",00:00:08,0.014
07311157-9434-0139-0000-b2ee2eca4ad9,google,organic,"currency exchange apps",2840,en,,v3/serp/google/organic/live/advanced,20000,10,"2026-07-31 16:57:18","2026-07-31 16:57:35",00:00:17,0.0155
07311157-9434-0139-0000-c83aba3fb4f2,google,organic,"healthcare mobile app development services",2840,en,,v3/serp/google/organic/live/advanced,20000,10,"2026-07-31 16:57:02","2026-07-31 16:57:16",00:00:14,0.0155
07311156-9434-0139-0000-2fb90249ec6d,google,organic,"ios app developers in new york",2840,en,,v3/serp/google/organic/live/advanced,20000,5,"2026-07-31 16:56:41","2026-07-31 16:57:01",00:00:20,0.008
07311156-9434-0139-0000-d9b2a6487c3c,google,organic,"industrial software",2840,en,,v3/serp/google/organic/live/advanced,20000,10,"2026-07-31 16:56:21","2026-07-31 16:56:39",00:00:18,0.0155
07311156-9434-0139-0000-cdaae14919ea,google,organic,"best currency converter app for iphone",2840,en,,v3/serp/google/organic/live/advanced,20000,10,"2026-07-31 16:56:09","2026-07-31 16:56:19",00:00:10,0.0155
07311155-9434-0139-0000-9cd45c0d2a36,google,organic,"how much did fortnite cost to make",2840,en,,v3/serp/google/organic/live/advanced,20000,10,"2026-07-31 16:55:47","2026-07-31 16:56:06",00:00:19,0.0155
07311155-9434-0139-0000-10a83c3b4021,google,organic,"mobile game ads revenue",2840,en,,v3/serp/google/organic/live/advanced,20000,9,"2026-07-31 16:55:33","2026-07-31 16:55:45",00:00:12,0.014
07311155-9434-0139-0000-818f15689e8b,google,organic,"app developer nyc",2840,en,,v3/serp/google/organic/live/advanced,20000,10,"2026-07-31 16:55:17","2026-07-31 16:55:31",00:00:14,0.0155
07311155-9434-0139-0000-a8b6c94a6439,google,organic,"mobile app development services london",2840,en,,v3/serp/google/organic/live/advanced,20000,5,"2026-07-31 16:55:11","2026-07-31 16:55:16",00:00:05,0.008
07311154-9434-0139-0000-3c17285cdb48,google,organic,"mobile app developers san diego",2840,en,,v3/serp/google/organic/live/advanced,20000,10,"2026-07-31 16:54:50","2026-07-31 16:55:10",00:00:20,0.0155
07311154-9434-0139-0000-950033bfb5b1,google,organic,"fortnite revenue per day",2840,en,,v3/serp/google/organic/live/advanced,20000,9,"2026-07-31 16:54:37","2026-07-31 16:54:48",00:00:11,0.014
07311154-9434-0139-0000-f20d5bb79e8b,google,organic,"mobile app development manhattan",2840,en,,v3/serp/google/organic/live/advanced,20000,1,"2026-07-31 16:54:16","2026-07-31 16:54:35",00:00:19,0.002
07311153-9434-0139-0000-97ee93bcf6cb,google,organic,"mobile application development companies in new york",2840,en,,v3/serp/google/organic/live/advanced,20000,10,"2026-07-31 16:53:55","2026-07-31 16:54:14",00:00:19,0.0155
07311153-9434-0139-0000-2dd814c1ee27,google,organic,"games similar to connections",2840,en,,v3/serp/google/organic/live/advanced,20000,10,"2026-07-31 16:53:34","2026-07-31 16:53:53",00:00:19,0.0155
07311153-9434-0139-0000-b340ab88a28b,google,organic,"fortnite total revenue",2840,en,,v3/serp/google/organic/live/advanced,20000,10,"2026-07-31 16:53:05","2026-07-31 16:53:32",00:00:27,0.0155
07311152-9434-0139-0000-a89a6a0ae552,google,organic,"mobile app development company in toronto",2840,en,,v3/serp/google/organic/live/advanced,20000,10,"2026-07-31 16:52:45","2026-07-31 16:53:04",00:00:19,0.0155
07311152-9434-0139-0000-ee50fe768f09,google,organic,"chicago app development",2840,en,,v3/serp/google/organic/live/advanced,20000,10,"2026-07-31 16:52:33","2026-07-31 16:52:43",00:00:10,0.0155
07311152-9434-0139-0000-7b0e9568af1e,google,organic,"dubai web design company",2840,en,,v3/serp/google/organic/live/advanced,20000,10,"2026-07-31 16:52:21","2026-07-31 16:52:31",00:00:10,0.0155
07311152-9434-0139-0000-c83453261058,google,organic,"how much money fortnite made",2840,en,,v3/serp/google/organic/live/advanced,20000,10,"2026-07-31 16:52:04","2026-07-31 16:52:18",00:00:14,0.0155
07311151-9434-0139-0000-26fc9bc2d26c,google,organic,"web design company in new jersey",2840,en,,v3/serp/google/organic/live/advanced,20000,10,"2026-07-31 16:51:44","2026-07-31 16:52:03",00:00:19,0.0155
07311151-9434-0139-0000-5ab7e711d5b7,google,organic,"how much is fortnite worth today",2840,en,,v3/serp/google/organic/live/advanced,20000,10,"2026-07-31 16:51:30","2026-07-31 16:51:41",00:00:11,0.0155
07311151-9434-0139-0000-09b48dd93b67,google,organic,"custom app development toronto",2840,en,,v3/serp/google/organic/live/advanced,20000,8,"2026-07-31 16:51:20","2026-07-31 16:51:29",00:00:09,0.0125
07311151-9434-0139-0000-d73580c22d25,google,organic,"lion loan app",2840,en,,v3/serp/google/organic/live/advanced,20000,7,"2026-07-31 16:51:12","2026-07-31 16:51:19",00:00:07,0.011
07311151-9434-0139-0000-4224a9dd8a73,google,organic,"gta 6 production cost",2840,en,,v3/serp/google/organic/live/advanced,20000,7,"2026-07-31 16:51:05","2026-07-31 16:51:11",00:00:06,0.011
07311150-9434-0139-0000-519c5bbae19c,google,organic,"ios mobile app development services",2840,en,,v3/serp/google/organic/live/advanced,20000,10,"2026-07-31 16:50:39","2026-07-31 16:51:02",00:00:23,0.0155
07311150-9434-0139-0000-915b1a7a5d8f,google,organic,"how much does fortnite make a month",2840,en,,v3/serp/google/organic/live/advanced,20000,10,"2026-07-31 16:50:28","2026-07-31 16:50:37",00:00:09,0.0155
07311150-9434-0139-0000-bc729924bd05,google,organic,"genius scan",2840,en,,v3/serp/google/organic/live/advanced,20000,5,"2026-07-31 16:50:21","2026-07-31 16:50:27",00:00:06,0.008
07311150-9434-0139-0000-cfeb81389900,google,organic,"how much money has fortnite made in total",2840,en,,v3/serp/google/organic/live/advanced,20000,10,"2026-07-31 16:50:03","2026-07-31 16:50:19",00:00:16,0.0155
07311149-9434-0139-0000-1d0d03d23e5c,google,organic,"denver mobile application development",2840,en,,v3/serp/google/organic/live/advanced,20000,5,"2026-07-31 16:49:38","2026-07-31 16:50:01",00:00:23,0.008
07311149-9434-0139-0000-93ba3d3431b5,google,organic,"how much money has fortnite made all time",2840,en,,v3/serp/google/organic/live/advanced,20000,10,"2026-07-31 16:49:19","2026-07-31 16:49:35",00:00:16,0.0155
07311149-9434-0139-0000-b51eaa8a8d09,google,organic,"uk mobile app developers",2840,en,,v3/serp/google/organic/live/advanced,20000,9,"2026-07-31 16:49:02","2026-07-31 16:49:17",00:00:15,0.014
07311148-9434-0139-0000-f851918cd3b3,google,organic,"cost to create an app for iphone",2840,en,,v3/serp/google/organic/live/advanced,20000,10,"2026-07-31 16:48:47","2026-07-31 16:49:00",00:00:13,0.0155
07311148-9434-0139-0000-3ed804d3b0e6,google,organic,"how many apps are created a day?",2840,en,,v3/serp/google/organic/live/advanced,20000,10,"2026-07-31 16:48:34","2026-07-31 16:48:45",00:00:11,0.0155
07311148-9434-0139-0000-ed7fd43a4d3c,google,organic,"apps like step",2840,en,,v3/serp/google/organic/live/advanced,20000,8,"2026-07-31 16:48:17","2026-07-31 16:48:32",00:00:15,0.0125
07311148-9434-0139-0000-2433fcedf5e7,google,organic,"flutter app development cost",2840,en,,v3/serp/google/organic/live/advanced,20000,8,"2026-07-31 16:48:00","2026-07-31 16:48:15",00:00:15,0.0125
07311147-9434-0139-0000-9d8f6ca330f2,google,organic,"how much money does fortnite make in a year",2840,en,,v3/serp/google/organic/live/advanced,20000,10,"2026-07-31 16:47:50","2026-07-31 16:47:59",00:00:09,0.0155
07311147-9434-0139-0000-439336de11b4,google,organic,"app developers california",2840,en,,v3/serp/google/organic/live/advanced,20000,10,"2026-07-31 16:47:29","2026-07-31 16:47:48",00:00:19,0.0155
07311147-9434-0139-0000-b051fed9dd48,google,organic,"average cost to develop an iphone app",2840,en,,v3/serp/google/organic/live/advanced,20000,10,"2026-07-31 16:47:08","2026-07-31 16:47:27",00:00:19,0.0155
07311146-9434-0139-0000-2a7f389793dc,google,organic,"ecommerce app development services",2840,en,,v3/serp/google/organic/live/advanced,20000,10,"2026-07-31 16:46:48","2026-07-31 16:47:06",00:00:18,0.0155
07311146-9434-0139-0000-ad41cb5c3622,google,organic,"app development company los angeles",2840,en,,v3/serp/google/organic/live/advanced,20000,10,"2026-07-31 16:46:34","2026-07-31 16:46:46",00:00:12,0.0155
07311146-9434-0139-0000-6f79497940e6,google,organic,"how much does fortnite make per day",2840,en,,v3/serp/google/organic/live/advanced,20000,10,"2026-07-31 16:46:13","2026-07-31 16:46:32",00:00:19,0.0155
07311145-9434-0139-0000-82f17808489a,google,organic,"what is fortnite's net worth",2840,en,,v3/serp/google/organic/live/advanced,20000,10,"2026-07-31 16:45:55","2026-07-31 16:46:12",00:00:17,0.0155
07311145-9434-0139-0000-fdacff84a3f0,google,organic,"how much money do mobile games make per ad",2840,en,,v3/serp/google/organic/live/advanced,20000,7,"2026-07-31 16:45:34","2026-07-31 16:45:53",00:00:19,0.011
07311145-9434-0139-0000-3889f91f5554,google,organic,"online marketing company usa",2840,en,,v3/serp/google/organic/live/advanced,20000,10,"2026-07-31 16:45:20","2026-07-31 16:45:30",00:00:10,0.0155
07311144-9434-0139-0000-d9fd809e8beb,google,organic,"how much money has fortnite made",2840,en,,v3/serp/google/organic/live/advanced,20000,10,"2026-07-31 16:44:56","2026-07-31 16:45:18",00:00:22,0.0155
07311144-9434-0139-0000-07c594ff60e3,google,organic,"apps like super.com",2840,en,,v3/serp/google/organic/live/advanced,20000,6,"2026-07-31 16:44:48","2026-07-31 16:44:55",00:00:07,0.0095
07311144-9434-0139-0000-737da1467944,google,organic,"app development companies nyc",2840,en,,v3/serp/google/organic/live/advanced,20000,10,"2026-07-31 16:44:34","2026-07-31 16:44:46",00:00:12,0.0155
07311144-9434-0139-0000-71d526a44e81,google,organic,"android app development company in uk",2840,en,,v3/serp/google/organic/live/advanced,20000,10,"2026-07-31 16:44:12","2026-07-31 16:44:32",00:00:20,0.0155
07311143-9434-0139-0000-17d675ad9056,google,organic,"how much money do mobile games make from ads",2840,en,,v3/serp/google/organic/live/advanced,20000,7,"2026-07-31 16:43:50","2026-07-31 16:44:06",00:00:16,0.011
07311143-9434-0139-0000-918834bca6bf,google,organic,"mobile app development companies in london",2840,en,,v3/serp/google/organic/live/advanced,20000,8,"2026-07-31 16:43:33","2026-07-31 16:43:48",00:00:15,0.0125
07311143-9434-0139-0000-954bf7bbfb44,google,organic,"chatbot app development",2840,en,,v3/serp/google/organic/live/advanced,20000,10,"2026-07-31 16:43:21","2026-07-31 16:43:31",00:00:10,0.0155
07311143-9434-0139-0000-66979e972f6e,google,organic,"how much money does fortnite make in a day",2840,en,,v3/serp/google/organic/live/advanced,20000,10,"2026-07-31 16:43:11","2026-07-31 16:43:19",00:00:08,0.0155
07311142-9434-0139-0000-48621854c336,google,organic,"android app developers nyc",2840,en,,v3/serp/google/organic/live/advanced,20000,10,"2026-07-31 16:42:50","2026-07-31 16:43:09",00:00:19,0.0155
07311142-9434-0139-0000-6aaa6d40b841,google,organic,"mobile app development new york city",2840,en,,v3/serp/google/organic/live/advanced,20000,10,"2026-07-31 16:42:32","2026-07-31 16:42:48",00:00:16,0.0155
07311142-9434-0139-0000-a9728f56d29c,google,organic,"app developers in denver",2840,en,,v3/serp/google/organic/live/advanced,20000,10,"2026-07-31 16:42:19","2026-07-31 16:42:31",00:00:12,0.0155
07311141-9434-0139-0000-a38afad740a3,google,organic,"apps like reddit",2840,en,,v3/serp/google/organic/live/advanced,20000,9,"2026-07-31 16:41:58","2026-07-31 16:42:17",00:00:19,0.014
07311141-9434-0139-0000-8cec537a65cc,google,organic,"application development new york",2840,en,,v3/serp/google/organic/live/advanced,20000,10,"2026-07-31 16:41:44","2026-07-31 16:41:56",00:00:12,0.0155
07311141-9434-0139-0000-db95da38c7e1,google,organic,"instacash apps",2840,en,,v3/serp/google/organic/live/advanced,20000,10,"2026-07-31 16:41:24","2026-07-31 16:41:42",00:00:18,0.0155
07311141-9434-0139-0000-e48f95fdfe11,google,organic,"mobile app denver",2840,en,,v3/serp/google/organic/live/advanced,20000,10,"2026-07-31 16:41:12","2026-07-31 16:41:22",00:00:10,0.0155
07311141-9434-0139-0000-91a8698ee098,google,organic,"is fortnite profitable",2840,en,,v3/serp/google/organic/live/advanced,20000,10,"2026-07-31 16:41:01","2026-07-31 16:41:10",00:00:09,0.0155
07311140-9434-0139-0000-ad688a84cc5c,google,organic,"how much does epic games make a day",2840,en,,v3/serp/google/organic/live/advanced,20000,8,"2026-07-31 16:40:47","2026-07-31 16:40:59",00:00:12,0.0125
07311140-9434-0139-0000-0adf34f013fb,google,organic,"android app development company uk",2840,en,,v3/serp/google/organic/live/advanced,20000,4,"2026-07-31 16:40:42","2026-07-31 16:40:46",00:00:04,0.0065
07311140-9434-0139-0000-d8852774a305,google,organic,"how much money does epic games make a day",2840,en,,v3/serp/google/organic/live/advanced,20000,10,"2026-07-31 16:40:21","2026-07-31 16:40:40",00:00:19,0.0155
07311140-9434-0139-0000-530d07710df3,google,organic,"internet marketing agency usa",2840,en,,v3/serp/google/organic/live/advanced,20000,10,"2026-07-31 16:40:13","2026-07-31 16:40:21",00:00:08,0.0155
07311140-9434-0139-0000-77bf190dd383,google,organic,"how much does fortnite make in a day",2840,en,,v3/serp/google/organic/live/advanced,20000,10,"2026-07-31 16:40:05","2026-07-31 16:40:12",00:00:07,0.0155
07311139-9434-0139-0000-58d93643bb85,google,organic,"best digital marketing agency in usa",2840,en,,v3/serp/google/organic/live/advanced,20000,10,"2026-07-31 16:39:48","2026-07-31 16:40:03",00:00:15,0.0155
07311139-9434-0139-0000-b6add6d62974,google,organic,"fortnite yearly revenue",2840,en,,v3/serp/google/organic/live/advanced,20000,10,"2026-07-31 16:39:32","2026-07-31 16:39:46",00:00:14,0.0155
07311139-9434-0139-0000-3480507986a8,google,organic,"apps like grid",2840,en,,v3/serp/google/organic/live/advanced,20000,9,"2026-07-31 16:39:04","2026-07-31 16:39:30",00:00:26,0.014
07311138-9434-0139-0000-d88119e3b354,google,organic,"multimodal ai examples",2840,en,,v3/serp/google/organic/live/advanced,20000,10,"2026-07-31 16:38:52","2026-07-31 16:39:02",00:00:10,0.0155
07311138-9434-0139-0000-d7bbda6c0f0b,google,organic,"hire android app developer",2840,en,,v3/serp/google/organic/live/advanced,20000,10,"2026-07-31 16:38:35","2026-07-31 16:38:50",00:00:15,0.0155
07311138-9434-0139-0000-4db2735e68d4,google,organic,"fortnite daily revenue",2840,en,,v3/serp/google/organic/live/advanced,20000,10,"2026-07-31 16:38:21","2026-07-31 16:38:32",00:00:11,0.0155
07311138-9434-0139-0000-89b98c2dc68d,google,organic,"mobile app development agency london",2840,en,,v3/serp/google/organic/live/advanced,20000,10,"2026-07-31 16:38:04","2026-07-31 16:38:19",00:00:15,0.0155
07311137-9434-0139-0000-8c3908036b22,google,organic,"app development agency in new york",2840,en,,v3/serp/google/organic/live/advanced,20000,10,"2026-07-31 16:37:48","2026-07-31 16:38:02",00:00:14,0.0155
07311137-9434-0139-0000-19dabf71de52,google,organic,"denver web app development",2840,en,,v3/serp/google/organic/live/advanced,20000,10,"2026-07-31 16:37:36","2026-07-31 16:37:46",00:00:10,0.0155
07311137-9434-0139-0000-c031ad2686dd,google,organic,"app developers uk",2840,en,,v3/serp/google/organic/live/advanced,20000,10,"2026-07-31 16:37:07","2026-07-31 16:37:33",00:00:26,0.0155
07311136-9434-0139-0000-51753d3d97cb,google,organic,"web app development chicago",2840,en,,v3/serp/google/organic/live/advanced,20000,9,"2026-07-31 16:36:44","2026-07-31 16:37:05",00:00:21,0.014
07311136-9434-0139-0000-cfc6411b0b92,google,organic,"mobile app developers in chicago",2840,en,,v3/serp/google/organic/live/advanced,20000,10,"2026-07-31 16:36:33","2026-07-31 16:36:42",00:00:09,0.0155
07311136-9434-0139-0000-0f047a9543e5,google,organic,"currency exchange app",2840,en,,v3/serp/google/organic/live/advanced,20000,10,"2026-07-31 16:36:17","2026-07-31 16:36:31",00:00:14,0.0155
07311135-9434-0139-0000-c6c4a0177a13,google,organic,"iphone vs android market share",2840,en,,v3/serp/google/organic/live/advanced,20000,10,"2026-07-31 16:35:52","2026-07-31 16:36:14",00:00:22,0.0155
07311135-9434-0139-0000-7363664ab86b,google,organic,"app development toronto",2840,en,,v3/serp/google/organic/live/advanced,20000,8,"2026-07-31 16:35:29","2026-07-31 16:35:50",00:00:21,0.0125
07311135-9434-0139-0000-3e28b4848ac6,google,organic,"average mobile game revenue",2840,en,,v3/serp/google/organic/live/advanced,20000,9,"2026-07-31 16:35:18","2026-07-31 16:35:27",00:00:09,0.014
07311135-9434-0139-0000-971a1adc8764,google,organic,"how do mobile games make money",2840,en,,v3/serp/google/organic/live/advanced,20000,10,"2026-07-31 16:35:08","2026-07-31 16:35:16",00:00:08,0.0155
07311134-9434-0139-0000-c770a961b670,google,organic,"mobile app developers nyc",2840,en,,v3/serp/google/organic/live/advanced,20000,10,"2026-07-31 16:34:54","2026-07-31 16:35:05",00:00:11,0.0155
07311134-9434-0139-0000-480953904ee8,google,organic,"ecommerce app development dubai",2840,en,,v3/serp/google/organic/live/advanced,20000,6,"2026-07-31 16:34:45","2026-07-31 16:34:53",00:00:08,0.0095
07311134-9434-0139-0000-89aa4be28606,google,organic,"what is the typical timeline of a poc?",2840,en,,v3/serp/google/organic/live/advanced,20000,9,"2026-07-31 16:34:24","2026-07-31 16:34:44",00:00:20,0.014
07311134-9434-0139-0000-c43ad50308b5,google,organic,"professional web development service",2840,en,,v3/serp/google/organic/live/advanced,20000,10,"2026-07-31 16:34:03","2026-07-31 16:34:22",00:00:19,0.0155
07311133-9434-0139-0000-2a377b73963d,google,organic,"how much has epic games made from fortnite",2840,en,,v3/serp/google/organic/live/advanced,20000,10,"2026-07-31 16:33:41","2026-07-31 16:34:01",00:00:20,0.0155
07311133-9434-0139-0000-a6a1336fdf0b,google,organic,"ecommerce app development company",2840,en,,v3/serp/google/organic/live/advanced,20000,10,"2026-07-31 16:33:31","2026-07-31 16:33:40",00:00:09,0.0155
07311133-9434-0139-0000-5bf13d46dd64,google,organic,"web application development company new york",2840,en,,v3/serp/google/organic/live/advanced,20000,8,"2026-07-31 16:33:02","2026-07-31 16:33:29",00:00:27,0.0125
07311132-9434-0139-0000-f60306a84732,google,organic,"games like osrs",2840,en,,v3/serp/google/organic/live/advanced,20000,7,"2026-07-31 16:32:50","2026-07-31 16:33:00",00:00:10,0.011
07311132-9434-0139-0000-7e80e0398389,google,organic,"how much do mobile games make per ad",2840,en,,v3/serp/google/organic/live/advanced,20000,7,"2026-07-31 16:32:40","2026-07-31 16:32:49",00:00:09,0.011
07311132-9434-0139-0000-cdee876ba41d,google,organic,"mobile application development company new york",2840,en,,v3/serp/google/organic/live/advanced,20000,10,"2026-07-31 16:32:27","2026-07-31 16:32:37",00:00:10,0.0155
07311132-9434-0139-0000-3bc3dbc22cef,google,organic,"example of software development",2840,en,,v3/serp/google/organic/live/advanced,20000,10,"2026-07-31 16:32:08","2026-07-31 16:32:25",00:00:17,0.0155
07311131-9434-0139-0000-4b0b44654acc,google,organic,"app developers in houston",2500,en,,v3/serp/google/organic/live/advanced,20000,7,"2026-07-31 16:31:53","2026-07-31 16:32:06",00:00:13,0.011
07311131-9434-0139-0000-02f214da0757,google,organic,"custom software development services",2840,en,,v3/serp/google/organic/live/advanced,20000,10,"2026-07-31 16:31:43","2026-07-31 16:31:52",00:00:09,0.0155
07311131-9434-0139-0000-c813ca41fd01,google,organic,"mobile app development denver",2840,en,,v3/serp/google/organic/live/advanced,20000,4,"2026-07-31 16:31:36","2026-07-31 16:31:42",00:00:06,0.0065
07311131-9434-0139-0000-5b4d3bcc9dba,google,organic,"mobile app development san diego",2840,en,,v3/serp/google/organic/live/advanced,20000,10,"2026-07-31 16:31:26","2026-07-31 16:31:35",00:00:09,0.0155
07311131-9434-0139-0000-bebef6ea315f,google,organic,"ai chatbot development company",2840,en,,v3/serp/google/organic/live/advanced,20000,10,"2026-07-31 16:31:11","2026-07-31 16:31:23",00:00:12,0.0155
07311130-9434-0139-0000-3a78daeb6903,google,organic,"ai chatbot development services",2840,en,,v3/serp/google/organic/live/advanced,20000,10,"2026-07-31 16:30:55","2026-07-31 16:31:10",00:00:15,0.0155
07311130-9434-0139-0000-ebdb13e93d8b,google,organic,"lms company",2840,en,,v3/serp/google/organic/live/advanced,20000,10,"2026-07-31 16:30:41","2026-07-31 16:30:54",00:00:13,0.0155
07311130-9434-0139-0000-7f0d44dce52c,google,organic,"custom lms development",2840,en,,v3/serp/google/organic/live/advanced,20000,10,"2026-07-31 16:30:26","2026-07-31 16:30:39",00:00:13,0.0155
07311130-9434-0139-0000-cd163cf60a5b,google,organic,"lms services",2840,en,,v3/serp/google/organic/live/advanced,20000,10,"2026-07-31 16:30:07","2026-07-31 16:30:24",00:00:17,0.0155
07311129-9434-0139-0000-7c254902c20f,google,organic,"custom learning management system development",2840,en,,v3/serp/google/organic/live/advanced,20000,10,"2026-07-31 16:29:56","2026-07-31 16:30:05",00:00:09,0.0155
07311129-9434-0139-0000-c0a913eedc2d,google,organic,"lms development services",2840,en,,v3/serp/google/organic/live/advanced,20000,10,"2026-07-31 16:29:42","2026-07-31 16:29:54",00:00:12,0.0155
07311129-9434-0139-0000-bab9b07052f5,google,organic,"lms development company",2840,en,,v3/serp/google/organic/live/advanced,20000,10,"2026-07-31 16:29:30","2026-07-31 16:29:39",00:00:09,0.0155
07311129-9434-0139-0000-dfda2f1dec4b,google,organic,"lms developers",2840,en,,v3/serp/google/organic/live/advanced,20000,10,"2026-07-31 16:29:13","2026-07-31 16:29:28",00:00:15,0.0155
07311129-9434-0139-0000-b463c1fd4fb2,google,organic,"enterprise app developers",2840,en,,v3/serp/google/organic/live/advanced,20000,10,"2026-07-31 16:29:05","2026-07-31 16:29:12",00:00:07,0.0155
07311128-9434-0139-0000-61f70463d8dc,google,organic,"enterprise mobile application development",2840,en,,v3/serp/google/organic/live/advanced,20000,10,"2026-07-31 16:28:47","2026-07-31 16:29:03",00:00:16,0.0155
07311128-9434-0139-0000-0f7d3d7df460,google,organic,"enterprise mobile application development company",2840,en,,v3/serp/google/organic/live/advanced,20000,10,"2026-07-31 16:28:29","2026-07-31 16:28:44",00:00:15,0.0155
07311128-9434-0139-0000-b30fe507a05c,google,organic,"enterprise app development services",2840,en,,v3/serp/google/organic/live/advanced,20000,10,"2026-07-31 16:28:08","2026-07-31 16:28:27",00:00:19,0.0155
07311127-9434-0139-0000-06bbd94fb9bd,google,organic,"enterprise mobile app development company",2840,en,,v3/serp/google/organic/live/advanced,20000,10,"2026-07-31 16:27:55","2026-07-31 16:28:06",00:00:11,0.0155
07311127-9434-0139-0000-dba978264813,google,organic,"enterprise app development company",2840,en,,v3/serp/google/organic/live/advanced,20000,10,"2026-07-31 16:27:39","2026-07-31 16:27:53",00:00:14,0.0155
07311127-9434-0139-0000-305a6d39130c,google,organic,"app store optimization expert",2840,en,,v3/serp/google/organic/live/advanced,20000,10,"2026-07-31 16:27:24","2026-07-31 16:27:35",00:00:11,0.0155
07311127-9434-0139-0000-099b0bb56197,google,organic,"app store optimisation service",2840,en,,v3/serp/google/organic/live/advanced,20000,0,"2026-07-31 16:27:05","2026-07-31 16:27:20",00:00:15,0.002
07311126-9434-0139-0000-6a773968a973,google,organic,"app store optimization agency",2840,en,,v3/serp/google/organic/live/advanced,20000,9,"2026-07-31 16:26:22","2026-07-31 16:26:33",00:00:11,0.014
07311125-9434-0139-0000-45adc8b06c1f,google,organic,"app store optimization company",2840,en,,v3/serp/google/organic/live/advanced,20000,9,"2026-07-31 16:25:56","2026-07-31 16:26:05",00:00:09,0.014
07311125-9434-0139-0000-ef88cff89721,google,organic,"app store optimization services",2840,en,,v3/serp/google/organic/live/advanced,20000,9,"2026-07-31 16:25:45","2026-07-31 16:25:54",00:00:09,0.014
07311125-9434-0139-0000-a0814f527ff0,google,organic,"custom magento development services",2840,en,,v3/serp/google/organic/live/advanced,20000,10,"2026-07-31 16:25:31","2026-07-31 16:25:43",00:00:12,0.0155
07311125-9434-0139-0000-037314ac05a7,google,organic,"magento ecommerce development services",2840,en,,v3/serp/google/organic/live/advanced,20000,10,"2026-07-31 16:25:18","2026-07-31 16:25:29",00:00:11,0.0155
07311124-9434-0139-0000-b0d0c3cd03ad,google,organic,"magento ecommerce development company",2840,en,,v3/serp/google/organic/live/advanced,20000,10,"2026-07-31 16:24:57","2026-07-31 16:25:16",00:00:19,0.0155
07311124-9434-0139-0000-4ae8b1e6067e,google,organic,"magento development agency",2840,en,,v3/serp/google/organic/live/advanced,20000,9,"2026-07-31 16:24:47","2026-07-31 16:24:55",00:00:08,0.014
07311124-9434-0139-0000-8dabac2a1e54,google,organic,"magento development company",2840,en,,v3/serp/google/organic/live/advanced,20000,10,"2026-07-31 16:24:24","2026-07-31 16:24:44",00:00:20,0.0155
07311124-9434-0139-0000-bb5aa0d14c5b,google,organic,"magento development services",2840,en,,v3/serp/google/organic/live/advanced,20000,10,"2026-07-31 16:24:14","2026-07-31 16:24:23",00:00:09,0.0155
07311124-9434-0139-0000-ec36060ffe7d,google,organic,"application support services",2840,en,,v3/serp/google/organic/live/advanced,20000,10,"2026-07-31 16:24:05","2026-07-31 16:24:13",00:00:08,0.0155
07311123-9434-0139-0000-cc241aa23282,google,organic,"application maintenance services",2840,en,,v3/serp/google/organic/live/advanced,20000,10,"2026-07-31 16:23:51","2026-07-31 16:24:04",00:00:13,0.0155
07311123-9434-0139-0000-83e8dfa6370c,google,organic,"application support and maintenance services",2840,en,,v3/serp/google/organic/live/advanced,20000,10,"2026-07-31 16:23:35","2026-07-31 16:23:48",00:00:13,0.0155
07311123-9434-0139-0000-8209daddfcaf,google,organic,"app maintenance company",2840,en,,v3/serp/google/organic/live/advanced,20000,10,"2026-07-31 16:23:18","2026-07-31 16:23:34",00:00:16,0.0155
07311122-9434-0139-0000-822fa8c4a5a5,google,organic,"mobile app maintenance",2840,en,,v3/serp/google/organic/live/advanced,20000,10,"2026-07-31 16:22:55","2026-07-31 16:23:10",00:00:15,0.0155
07311122-9434-0139-0000-045b78e84068,google,organic,"app maintenance services",2840,en,,v3/serp/google/organic/live/advanced,20000,10,"2026-07-31 16:22:47","2026-07-31 16:22:54",00:00:07,0.0155
07311122-9434-0139-0000-a12f88073d23,google,organic,"mobile app maintenance services",2840,en,,v3/serp/google/organic/live/advanced,20000,10,"2026-07-31 16:22:34","2026-07-31 16:22:45",00:00:11,0.0155
07311122-9434-0139-0000-aa91c3994c89,google,organic,"Mobile Application Maintenance Services",2840,en,,v3/serp/google/organic/live/advanced,20000,10,"2026-07-31 16:22:19","2026-07-31 16:22:32",00:00:13,0.0155
07311122-9434-0139-0000-3523bee3d87b,google,organic,"website application development",2840,en,,v3/serp/google/organic/live/advanced,20000,10,"2026-07-31 16:22:04","2026-07-31 16:22:17",00:00:13,0.0155
07311121-9434-0139-0000-ee73df64e5d4,google,organic,"web app development company",2840,en,,v3/serp/google/organic/live/advanced,20000,10,"2026-07-31 16:21:48","2026-07-31 16:22:02",00:00:14,0.0155
07311121-9434-0139-0000-f6f23dcd0cff,google,organic,"web app development services",2840,en,,v3/serp/google/organic/live/advanced,20000,10,"2026-07-31 16:21:28","2026-07-31 16:21:46",00:00:18,0.0155
07311121-9434-0139-0000-391a90264701,google,organic,"custom web application development company",2840,en,,v3/serp/google/organic/live/advanced,20000,10,"2026-07-31 16:21:16","2026-07-31 16:21:26",00:00:10,0.0155
07311121-9434-0139-0000-da387587f8c6,google,organic,"custom web application development",2840,en,,v3/serp/google/organic/live/advanced,20000,10,"2026-07-31 16:21:03","2026-07-31 16:21:14",00:00:11,0.0155
07311120-9434-0139-0000-9e08eb8d3fd2,google,organic,"custom web application development services",2840,en,,v3/serp/google/organic/live/advanced,20000,10,"2026-07-31 16:20:42","2026-07-31 16:21:01",00:00:19,0.0155
07311120-9434-0139-0000-9bb3dc1a708a,google,organic,"web application development company",2840,en,,v3/serp/google/organic/live/advanced,20000,10,"2026-07-31 16:20:22","2026-07-31 16:20:41",00:00:19,0.0155
07311119-9434-0139-0000-d9de236aea36,google,organic,"api integration developer",2840,en,,v3/serp/google/organic/live/advanced,20000,10,"2026-07-31 16:19:51","2026-07-31 16:20:21",00:00:30,0.0155
07311119-9434-0139-0000-e7e3143122e0,google,organic,"custom api development services",2840,en,,v3/serp/google/organic/live/advanced,20000,10,"2026-07-31 16:19:35","2026-07-31 16:19:49",00:00:14,0.0155
07311119-9434-0139-0000-877fb3d495db,google,organic,"custom api integration services",2840,en,,v3/serp/google/organic/live/advanced,20000,10,"2026-07-31 16:19:20","2026-07-31 16:19:33",00:00:13,0.0155
07311119-9434-0139-0000-6a24d5405129,google,organic,"api integration company",2840,en,,v3/serp/google/organic/live/advanced,20000,10,"2026-07-31 16:19:02","2026-07-31 16:19:19",00:00:17,0.0155
07311118-9434-0139-0000-0a1473614484,google,organic,"api development services",2840,en,,v3/serp/google/organic/live/advanced,20000,10,"2026-07-31 16:18:40","2026-07-31 16:19:00",00:00:20,0.0155
07311118-9434-0139-0000-00b406805276,google,organic,"api development and integration services",2840,en,,v3/serp/google/organic/live/advanced,20000,10,"2026-07-31 16:18:12","2026-07-31 16:18:38",00:00:26,0.0155
07311117-9434-0139-0000-0197d0bf13de,google,organic,"api integration services",2840,en,,v3/serp/google/organic/live/advanced,20000,10,"2026-07-31 16:17:57","2026-07-31 16:18:10",00:00:13,0.0155
07311117-9434-0139-0000-28577d2549fa,google,organic,"mobile application development san diego",2840,en,,v3/serp/google/organic/live/advanced,20000,10,"2026-07-31 16:17:47","2026-07-31 16:17:57",00:00:10,0.0155
07311117-9434-0139-0000-4b73c558a3f4,google,organic,"san diego app developers",2840,en,,v3/serp/google/organic/live/advanced,20000,10,"2026-07-31 16:17:28","2026-07-31 16:17:46",00:00:18,0.0155
07311117-9434-0139-0000-f2c7a4249960,google,organic,"mobile app development company san diego",2840,en,,v3/serp/google/organic/live/advanced,20000,10,"2026-07-31 16:17:14","2026-07-31 16:17:26",00:00:12,0.0155
07311116-9434-0139-0000-08507bab46a6,google,organic,"app development san diego",2840,en,,v3/serp/google/organic/live/advanced,20000,10,"2026-07-31 16:16:57","2026-07-31 16:17:13",00:00:16,0.0155
07311116-9434-0139-0000-1dc3201a3ccb,google,organic,"los angeles app developers",2840,en,,v3/serp/google/organic/live/advanced,20000,10,"2026-07-31 16:16:39","2026-07-31 16:16:51",00:00:12,0.0155
07311116-9434-0139-0000-d476a7a7260e,google,organic,"app development companies los angeles",2840,en,,v3/serp/google/organic/live/advanced,20000,10,"2026-07-31 16:16:22","2026-07-31 16:16:36",00:00:14,0.0155
07311115-9434-0139-0000-147143e48578,google,organic,"mobile app developers los angeles",2840,en,,v3/serp/google/organic/live/advanced,20000,10,"2026-07-31 16:15:55","2026-07-31 16:16:20",00:00:25,0.0155
07311115-9434-0139-0000-2da114f9ff49,google,organic,"mobile app development company in los angeles",2840,en,,v3/serp/google/organic/live/advanced,20000,10,"2026-07-31 16:15:40","2026-07-31 16:15:53",00:00:13,0.0155
07311115-9434-0139-0000-cc6fc9774f2d,google,organic,"los angeles mobile app development",2840,en,,v3/serp/google/organic/live/advanced,20000,10,"2026-07-31 16:15:31","2026-07-31 16:15:39",00:00:08,0.0155
07311115-9434-0139-0000-2a9d8eeb6571,google,organic,"iphone app developers los angeles",2840,en,,v3/serp/google/organic/live/advanced,20000,10,"2026-07-31 16:15:24","2026-07-31 16:15:30",00:00:06,0.0155
07311115-9434-0139-0000-b8b793e3ad3e,google,organic,"mobile app development los angeles",2840,en,,v3/serp/google/organic/live/advanced,20000,10,"2026-07-31 16:15:09","2026-07-31 16:15:21",00:00:12,0.0155
07311114-9434-0139-0000-2eaf020387d2,google,organic,"app developer los angeles",2840,en,,v3/serp/google/organic/live/advanced,20000,10,"2026-07-31 16:14:51","2026-07-31 16:15:08",00:00:17,0.0155
07311114-9434-0139-0000-eacba5e21b5a,google,organic,"app development los angeles",2840,en,,v3/serp/google/organic/live/advanced,20000,10,"2026-07-31 16:14:29","2026-07-31 16:14:50",00:00:21,0.0155
07311114-9434-0139-0000-9cb8497f8e5e,google,organic,"app developers in los angeles",2840,en,,v3/serp/google/organic/live/advanced,20000,10,"2026-07-31 16:14:16","2026-07-31 16:14:27",00:00:11,0.0155
07311114-9434-0139-0000-91043530d553,google,organic,"ios app development los angeles",2840,en,,v3/serp/google/organic/live/advanced,20000,10,"2026-07-31 16:14:00","2026-07-31 16:14:14",00:00:14,0.0155
07311113-9434-0139-0000-ab768906cf46,google,organic,"app developers los angeles",2840,en,,v3/serp/google/organic/live/advanced,20000,10,"2026-07-31 16:13:34","2026-07-31 16:13:58",00:00:24,0.0155
07311113-9434-0139-0000-17e19450c4d5,google,organic,"iphone app development los angeles",2840,en,,v3/serp/google/organic/live/advanced,20000,10,"2026-07-31 16:13:22","2026-07-31 16:13:32",00:00:10,0.0155
07311113-9434-0139-0000-024bfe7a447f,google,organic,"ecommerce website developer",2840,en,,v3/serp/google/organic/live/advanced,20000,10,"2026-07-31 16:13:14","2026-07-31 16:13:21",00:00:07,0.0155
07311113-9434-0139-0000-6d927a1bf9b5,google,organic,"ecommerce website design company",2840,en,,v3/serp/google/organic/live/advanced,20000,10,"2026-07-31 16:13:01","2026-07-31 16:13:13",00:00:12,0.0155
07311112-9434-0139-0000-c04af26c1b06,google,organic,"ecommerce web design agency",2840,en,,v3/serp/google/organic/live/advanced,20000,10,"2026-07-31 16:12:49","2026-07-31 16:12:58",00:00:09,0.0155
07311112-9434-0139-0000-977c411b1b9e,google,organic,"ecommerce web design company",2840,en,,v3/serp/google/organic/live/advanced,20000,10,"2026-07-31 16:12:20","2026-07-31 16:12:47",00:00:27,0.0155
07311112-9434-0139-0000-38484de3c260,google,organic,"ecommerce website development company",2840,en,,v3/serp/google/organic/live/advanced,20000,10,"2026-07-31 16:12:08","2026-07-31 16:12:18",00:00:10,0.0155
07311111-9434-0139-0000-2c4ac9be6058,google,organic,"ecommerce web development",2840,en,,v3/serp/google/organic/live/advanced,20000,10,"2026-07-31 16:11:42","2026-07-31 16:12:04",00:00:22,0.0155
07311111-9434-0139-0000-23dc92ab2cba,google,organic,"ecommerce website development",2840,en,,v3/serp/google/organic/live/advanced,20000,10,"2026-07-31 16:11:25","2026-07-31 16:11:40",00:00:15,0.0155
07311111-9434-0139-0000-92d936b69960,google,organic,"custom cms development",2840,en,,v3/serp/google/organic/live/advanced,20000,10,"2026-07-31 16:11:16","2026-07-31 16:11:24",00:00:08,0.0155
07311110-9434-0139-0000-11cb1d046c24,google,organic,"cms website design company",2840,en,,v3/serp/google/organic/live/advanced,20000,10,"2026-07-31 16:10:59","2026-07-31 16:11:15",00:00:16,0.0155
07311110-9434-0139-0000-102e7168e234,google,organic,"cms development",2840,en,,v3/serp/google/organic/live/advanced,20000,10,"2026-07-31 16:10:40","2026-07-31 16:10:57",00:00:17,0.0155
07311110-9434-0139-0000-3f9318398f19,google,organic,"cms website development services",2840,en,,v3/serp/google/organic/live/advanced,20000,9,"2026-07-31 16:10:22","2026-07-31 16:10:37",00:00:15,0.014
07311110-9434-0139-0000-15b6e732eada,google,organic,"cms development services",2840,en,,v3/serp/google/organic/live/advanced,20000,9,"2026-07-31 16:10:14","2026-07-31 16:10:21",00:00:07,0.014
07311110-9434-0139-0000-a1bd48f076a4,google,organic,"cms development companies",2840,en,,v3/serp/google/organic/live/advanced,20000,10,"2026-07-31 16:10:03","2026-07-31 16:10:12",00:00:09,0.0155
07311109-9434-0139-0000-2d342827b696,google,organic,"custom cms development services",2840,en,,v3/serp/google/organic/live/advanced,20000,10,"2026-07-31 16:09:54","2026-07-31 16:10:01",00:00:07,0.0155
07311109-9434-0139-0000-89e2ac34f2f2,google,organic,"cms website development company",2840,en,,v3/serp/google/organic/live/advanced,20000,10,"2026-07-31 16:09:40","2026-07-31 16:09:53",00:00:13,0.0155
07311109-9434-0139-0000-742ca7126d8a,google,organic,"cms website development companies",2840,en,,v3/serp/google/organic/live/advanced,20000,5,"2026-07-31 16:09:20","2026-07-31 16:09:39",00:00:19,0.008
07311109-9434-0139-0000-f6e1fbb5ce53,google,organic,"cms web development services",2840,en,,v3/serp/google/organic/live/advanced,20000,10,"2026-07-31 16:09:08","2026-07-31 16:09:18",00:00:10,0.0155
07311108-9434-0139-0000-15f8819d68a3,google,organic,"custom cms development company",2840,en,,v3/serp/google/organic/live/advanced,20000,10,"2026-07-31 16:08:47","2026-07-31 16:09:02",00:00:15,0.0155
07311108-9434-0139-0000-f4806c12a484,google,organic,"cms development service",2840,en,,v3/serp/google/organic/live/advanced,20000,9,"2026-07-31 16:08:38","2026-07-31 16:08:46",00:00:08,0.014
07311108-9434-0139-0000-49196c93e900,google,organic,"cms development company",2840,en,,v3/serp/google/organic/live/advanced,20000,10,"2026-07-31 16:08:29","2026-07-31 16:08:37",00:00:08,0.0155
07311108-9434-0139-0000-3397122e06df,google,organic,"2d game developer",2840,en,,v3/serp/google/organic/live/advanced,20000,10,"2026-07-31 16:08:15","2026-07-31 16:08:27",00:00:12,0.0155
07311107-9434-0139-0000-9f154f358f0f,google,organic,"2d game studios",2840,en,,v3/serp/google/organic/live/advanced,20000,10,"2026-07-31 16:07:58","2026-07-31 16:08:13",00:00:15,0.0155
07311107-9434-0139-0000-63dda0bdbe35,google,organic,"2d game development",2840,en,,v3/serp/google/organic/live/advanced,20000,9,"2026-07-31 16:07:41","2026-07-31 16:07:56",00:00:15,0.014
07311107-9434-0139-0000-30c920f5dc8b,google,organic,"2D Game Development Company",2840,en,,v3/serp/google/organic/live/advanced,20000,10,"2026-07-31 16:07:24","2026-07-31 16:07:39",00:00:15,0.0155
07311107-9434-0139-0000-7b1535a7b3a2,google,organic,"web development agency",2840,en,,v3/serp/google/organic/live/advanced,20000,10,"2026-07-31 16:07:02","2026-07-31 16:07:22",00:00:20,0.0155
07311106-9434-0139-0000-bc5e340510c9,google,organic,"web development company uk",2826,en,,v3/serp/google/organic/live/advanced,20000,10,"2026-07-31 16:06:53","2026-07-31 16:07:01",00:00:08,0.0155
07311106-9434-0139-0000-6096ab7d96ab,google,organic,"web development company",2826,en,,v3/serp/google/organic/live/advanced,20000,10,"2026-07-31 16:06:32","2026-07-31 16:06:51",00:00:19,0.0155
07311106-9434-0139-0000-b5e8d0e65401,google,organic,"web development service",2826,en,,v3/serp/google/organic/live/advanced,20000,10,"2026-07-31 16:06:13","2026-07-31 16:06:30",00:00:17,0.0155
07311105-9434-0139-0000-d0ae63c996ec,google,organic,"website development company",2826,en,,v3/serp/google/organic/live/advanced,20000,10,"2026-07-31 16:05:53","2026-07-31 16:06:10",00:00:17,0.0155
07311105-9434-0139-0000-afcbd9e53039,google,organic,"web development company in uk",2826,en,,v3/serp/google/organic/live/advanced,20000,10,"2026-07-31 16:05:40","2026-07-31 16:05:51",00:00:11,0.0155
07311105-9434-0139-0000-8fe4089d69ab,google,organic,"mobile app development company in colorado",2840,en,,v3/serp/google/organic/live/advanced,20000,10,"2026-07-31 16:05:30","2026-07-31 16:05:38",00:00:08,0.0155
07311105-9434-0139-0000-ab538fd9a950,google,organic,"mobile application development denver",2404,en,,v3/serp/google/organic/live/advanced,20000,10,"2026-07-31 16:05:20","2026-07-31 16:05:29",00:00:09,0.0155
07311105-9434-0139-0000-b1469e8d438a,google,organic,"denver mobile app development services",2404,en,,v3/serp/google/organic/live/advanced,20000,9,"2026-07-31 16:05:05","2026-07-31 16:05:18",00:00:13,0.014
07311104-9434-0139-0000-81d64c960ad6,google,organic,"mobile app development denver",2404,en,,v3/serp/google/organic/live/advanced,20000,10,"2026-07-31 16:04:46","2026-07-31 16:05:03",00:00:17,0.0155
07311104-9434-0139-0000-4193fdced8df,google,organic,"mobile app development companies new york",2840,en,,v3/serp/google/organic/live/advanced,20000,10,"2026-07-31 16:04:26","2026-07-31 16:04:43",00:00:17,0.0155
07311104-9434-0139-0000-1b1cb2219546,google,organic,"iphone app developer cost",2840,en,,v3/serp/google/organic/live/advanced,20000,10,"2026-07-31 16:04:05","2026-07-31 16:04:24",00:00:19,0.0155
07311103-9434-0139-0000-276947c8b600,google,organic,"mobile app development company in nyc",2840,en,,v3/serp/google/organic/live/advanced,20000,10,"2026-07-31 16:03:43","2026-07-31 16:03:58",00:00:15,0.0155
07311103-9434-0139-0000-eff3738a1d7b,google,organic,"2d game development services",2840,en,,v3/serp/google/organic/live/advanced,20000,10,"2026-07-31 16:03:30","2026-07-31 16:03:40",00:00:10,0.0155
07311103-9434-0139-0000-e3726c45e728,google,organic,"new york mobile app development",2840,en,,v3/serp/google/organic/live/advanced,20000,10,"2026-07-31 16:03:01","2026-07-31 16:03:27",00:00:26,0.0155
07311102-9434-0139-0000-d9638f9b3d4c,google,organic,"mobile app development company in san francisco",2840,en,,v3/serp/google/organic/live/advanced,20000,10,"2026-07-31 16:02:40","2026-07-31 16:02:59",00:00:19,0.0155
07311102-9434-0139-0000-7270baf3417e,google,organic,"what is ai automation agency",2840,en,,v3/serp/google/organic/live/advanced,20000,10,"2026-07-31 16:02:20","2026-07-31 16:02:36",00:00:16,0.0155
07311102-9434-0139-0000-fb14fa7361f6,google,organic,"iphone app development new york",2840,en,,v3/serp/google/organic/live/advanced,20000,10,"2026-07-31 16:02:00","2026-07-31 16:02:18",00:00:18,0.0155
07311101-9434-0139-0000-cbe669221ab4,google,organic,"mobile app development uk",2840,en,,v3/serp/google/organic/live/advanced,20000,10,"2026-07-31 16:01:37","2026-07-31 16:01:58",00:00:21,0.0155
07311101-9434-0139-0000-d8a81eb52231,google,organic,"apps like super",2840,en,,v3/serp/google/organic/live/advanced,20000,9,"2026-07-31 16:01:19","2026-07-31 16:01:35",00:00:16,0.014
07311101-9434-0139-0000-20baa7641bf6,google,organic,"flutter app development company",2840,en,,v3/serp/google/organic/live/advanced,20000,10,"2026-07-31 16:01:05","2026-07-31 16:01:18",00:00:13,0.0155
07311100-9434-0139-0000-502706e26bc0,google,organic,"mobile app developers washington",2840,en,,v3/serp/google/organic/live/advanced,20000,10,"2026-07-31 16:00:41","2026-07-31 16:01:03",00:00:22,0.0155
07311100-9434-0139-0000-901ad754129a,google,organic,"mobile app developers new york",2840,en,,v3/serp/google/organic/live/advanced,20000,10,"2026-07-31 16:00:24","2026-07-31 16:00:39",00:00:15,0.0155
07311100-9434-0139-0000-2fb93c054085,google,organic,"digital marketing services company",2840,en,,v3/serp/google/organic/live/advanced,20000,10,"2026-07-31 16:00:03","2026-07-31 16:00:22",00:00:19,0.0155
07311059-9434-0139-0000-feddd33b8078,google,organic,"mobile app developer los angeles",2840,en,,v3/serp/google/organic/live/advanced,20000,10,"2026-07-31 15:59:51","2026-07-31 16:00:02",00:00:11,0.0155
07311059-9434-0139-0000-c5929093269b,google,organic,"offline games for iphone",2840,en,,v3/serp/google/organic/live/advanced,20000,9,"2026-07-31 15:59:32","2026-07-31 15:59:49",00:00:17,0.014
07311059-9434-0139-0000-71027223334b,google,organic,"platform development services",2840,en,,v3/serp/google/organic/live/advanced,20000,10,"2026-07-31 15:59:17","2026-07-31 15:59:30",00:00:13,0.0155
07311058-9434-0139-0000-9f085ca5e1fd,google,organic,"mobile app development companies in uk",2840,en,,v3/serp/google/organic/live/advanced,20000,10,"2026-07-31 15:58:57","2026-07-31 15:59:14",00:00:17,0.0155
07311058-9434-0139-0000-5da768c37299,google,organic,"mobile app development companies san francisco",2840,en,,v3/serp/google/organic/live/advanced,20000,10,"2026-07-31 15:58:42","2026-07-31 15:58:55",00:00:13,0.0155
07311058-9434-0139-0000-eac567f5fc00,google,organic,"chicago mobile app developers",2840,en,,v3/serp/google/organic/live/advanced,20000,10,"2026-07-31 15:58:24","2026-07-31 15:58:40",00:00:16,0.0155
07311058-9434-0139-0000-e38eceb3cbe5,google,organic,"custom mvp development",2840,en,,v3/serp/google/organic/live/advanced,20000,10,"2026-07-31 15:58:09","2026-07-31 15:58:22",00:00:13,0.0155
07311057-9434-0139-0000-6074aa58f905,google,organic,"website development service",2840,en,,v3/serp/google/organic/live/advanced,20000,10,"2026-07-31 15:57:54","2026-07-31 15:58:05",00:00:11,0.0155
07311057-9434-0139-0000-a00f1fadf802,google,organic,"digital marketing agency united states",2840,en,,v3/serp/google/organic/live/advanced,20000,10,"2026-07-31 15:57:33","2026-07-31 15:57:52",00:00:19,0.0155
07311057-9434-0139-0000-6b4283d958cf,google,organic,"ai mvp",2840,en,,v3/serp/google/organic/live/advanced,20000,10,"2026-07-31 15:57:13","2026-07-31 15:57:31",00:00:18,0.0155
07311057-9434-0139-0000-ccb1f0b09b6b,google,organic,"nyc app developers",2840,en,,v3/serp/google/organic/live/advanced,20000,10,"2026-07-31 15:57:05","2026-07-31 15:57:12",00:00:07,0.0155
07311056-9434-0139-0000-40fbf22ba23f,google,organic,"ecommerce website development services",2840,en,,v3/serp/google/organic/live/advanced,20000,10,"2026-07-31 15:56:48","2026-07-31 15:57:03",00:00:15,0.0155
07311056-9434-0139-0000-29406e2ab2e8,google,organic,"how much money does fortnite have",2840,en,,v3/serp/google/organic/live/advanced,20000,10,"2026-07-31 15:56:27","2026-07-31 15:56:46",00:00:19,0.0155
07311056-9434-0139-0000-f07a77017cf2,google,organic,"on demand app development services",2840,en,,v3/serp/google/organic/live/advanced,20000,10,"2026-07-31 15:56:15","2026-07-31 15:56:25",00:00:10,0.0155
07311056-9434-0139-0000-50c55fdeea75,google,organic,"on demand app development company",2840,en,,v3/serp/google/organic/live/advanced,20000,10,"2026-07-31 15:56:03","2026-07-31 15:56:13",00:00:10,0.0155
07311055-9434-0139-0000-608feb8ccd14,google,organic,"on demand app development",2840,en,,v3/serp/google/organic/live/advanced,20000,6,"2026-07-31 15:55:58","2026-07-31 15:56:02",00:00:04,0.0095
07311055-9434-0139-0000-d0fd69d79aea,google,organic,"mobile app development company in New York",2458,en,,v3/serp/google/organic/live/advanced,20000,9,"2026-07-31 15:55:43","2026-07-31 15:55:56",00:00:13,0.014
07311055-9434-0139-0000-4574b28be989,google,organic,"mobile app development company New York",2458,en,,v3/serp/google/organic/live/advanced,20000,9,"2026-07-31 15:55:23","2026-07-31 15:55:41",00:00:18,0.014
07311055-9434-0139-0000-4b431c8f3368,google,organic,"app development New York",2458,en,,v3/serp/google/organic/live/advanced,20000,9,"2026-07-31 15:55:14","2026-07-31 15:55:22",00:00:08,0.014
07311054-9434-0139-0000-174404664077,google,organic,"mobile app developers New York",2458,en,,v3/serp/google/organic/live/advanced,20000,10,"2026-07-31 15:54:55","2026-07-31 15:55:12",00:00:17,0.0155
07311054-9434-0139-0000-4d0fc0005afe,google,organic,"app development NYC",2458,en,,v3/serp/google/organic/live/advanced,20000,10,"2026-07-31 15:54:41","2026-07-31 15:54:53",00:00:12,0.0155
07311054-9434-0139-0000-2bd8aba2fe7b,google,organic,"New York app developers",2458,en,,v3/serp/google/organic/live/advanced,20000,9,"2026-07-31 15:54:31","2026-07-31 15:54:40",00:00:09,0.014
07311054-9434-0139-0000-0acc78546bfa,google,organic,"app developers New York",2458,en,,v3/serp/google/organic/live/advanced,20000,8,"2026-07-31 15:54:18","2026-07-31 15:54:29",00:00:11,0.0125
07311054-9434-0139-0000-aa090fac3f19,google,organic,"mobile app development NYC",2458,en,,v3/serp/google/organic/live/advanced,20000,10,"2026-07-31 15:54:04","2026-07-31 15:54:16",00:00:12,0.0155
07311053-9434-0139-0000-c71e695f7c2c,google,organic,"app developers chicago",2840,en,,v3/serp/google/organic/live/advanced,20000,10,"2026-07-31 15:53:54","2026-07-31 15:54:03",00:00:09,0.0155
07311053-9434-0139-0000-6c839331af57,google,organic,"chicago app development company",2840,en,,v3/serp/google/organic/live/advanced,20000,10,"2026-07-31 15:53:38","2026-07-31 15:53:52",00:00:14,0.0155
07311053-9434-0139-0000-da7449091e06,google,organic,"app development denver",2840,en,,v3/serp/google/organic/live/advanced,20000,10,"2026-07-31 15:53:26","2026-07-31 15:53:36",00:00:10,0.0155
07311053-9434-0139-0000-6efa64af13e5,google,organic,"mobile app development nyc",2840,en,,v3/serp/google/organic/live/advanced,20000,10,"2026-07-31 15:53:12","2026-07-31 15:53:24",00:00:12,0.0155
07311052-9434-0139-0000-c9fa82ac7f97,google,organic,"mobile app development company in chicago",2840,en,,v3/serp/google/organic/live/advanced,20000,10,"2026-07-31 15:52:56","2026-07-31 15:53:10",00:00:14,0.0155
07311052-9434-0139-0000-53e92fd48e99,google,organic,"los angeles app development",2840,en,,v3/serp/google/organic/live/advanced,20000,10,"2026-07-31 15:52:36","2026-07-31 15:52:54",00:00:18,0.0155
07311052-9434-0139-0000-0c2c8baa99e0,google,organic,"iphone app development cost",2840,en,,v3/serp/google/organic/live/advanced,20000,10,"2026-07-31 15:52:23","2026-07-31 15:52:33",00:00:10,0.0155
07311052-9434-0139-0000-65abf9ce67aa,google,organic,"payday loan apps iphone",2840,en,,v3/serp/google/organic/live/advanced,20000,10,"2026-07-31 15:52:12","2026-07-31 15:52:22",00:00:10,0.0155
07311051-9434-0139-0000-03e1d63126d7,google,organic,"houston app developers",2840,en,,v3/serp/google/organic/live/advanced,20000,10,"2026-07-31 15:51:49","2026-07-31 15:52:10",00:00:21,0.0155
07311051-9434-0139-0000-2f370ac95f6d,google,organic,"how much is fortnite net worth",2840,en,,v3/serp/google/organic/live/advanced,20000,10,"2026-07-31 15:51:29","2026-07-31 15:51:48",00:00:19,0.0155
07311051-9434-0139-0000-73e9ca2ec9ae,google,organic,"mobile application development uk",2840,en,,v3/serp/google/organic/live/advanced,20000,10,"2026-07-31 15:51:20","2026-07-31 15:51:28",00:00:08,0.0155
07311050-9434-0139-0000-296434e96a07,google,organic,"digital marketing agencies usa",2840,en,,v3/serp/google/organic/live/advanced,20000,10,"2026-07-31 15:50:59","2026-07-31 15:51:18",00:00:19,0.0155
07311050-9434-0139-0000-6684a036728f,google,organic,"chicago mobile app development",2840,en,,v3/serp/google/organic/live/advanced,20000,10,"2026-07-31 15:50:37","2026-07-31 15:50:57",00:00:20,0.0155
07311050-9434-0139-0000-f2dcbafd122e,google,organic,"how much money does fortnite make",2840,en,,v3/serp/google/organic/live/advanced,20000,10,"2026-07-31 15:50:20","2026-07-31 15:50:35",00:00:15,0.0155
07311050-9434-0139-0000-49532b53c323,google,organic,"healthcare mobile app development",2840,en,,v3/serp/google/organic/live/advanced,20000,10,"2026-07-31 15:50:11","2026-07-31 15:50:19",00:00:08,0.0155
07311049-9434-0139-0000-6ade29c5ef8e,google,organic,"mobile application development new york",2840,en,,v3/serp/google/organic/live/advanced,20000,10,"2026-07-31 15:49:55","2026-07-31 15:50:07",00:00:12,0.0155
07311049-9434-0139-0000-9e86017d39ce,google,organic,"app developers nyc",2840,en,,v3/serp/google/organic/live/advanced,20000,10,"2026-07-31 15:49:30","2026-07-31 15:49:53",00:00:23,0.0155
07311049-9434-0139-0000-cc5a67188edd,google,organic,"mobile app development company",2682,ar,,v3/serp/google/organic/live/advanced,20000,10,"2026-07-31 15:49:05","2026-07-31 15:49:28",00:00:23,0.0155
07311048-9434-0139-0000-3740cda8d2d6,google,organic,"moneylion competitors",2840,en,,v3/serp/google/organic/live/advanced,20000,10,"2026-07-31 15:48:52","2026-07-31 15:49:04",00:00:12,0.0155
07311048-9434-0139-0000-14d3a914dcd1,google,organic,"app development chicago",2840,en,,v3/serp/google/organic/live/advanced,20000,10,"2026-07-31 15:48:34","2026-07-31 15:48:50",00:00:16,0.0155
07311048-9434-0139-0000-617f2806e6f9,google,organic,"free currency converter app",2840,en,,v3/serp/google/organic/live/advanced,20000,10,"2026-07-31 15:48:26","2026-07-31 15:48:34",00:00:08,0.0155
07311048-9434-0139-0000-1db24e5f8585,google,organic,"sites like frontpay",2840,en,,v3/serp/google/organic/live/advanced,20000,9,"2026-07-31 15:48:18","2026-07-31 15:48:25",00:00:07,0.014
07311048-9434-0139-0000-5101666a1cac,google,organic,"fortnite annual revenue",2840,en,,v3/serp/google/organic/live/advanced,20000,9,"2026-07-31 15:48:05","2026-07-31 15:48:16",00:00:11,0.014
07311047-9434-0139-0000-bd2c1c77d7ca,google,organic,"apps like oneblinc",2840,en,,v3/serp/google/organic/live/advanced,20000,10,"2026-07-31 15:47:50","2026-07-31 15:48:03",00:00:13,0.0155
07311047-9434-0139-0000-94314c6fc9c5,google,organic,"uber like app development cost",2840,en,,v3/serp/google/organic/live/advanced,20000,9,"2026-07-31 15:47:39","2026-07-31 15:47:48",00:00:09,0.014
07311047-9434-0139-0000-5b36aef0b340,google,organic,"mobile app development company los angeles",2840,en,,v3/serp/google/organic/live/advanced,20000,10,"2026-07-31 15:47:19","2026-07-31 15:47:36",00:00:17,0.0155
07311047-9434-0139-0000-bde116a8bd0d,google,organic,"mobile app developer new york",2840,en,,v3/serp/google/organic/live/advanced,20000,10,"2026-07-31 15:47:03","2026-07-31 15:47:16",00:00:13,0.0155
07311046-9434-0139-0000-00548bdf790f,google,organic,"digital marketing service provider",2840,en,,v3/serp/google/organic/live/advanced,20000,10,"2026-07-31 15:46:46","2026-07-31 15:47:02",00:00:16,0.0155
07311046-9434-0139-0000-06813fb828b4,google,organic,"ai automation agency services",2840,en,,v3/serp/google/organic/live/advanced,20000,10,"2026-07-31 15:46:35","2026-07-31 15:46:44",00:00:09,0.0155
07311046-9434-0139-0000-c0963ead50fa,google,organic,"tekrevol careers",2840,en,,v3/serp/google/organic/live/advanced,20000,10,"2026-07-31 15:46:03","2026-07-31 15:46:21",00:00:18,0.0155
07311045-9434-0139-0000-365a82af8261,google,organic,"app development new york",2840,en,,v3/serp/google/organic/live/advanced,20000,10,"2026-07-31 15:45:47","2026-07-31 15:46:01",00:00:14,0.0155
07311045-9434-0139-0000-283ffa9c6382,google,organic,"music app developer",2840,en,,v3/serp/google/organic/live/advanced,20000,10,"2026-07-31 15:45:35","2026-07-31 15:45:45",00:00:10,0.0155
07311045-9434-0139-0000-bd9ecca4ce5a,google,organic,"moneylion alternative",2840,en,,v3/serp/google/organic/live/advanced,20000,10,"2026-07-31 15:45:14","2026-07-31 15:45:33",00:00:19,0.0155
07311044-9434-0139-0000-539e60fb7705,google,organic,"how much has fortnite made in total",2840,en,,v3/serp/google/organic/live/advanced,20000,10,"2026-07-31 15:44:56","2026-07-31 15:45:12",00:00:16,0.0155
07311044-9434-0139-0000-ddd2b4fc2ee5,google,organic,"mobile app development company",2826,en,,v3/serp/google/organic/live/advanced,20000,10,"2026-07-31 15:44:40","2026-07-31 15:44:54",00:00:14,0.0155
07311044-9434-0139-0000-71845276d4e6,google,organic,"app development company",2826,en,,v3/serp/google/organic/live/advanced,20000,10,"2026-07-31 15:44:20","2026-07-31 15:44:38",00:00:18,0.0155
07311044-9434-0139-0000-f9351b9f544a,google,organic,"mobile app development california",2840,en,,v3/serp/google/organic/live/advanced,20000,10,"2026-07-31 15:44:03","2026-07-31 15:44:17",00:00:14,0.0155
07311043-9434-0139-0000-2c9fa5983486,google,organic,"mobile app development chicago",2840,en,,v3/serp/google/organic/live/advanced,20000,10,"2026-07-31 15:43:40","2026-07-31 15:44:00",00:00:20,0.0155
07311043-9434-0139-0000-dd158c16e00f,google,organic,"most popular mobile games",2840,en,,v3/serp/google/organic/live/advanced,20000,10,"2026-07-31 15:43:18","2026-07-31 15:43:38",00:00:20,0.0155
07311042-9434-0139-0000-77c37e1f3394,google,organic,"mobile app development washington dc",2840,en,,v3/serp/google/organic/live/advanced,20000,10,"2026-07-31 15:42:59","2026-07-31 15:43:16",00:00:17,0.0155
07311042-9434-0139-0000-961517086edf,google,organic,"how much money is fortnite worth",2840,en,,v3/serp/google/organic/live/advanced,20000,10,"2026-07-31 15:42:51","2026-07-31 15:42:59",00:00:08,0.0155
07311042-9434-0139-0000-40a6a933bd8e,google,organic,"app developers manchester",2840,en,,v3/serp/google/organic/live/advanced,20000,8,"2026-07-31 15:42:30","2026-07-31 15:42:49",00:00:19,0.0125
07311042-9434-0139-0000-5444a617e943,google,organic,"mobile app development company in uk",2840,en,,v3/serp/google/organic/live/advanced,20000,10,"2026-07-31 15:42:20","2026-07-31 15:42:29",00:00:09,0.0155
07311042-9434-0139-0000-d7e06c00db1f,google,organic,"app development company in usa",2840,en,,v3/serp/google/organic/live/advanced,20000,10,"2026-07-31 15:42:03","2026-07-31 15:42:18",00:00:15,0.0155
07311041-9434-0139-0000-30b785edc582,google,organic,"mobile app development company in usa",2840,en,,v3/serp/google/organic/live/advanced,20000,10,"2026-07-31 15:41:54","2026-07-31 15:42:02",00:00:08,0.0155
07311041-9434-0139-0000-2216b2dd0c28,google,organic,"mobile app development company usa",2840,en,,v3/serp/google/organic/live/advanced,20000,10,"2026-07-31 15:41:45","2026-07-31 15:41:53",00:00:08,0.0155
07311041-9434-0139-0000-bb6de031c8ae,google,organic,"mobile application development agency",2840,en,,v3/serp/google/organic/live/advanced,20000,10,"2026-07-31 15:41:25","2026-07-31 15:41:43",00:00:18,0.0155
07311041-9434-0139-0000-cdc0606b88eb,google,organic,"mobile app development agency",2840,en,,v3/serp/google/organic/live/advanced,20000,10,"2026-07-31 15:41:13","2026-07-31 15:41:23",00:00:10,0.0155
07311040-9434-0139-0000-55d9538b7154,google,organic,"mobile apps development company",2840,en,,v3/serp/google/organic/live/advanced,20000,10,"2026-07-31 15:40:58","2026-07-31 15:41:11",00:00:13,0.0155
07311040-9434-0139-0000-22d5e2ea357f,google,organic,"apps development company",2840,en,,v3/serp/google/organic/live/advanced,20000,10,"2026-07-31 15:40:49","2026-07-31 15:40:56",00:00:07,0.0155
07311040-9434-0139-0000-cc3f4430e661,google,organic,"application development company",2840,en,,v3/serp/google/organic/live/advanced,20000,10,"2026-07-31 15:40:35","2026-07-31 15:40:46",00:00:11,0.0155
07311040-9434-0139-0000-156e5fce77d7,google,organic,"mobile application development company",2840,en,,v3/serp/google/organic/live/advanced,20000,10,"2026-07-31 15:40:05","2026-07-31 15:40:33",00:00:28,0.0155
07311039-9434-0139-0000-f441189c16a8,google,organic,"app development company",2840,en,,v3/serp/google/organic/live/advanced,20000,10,"2026-07-31 15:39:50","2026-07-31 15:40:03",00:00:13,0.0155
07311039-9434-0139-0000-21dc99b21790,google,organic,"mobile app development company",2840,en,,v3/serp/google/organic/live/advanced,20000,10,"2026-07-31 15:39:31","2026-07-31 15:39:48",00:00:17,0.0155
07311039-9434-0139-0000-d78c701c12d6,google,organic,"cloud application development services",2840,en,,v3/serp/google/organic/live/advanced,20000,10,"2026-07-31 15:39:16","2026-07-31 15:39:29",00:00:13,0.0155
07311039-9434-0139-0000-6a2bd3e9e574,google,organic,"ecommerce web design services",2840,en,,v3/serp/google/organic/live/advanced,20000,10,"2026-07-31 15:39:01","2026-07-31 15:39:15",00:00:14,0.0155
07311038-9434-0139-0000-ac1d2aca318e,google,organic,"music app developers",2840,en,,v3/serp/google/organic/live/advanced,20000,10,"2026-07-31 15:38:43","2026-07-31 15:38:59",00:00:16,0.0155
07311038-9434-0139-0000-3ba55572a72a,google,organic,"how many apps are created a day",2840,en,,v3/serp/google/organic/live/advanced,20000,10,"2026-07-31 15:38:22","2026-07-31 15:38:41",00:00:19,0.0155
07311038-9434-0139-0000-d03cb737fd92,google,organic,"app developers in chicago",2840,en,,v3/serp/google/organic/live/advanced,20000,10,"2026-07-31 15:38:00","2026-07-31 15:38:19",00:00:19,0.0155
07311037-9434-0139-0000-b41d5e40c6d9,google,organic,"how many apps are downloaded a day",2840,en,,v3/serp/google/organic/live/advanced,20000,10,"2026-07-31 15:37:34","2026-07-31 15:37:56",00:00:22,0.0155
07311037-9434-0139-0000-46f528da92a2,google,organic,"website development company",2840,en,,v3/serp/google/organic/live/advanced,20000,10,"2026-07-31 15:37:13","2026-07-31 15:37:30",00:00:17,0.0155
07311036-9434-0139-0000-bf0e2542bdc6,google,organic,"mobile app development companies in los angeles",2840,en,,v3/serp/google/organic/live/advanced,20000,10,"2026-07-31 15:36:51","2026-07-31 15:37:10",00:00:19,0.0155
07311036-9434-0139-0000-6bf251508116,google,organic,"web development company",2840,en,,v3/serp/google/organic/live/advanced,20000,10,"2026-07-31 15:36:39","2026-07-31 15:36:49",00:00:10,0.0155
07311036-9434-0139-0000-e23f4fcb2755,google,organic,"does earnin work with varo",2840,en,,v3/serp/google/organic/live/advanced,20000,7,"2026-07-31 15:36:22","2026-07-31 15:36:37",00:00:15,0.011
07311035-9434-0139-0000-eebf7dd62cf8,google,organic,"custom crm development company",2840,en,,v3/serp/google/organic/live/advanced,20000,10,"2026-07-31 15:35:55","2026-07-31 15:36:19",00:00:24,0.0155
07311035-9434-0139-0000-ce0b6c5ce978,google,organic,"how much money does fortnite make a day",2840,en,,v3/serp/google/organic/live/advanced,20000,10,"2026-07-31 15:35:42","2026-07-31 15:35:53",00:00:11,0.0155
07311035-9434-0139-0000-8deb31697be3,google,organic,tekrevol,2840,en,,v3/serp/google/organic/live/advanced,20000,10,"2026-07-31 15:35:26","2026-07-31 15:35:40",00:00:14,0.0155
07311035-9434-0139-0000-8e2d7433c2fe,google,organic,"mobile app development companies uk",2840,en,,v3/serp/google/organic/live/advanced,20000,9,"2026-07-31 15:35:05","2026-07-31 15:35:22",00:00:17,0.014
07311034-9434-0139-0000-46a03fa6a4bc,google,organic,"mobile app developers uk",2840,en,,v3/serp/google/organic/live/advanced,20000,10,"2026-07-31 15:34:46","2026-07-31 15:35:03",00:00:17,0.0155
07311034-9434-0139-0000-9e0d041c2b44,google,organic,"mobile app development company new york",2840,en,,v3/serp/google/organic/live/advanced,20000,10,"2026-07-31 15:34:16","2026-07-31 15:34:35",00:00:19,0.0155
07311033-9434-0139-0000-18a012d42910,google,organic,"online digital marketing agency",2840,en,,v3/serp/google/organic/live/advanced,20000,10,"2026-07-31 15:33:57","2026-07-31 15:34:13",00:00:16,0.0155
07311033-9434-0139-0000-56a5f3060002,google,organic,"web development service",2840,en,,v3/serp/google/organic/live/advanced,20000,10,"2026-07-31 15:33:44","2026-07-31 15:33:54",00:00:10,0.0155
07311033-9434-0139-0000-709c2e9f4314,google,organic,"custom web development services",2840,en,,v3/serp/google/organic/live/advanced,20000,10,"2026-07-31 15:33:28","2026-07-31 15:33:42",00:00:14,0.0155
07311033-9434-0139-0000-1bec6ffc3549,google,organic,"fortnite lifetime revenue",2840,en,,v3/serp/google/organic/live/advanced,20000,10,"2026-07-31 15:33:18","2026-07-31 15:33:26",00:00:08,0.0155
07311033-9434-0139-0000-53419fc7b2b8,google,organic,"software development examples",2840,en,,v3/serp/google/organic/live/advanced,20000,10,"2026-07-31 15:33:02","2026-07-31 15:33:15",00:00:13,0.0155
07311032-9434-0139-0000-cb43ec79c286,google,organic,"fortnite sales",2840,en,,v3/serp/google/organic/live/advanced,20000,10,"2026-07-31 15:32:36","2026-07-31 15:32:59",00:00:23,0.0155
07311032-9434-0139-0000-0d7fdca50af0,google,organic,"custom ios app development company",2840,en,,v3/serp/google/organic/live/advanced,20000,10,"2026-07-31 15:32:19","2026-07-31 15:32:34",00:00:15,0.0155
07311032-9434-0139-0000-1445b5e85271,google,organic,"ios mobile app development company",2840,en,,v3/serp/google/organic/live/advanced,20000,10,"2026-07-31 15:32:05","2026-07-31 15:32:17",00:00:12,0.0155
07311031-9434-0139-0000-833cec54d341,google,organic,"ios app development cost",2840,en,,v3/serp/google/organic/live/advanced,20000,10,"2026-07-31 15:31:52","2026-07-31 15:32:04",00:00:12,0.0155
07311031-9434-0139-0000-d02949c1b48f,google,organic,"how much money does fortnite make a second",2840,en,,v3/serp/google/organic/live/advanced,20000,10,"2026-07-31 15:31:43","2026-07-31 15:31:51",00:00:08,0.0155
07311031-9434-0139-0000-5b81ed059218,google,organic,"mobile app development company uk",2840,en,,v3/serp/google/organic/live/advanced,20000,10,"2026-07-31 15:31:30","2026-07-31 15:31:41",00:00:11,0.0155
07311031-9434-0139-0000-3714c915b529,google,organic,"iphone app development services",2840,en,,v3/serp/google/organic/live/advanced,20000,10,"2026-07-31 15:31:13","2026-07-31 15:31:28",00:00:15,0.0155
07311030-9434-0139-0000-7933a25b8cce,google,organic,"ios app development services",2840,en,,v3/serp/google/organic/live/advanced,20000,10,"2026-07-31 15:30:45","2026-07-31 15:31:11",00:00:26,0.0155
07311030-9434-0139-0000-e1bd311ab531,google,organic,"iphone app development company",2840,en,,v3/serp/google/organic/live/advanced,20000,10,"2026-07-31 15:30:35","2026-07-31 15:30:44",00:00:09,0.0155
07311030-9434-0139-0000-f611520365fe,google,organic,"ios app development company",2840,en,,v3/serp/google/organic/live/advanced,20000,10,"2026-07-31 15:30:25","2026-07-31 15:30:34",00:00:09,0.0155
07311030-9434-0139-0000-1d4d11c0fb22,google,organic,"ios application development company",2840,en,,v3/serp/google/organic/live/advanced,20000,10,"2026-07-31 15:30:06","2026-07-31 15:30:23",00:00:17,0.0155
07311029-9434-0139-0000-bb24fdd72ee3,google,organic,"mobile app company uk",2840,en,,v3/serp/google/organic/live/advanced,20000,9,"2026-07-31 15:29:46","2026-07-31 15:29:54",00:00:08,0.014
07311029-9434-0139-0000-9033aa2f5834,google,organic,"tekrevol houston",2840,en,,v3/serp/google/organic/live/advanced,20000,10,"2026-07-31 15:29:26","2026-07-31 15:29:42",00:00:16,0.0155
07311029-9434-0139-0000-ed9a661b71f3,google,organic,"mobile app development company in chicago",2392,en,,v3/serp/google/organic/live/advanced,20000,7,"2026-07-31 15:29:13","2026-07-31 15:29:24",00:00:11,0.011
07311028-9434-0139-0000-e7d21a512a8c,google,organic,"how much did gta 6 cost to make",2840,en,,v3/serp/google/organic/live/advanced,20000,10,"2026-07-31 15:28:57","2026-07-31 15:29:07",00:00:10,0.0155
07311028-9434-0139-0000-64fcbb106952,google,organic,"chicago app development company",2392,en,,v3/serp/google/organic/live/advanced,20000,7,"2026-07-31 15:28:40","2026-07-31 15:28:55",00:00:15,0.011
07311028-9434-0139-0000-b93374f0f011,google,organic,"how much money does fortnite make a year",2840,en,,v3/serp/google/organic/live/advanced,20000,10,"2026-07-31 15:28:13","2026-07-31 15:28:37",00:00:24,0.0155
07311028-9434-0139-0000-1901022db34a,google,organic,"chicago app developers",2392,en,,v3/serp/google/organic/live/advanced,20000,7,"2026-07-31 15:28:07","2026-07-31 15:28:12",00:00:05,0.011
07311028-9434-0139-0000-5038206f90ff,google,organic,"chicago app development",2392,en,,v3/serp/google/organic/live/advanced,20000,7,"2026-07-31 15:28:00","2026-07-31 15:28:06",00:00:06,0.011
07311027-9434-0139-0000-ef822dd52869,google,organic,"app developers chicago",2392,en,,v3/serp/google/organic/live/advanced,20000,7,"2026-07-31 15:27:53","2026-07-31 15:28:00",00:00:07,0.011
07311027-9434-0139-0000-dd9e173decc7,google,organic,"app development chicago",2392,en,,v3/serp/google/organic/live/advanced,20000,8,"2026-07-31 15:27:36","2026-07-31 15:27:50",00:00:14,0.0125
07311027-9434-0139-0000-71323272052e,google,organic,"mobile app development company chicago",2392,en,,v3/serp/google/organic/live/advanced,20000,7,"2026-07-31 15:27:17","2026-07-31 15:27:34",00:00:17,0.011
07311027-9434-0139-0000-ef27ff265f60,google,organic,"chicago mobile app development",2392,en,,v3/serp/google/organic/live/advanced,20000,7,"2026-07-31 15:27:05","2026-07-31 15:27:16",00:00:11,0.011
07311026-9434-0139-0000-b42bb757369d,google,organic,"mobile app development companies los angeles",2840,en,,v3/serp/google/organic/live/advanced,20000,10,"2026-07-31 15:26:51","2026-07-31 15:27:04",00:00:13,0.0155
07311026-9434-0139-0000-bb515a94bfed,google,organic,"reddit alternatives",2840,en,,v3/serp/google/organic/live/advanced,20000,10,"2026-07-31 15:26:23","2026-07-31 15:26:49",00:00:26,0.0155
07311026-9434-0139-0000-59e5ffb2e49f,google,organic,"development software examples",2840,en,,v3/serp/google/organic/live/advanced,20000,10,"2026-07-31 15:26:05","2026-07-31 15:26:22",00:00:17,0.0155
07311025-9434-0139-0000-5378399f5bbf,google,organic,"2d game development company",2840,en,,v3/serp/google/organic/live/advanced,20000,10,"2026-07-31 15:25:51","2026-07-31 15:26:03",00:00:12,0.0155
07311025-9434-0139-0000-31c818adb8f4,google,organic,"mobile game revenue by genre",2840,en,,v3/serp/google/organic/live/advanced,20000,10,"2026-07-31 15:25:39","2026-07-31 15:25:49",00:00:10,0.0155
07311025-9434-0139-0000-143217fd02a5,google,organic,"how much does fortnite make a day",2840,en,,v3/serp/google/organic/live/advanced,20000,10,"2026-07-31 15:25:28","2026-07-31 15:25:38",00:00:10,0.0155
07311025-9434-0139-0000-571d6c906eab,google,organic,"mobile app development companies in washington dc",2840,en,,v3/serp/google/organic/live/advanced,20000,10,"2026-07-31 15:25:08","2026-07-31 15:25:27",00:00:19,0.0155
07311024-9434-0139-0000-e824fa61b47f,google,organic,"how does klarna make money",2840,en,,v3/serp/google/organic/live/advanced,20000,10,"2026-07-31 15:24:54","2026-07-31 15:25:06",00:00:12,0.0155
07311024-9434-0139-0000-e9433cca15a1,google,organic,"how much has fortnite made",2840,en,,v3/serp/google/organic/live/advanced,20000,10,"2026-07-31 15:24:44","2026-07-31 15:24:53",00:00:09,0.0155
07311024-9434-0139-0000-0f545a52b60f,google,organic,"digital marketing in usa",2840,en,,v3/serp/google/organic/live/advanced,20000,10,"2026-07-31 15:24:35","2026-07-31 15:24:44",00:00:09,0.0155
07311024-9434-0139-0000-0e265079fb4d,google,organic,"reddit alternative",2840,en,,v3/serp/google/organic/live/advanced,20000,10,"2026-07-31 15:24:21","2026-07-31 15:24:33",00:00:12,0.0155
07311024-9434-0139-0000-9a227e4ac520,google,organic,"what is fortnite worth",2840,en,,v3/serp/google/organic/live/advanced,20000,10,"2026-07-31 15:24:08","2026-07-31 15:24:18",00:00:10,0.0155
07311023-9434-0139-0000-243f9cdb100b,google,organic,"mobile app development company in saudi arabia",2840,en,,v3/serp/google/organic/live/advanced,20000,10,"2026-07-31 15:23:59","2026-07-31 15:24:06",00:00:07,0.0155
07311023-9434-0139-0000-3202c56854d0,google,organic,"software development example",2840,en,,v3/serp/google/organic/live/advanced,20000,10,"2026-07-31 15:23:39","2026-07-31 15:23:57",00:00:18,0.0155
07311023-9434-0139-0000-e607dda21fd2,google,organic,"hard launch vs soft launch",2840,en,,v3/serp/google/organic/live/advanced,20000,10,"2026-07-31 15:23:23","2026-07-31 15:23:36",00:00:13,0.0155
07311023-9434-0139-0000-d707c23b7cb0,google,organic,"app development company chicago",2840,en,,v3/serp/google/organic/live/advanced,20000,10,"2026-07-31 15:23:10","2026-07-31 15:23:21",00:00:11,0.0155
07311022-9434-0139-0000-ec737416c97c,google,organic,"crm development service",2840,en,,v3/serp/google/organic/live/advanced,20000,10,"2026-07-31 15:22:50","2026-07-31 15:23:08",00:00:18,0.0155
07311022-9434-0139-0000-444850178944,google,organic,"professional web development services",2840,en,,v3/serp/google/organic/live/advanced,20000,10,"2026-07-31 15:22:38","2026-07-31 15:22:48",00:00:10,0.0155
07311022-9434-0139-0000-5f4ab2310767,google,organic,"app developers in dc",2840,en,,v3/serp/google/organic/live/advanced,20000,4,"2026-07-31 15:22:20","2026-07-31 15:22:36",00:00:16,0.0065
07311022-9434-0139-0000-33fd1f5609f4,google,organic,"gta 6 budget",2840,en,,v3/serp/google/organic/live/advanced,20000,10,"2026-07-31 15:22:05","2026-07-31 15:22:17",00:00:12,0.0155
07311021-9434-0139-0000-9dcd6e1e6b93,google,organic,"mobile app development company chicago",2840,en,,v3/serp/google/organic/live/advanced,20000,10,"2026-07-31 15:21:48","2026-07-31 15:22:04",00:00:16,0.0155
07311021-9434-0139-0000-bf98b5006148,google,organic,"e-commerce application development",2840,en,,v3/serp/google/organic/live/advanced,20000,10,"2026-07-31 15:21:34","2026-07-31 15:21:45",00:00:11,0.0155
07311021-9434-0139-0000-cb514839ad9d,google,organic,"ecommerce app developer",2840,en,,v3/serp/google/organic/live/advanced,20000,10,"2026-07-31 15:21:25","2026-07-31 15:21:33",00:00:08,0.0155
07311021-9434-0139-0000-9e77c3ba8271,google,organic,"ecommerce application development services",2840,en,,v3/serp/google/organic/live/advanced,20000,10,"2026-07-31 15:21:09","2026-07-31 15:21:23",00:00:14,0.0155
07311020-9434-0139-0000-6f53e2768416,google,organic,"e commerce mobile app development company",2840,en,,v3/serp/google/organic/live/advanced,20000,10,"2026-07-31 15:20:55","2026-07-31 15:21:06",00:00:11,0.0155
07311020-9434-0139-0000-04b314cf6547,google,organic,"ecommerce application development company",2840,en,,v3/serp/google/organic/live/advanced,20000,10,"2026-07-31 15:20:40","2026-07-31 15:20:53",00:00:13,0.0155
07311020-9434-0139-0000-8d4b9e2777b7,google,organic,"mobile ecommerce app development",2840,en,,v3/serp/google/organic/live/advanced,20000,10,"2026-07-31 15:20:29","2026-07-31 15:20:37",00:00:08,0.0155
07311020-9434-0139-0000-69c2a36069a8,google,organic,"ecommerce mobile app development",2840,en,,v3/serp/google/organic/live/advanced,20000,10,"2026-07-31 15:20:11","2026-07-31 15:20:25",00:00:14,0.0155
07311019-9434-0139-0000-ee68d79226cd,google,organic,"ecommerce application development",2840,en,,v3/serp/google/organic/live/advanced,20000,10,"2026-07-31 15:19:55","2026-07-31 15:20:08",00:00:13,0.0155
07311019-9434-0139-0000-f6e50aac52a2,google,organic,"ecommerce app development",2840,en,,v3/serp/google/organic/live/advanced,20000,10,"2026-07-31 15:19:38","2026-07-31 15:19:53",00:00:15,0.0155
07311019-9434-0139-0000-391b6f9e9287,google,organic,"custom android app development",2840,en,,v3/serp/google/organic/live/advanced,20000,10,"2026-07-31 15:19:18","2026-07-31 15:19:31",00:00:13,0.0155
07311019-9434-0139-0000-25a1d03851b8,google,organic,"android application development agency",2840,en,,v3/serp/google/organic/live/advanced,20000,10,"2026-07-31 15:19:04","2026-07-31 15:19:16",00:00:12,0.0155
07311018-9434-0139-0000-3a842f8da15c,google,organic,"custom android app development company",2840,en,,v3/serp/google/organic/live/advanced,20000,10,"2026-07-31 15:18:40","2026-07-31 15:19:02",00:00:22,0.0155
07311018-9434-0139-0000-b694b3d3276f,google,organic,"android mobile app development company",2840,en,,v3/serp/google/organic/live/advanced,20000,10,"2026-07-31 15:18:29","2026-07-31 15:18:38",00:00:09,0.0155
07311018-9434-0139-0000-9ddf93e6c7b6,google,organic,"android app development agency",2840,en,,v3/serp/google/organic/live/advanced,20000,10,"2026-07-31 15:18:10","2026-07-31 15:18:26",00:00:16,0.0155
07311017-9434-0139-0000-eca95ecbae7e,google,organic,"android application development services",2840,en,,v3/serp/google/organic/live/advanced,20000,10,"2026-07-31 15:17:48","2026-07-31 15:18:07",00:00:19,0.0155
07311017-9434-0139-0000-78aec8ce91d6,google,organic,"android application development company",2840,en,,v3/serp/google/organic/live/advanced,20000,10,"2026-07-31 15:17:35","2026-07-31 15:17:46",00:00:11,0.0155
07311017-9434-0139-0000-62a8e638e998,google,organic,"android development services",2840,en,,v3/serp/google/organic/live/advanced,20000,10,"2026-07-31 15:17:16","2026-07-31 15:17:33",00:00:17,0.0155
07311017-9434-0139-0000-d170a42aee18,google,organic,"android app development services",2840,en,,v3/serp/google/organic/live/advanced,20000,10,"2026-07-31 15:17:01","2026-07-31 15:17:15",00:00:14,0.0155
07311016-9434-0139-0000-d8e1f0c06e32,google,organic,"android apps development services",2840,en,,v3/serp/google/organic/live/advanced,20000,10,"2026-07-31 15:16:44","2026-07-31 15:16:58",00:00:14,0.0155
07311016-9434-0139-0000-e3394f34a2a4,google,organic,"android app development company",2840,en,,v3/serp/google/organic/live/advanced,20000,10,"2026-07-31 15:16:28","2026-07-31 15:16:43",00:00:15,0.0155
07311016-9434-0139-0000-97465635c777,google,organic,"mobile game app developer",2840,en,,v3/serp/google/organic/live/advanced,20000,10,"2026-07-31 15:16:19","2026-07-31 15:16:27",00:00:08,0.0155
07311016-9434-0139-0000-71f172efb84d,google,organic,"mobile game development agency",2840,en,,v3/serp/google/organic/live/advanced,20000,10,"2026-07-31 15:16:05","2026-07-31 15:16:16",00:00:11,0.0155
07311015-9434-0139-0000-bc178bf2e107,google,organic,"mobile game app development company",2840,en,,v3/serp/google/organic/live/advanced,20000,10,"2026-07-31 15:15:47","2026-07-31 15:16:03",00:00:16,0.0155
07311015-9434-0139-0000-bb3ddb4b88a9,google,organic,"mobile game developer",2840,en,,v3/serp/google/organic/live/advanced,20000,10,"2026-07-31 15:15:34","2026-07-31 15:15:44",00:00:10,0.0155
07311015-9434-0139-0000-7ba0dde86fdf,google,organic,"mobile game development services",2840,en,,v3/serp/google/organic/live/advanced,20000,10,"2026-07-31 15:15:16","2026-07-31 15:15:31",00:00:15,0.0155
07311015-9434-0139-0000-aa726b6e88ec,google,organic,"game app developers",2840,en,,v3/serp/google/organic/live/advanced,20000,10,"2026-07-31 15:15:04","2026-07-31 15:15:13",00:00:09,0.0155
07311014-9434-0139-0000-667c0a4a2300,google,organic,"Game Development Services",2840,en,,v3/serp/google/organic/live/advanced,20000,10,"2026-07-31 15:14:50","2026-07-31 15:15:02",00:00:12,0.0155
07311014-9434-0139-0000-8440bc2d1360,google,organic,"mobile game development companies",2840,en,,v3/serp/google/organic/live/advanced,20000,10,"2026-07-31 15:14:36","2026-07-31 15:14:48",00:00:12,0.0155
07311014-9434-0139-0000-e080c3309435,google,organic,"game app development company",2840,en,,v3/serp/google/organic/live/advanced,20000,10,"2026-07-31 15:14:24","2026-07-31 15:14:34",00:00:10,0.0155
07311014-9434-0139-0000-5855add53dbd,google,organic,"mobile game development company",2840,en,,v3/serp/google/organic/live/advanced,20000,10,"2026-07-31 15:14:05","2026-07-31 15:14:22",00:00:17,0.0155
07311013-9434-0139-0000-bf2d1e812526,google,organic,"mobile health app developers",2840,en,,v3/serp/google/organic/live/advanced,20000,10,"2026-07-31 15:13:50","2026-07-31 15:14:03",00:00:13,0.0155
07311013-9434-0139-0000-df0e95f66489,google,organic,"medical app developers",2840,en,,v3/serp/google/organic/live/advanced,20000,10,"2026-07-31 15:13:41","2026-07-31 15:13:49",00:00:08,0.0155
07311013-9434-0139-0000-e4636ddf053f,google,organic,"healthcare mobile application development",2840,en,,v3/serp/google/organic/live/advanced,20000,10,"2026-07-31 15:13:28","2026-07-31 15:13:38",00:00:10,0.0155
07311013-9434-0139-0000-287e4f182a1e,google,organic,"medical app development",2840,en,,v3/serp/google/organic/live/advanced,20000,10,"2026-07-31 15:13:19","2026-07-31 15:13:27",00:00:08,0.0155
07311012-9434-0139-0000-b90d86686d7a,google,organic,"healthcare app development",2840,en,,v3/serp/google/organic/live/advanced,20000,10,"2026-07-31 15:12:59","2026-07-31 15:13:17",00:00:18,0.0155
07311012-9434-0139-0000-aeab6089b7b0,google,organic,"healthcare application development",2840,en,,v3/serp/google/organic/live/advanced,20000,10,"2026-07-31 15:12:48","2026-07-31 15:12:57",00:00:09,0.0155
07311012-9434-0139-0000-f6b007273131,google,organic,"medical app development companies",2840,en,,v3/serp/google/organic/live/advanced,20000,10,"2026-07-31 15:12:24","2026-07-31 15:12:46",00:00:22,0.0155
07311012-9434-0139-0000-2e5f8e8b2008,google,organic,"healthcare mobile app development companies",2840,en,,v3/serp/google/organic/live/advanced,20000,10,"2026-07-31 15:12:05","2026-07-31 15:12:22",00:00:17,0.0155
07311011-9434-0139-0000-5acb4239cf2b,google,organic,"healthcare app developers",2840,en,,v3/serp/google/organic/live/advanced,20000,10,"2026-07-31 15:11:48","2026-07-31 15:12:05",00:00:17,0.0155
07311011-9434-0139-0000-0d2be1b38396,google,organic,"healthcare application development services",2840,en,,v3/serp/google/organic/live/advanced,20000,10,"2026-07-31 15:11:34","2026-07-31 15:11:46",00:00:12,0.0155
07311011-9434-0139-0000-f991d1d07ea7,google,organic,"healthcare app development services",2840,en,,v3/serp/google/organic/live/advanced,20000,10,"2026-07-31 15:11:22","2026-07-31 15:11:32",00:00:10,0.0155
07311011-9434-0139-0000-b4a2115fb4ac,google,organic,"healthcare mobile app development company",2840,en,,v3/serp/google/organic/live/advanced,20000,10,"2026-07-31 15:11:08","2026-07-31 15:11:19",00:00:11,0.0155
07311010-9434-0139-0000-bd36fcb5ebde,google,organic,"app development houston",2500,en,,v3/serp/google/organic/live/advanced,20000,8,"2026-07-31 15:10:42","2026-07-31 15:11:00",00:00:18,0.0125
07311010-9434-0139-0000-2890eb35a8b3,google,organic,"mobile app development company houston",2500,en,,v3/serp/google/organic/live/advanced,20000,8,"2026-07-31 15:10:30","2026-07-31 15:10:40",00:00:10,0.0125
07311010-9434-0139-0000-43f07803e9dc,google,organic,"houston mobile app development",2500,en,,v3/serp/google/organic/live/advanced,20000,8,"2026-07-31 15:10:18","2026-07-31 15:10:28",00:00:10,0.0125
07311010-9434-0139-0000-cac3e1897936,google,organic,"mobile app development houston",2500,en,,v3/serp/google/organic/live/advanced,20000,7,"2026-07-31 15:10:04","2026-07-31 15:10:15",00:00:11,0.011
07311009-9434-0139-0000-7914f0caa2e4,google,organic,"android app development houston",2500,en,,v3/serp/google/organic/live/advanced,20000,7,"2026-07-31 15:09:52","2026-07-31 15:10:03",00:00:11,0.011
07311009-9434-0139-0000-96f00d839e4d,google,organic,"app developer houston",2500,en,,v3/serp/google/organic/live/advanced,20000,8,"2026-07-31 15:09:40","2026-07-31 15:09:50",00:00:10,0.0125
07311009-9434-0139-0000-3b8ccf637caa,google,organic,"mobile app developer houston",2500,en,,v3/serp/google/organic/live/advanced,20000,8,"2026-07-31 15:09:17","2026-07-31 15:09:39",00:00:22,0.0125
07311009-9434-0139-0000-e9266fbed8fc,google,organic,"mobile apps development houston",2500,en,,v3/serp/google/organic/live/advanced,20000,9,"2026-07-31 15:09:08","2026-07-31 15:09:16",00:00:08,0.014
07311009-9434-0139-0000-bc00a03683dc,google,organic,"mobile app developers houston",2500,en,,v3/serp/google/organic/live/advanced,20000,8,"2026-07-31 15:09:00","2026-07-31 15:09:07",00:00:07,0.0125
07311008-9434-0139-0000-7c0e7ad5fc24,google,organic,"houston app developers",2500,en,,v3/serp/google/organic/live/advanced,20000,8,"2026-07-31 15:08:38","2026-07-31 15:08:58",00:00:20,0.0125
07311008-9434-0139-0000-d7b9cafbae51,google,organic,"music app development company",2840,en,,v3/serp/google/organic/live/advanced,20000,10,"2026-07-31 15:08:16","2026-07-31 15:08:35",00:00:19,0.0155
07311007-9434-0139-0000-8829bcfe9fe1,google,organic,"mobile app development company san francisco",2840,en,,v3/serp/google/organic/live/advanced,20000,10,"2026-07-31 15:07:58","2026-07-31 15:08:14",00:00:16,0.0155
07311007-9434-0139-0000-13569c35a33d,google,organic,"musi alternative",2840,en,,v3/serp/google/organic/live/advanced,20000,6,"2026-07-31 15:07:46","2026-07-31 15:07:56",00:00:10,0.0095
07311007-9434-0139-0000-5854bb8d71ae,google,organic,"custom website development services",2840,en,,v3/serp/google/organic/live/advanced,20000,10,"2026-07-31 15:07:33","2026-07-31 15:07:41",00:00:08,0.0155
07311007-9434-0139-0000-8afd8e3d0a6a,google,organic,"fortnite revenue",2840,en,,v3/serp/google/organic/live/advanced,20000,10,"2026-07-31 15:07:18","2026-07-31 15:07:31",00:00:13,0.0155
07311006-9434-0139-0000-c7d1a165575d,google,organic,"digital marketing companies usa",2840,en,,v3/serp/google/organic/live/advanced,20000,10,"2026-07-31 15:06:57","2026-07-31 15:07:16",00:00:19,0.0155
07311006-9434-0139-0000-972d26ec5bec,google,organic,"mobile app development companies in san francisco",2840,en,,v3/serp/google/organic/live/advanced,20000,10,"2026-07-31 15:06:45","2026-07-31 15:06:54",00:00:09,0.0155
07311006-9434-0139-0000-7cc2cf9ee657,google,organic,"healthcare app development company",2840,en,,v3/serp/google/organic/live/advanced,20000,10,"2026-07-31 15:06:30","2026-07-31 15:06:42",00:00:12,0.0155
07311006-9434-0139-0000-00d684e1d9a1,google,organic,"how much is fortnite worth",2840,en,,v3/serp/google/organic/live/advanced,20000,10,"2026-07-31 15:06:13","2026-07-31 15:06:28",00:00:15,0.0155
07311005-9434-0139-0000-df824c6cb0a7,google,organic,"apps like tiktok",2840,en,,v3/serp/google/organic/live/advanced,20000,10,"2026-07-31 15:05:53","2026-07-31 15:06:10",00:00:17,0.0155
07311005-9434-0139-0000-222f96642b69,google,organic,"app developer miami",2840,en,,v3/serp/google/organic/live/advanced,20000,10,"2026-07-31 15:05:37","2026-07-31 15:05:51",00:00:14,0.0155
07311005-9434-0139-0000-7589c39ac0de,google,organic,"app developers near me",2840,en,,v3/serp/google/organic/live/advanced,20000,10,"2026-07-31 15:05:25","2026-07-31 15:05:35",00:00:10,0.0155
07311005-9434-0139-0000-7257d2143938,google,organic,"how much does fortnite make a year",2840,en,,v3/serp/google/organic/live/advanced,20000,10,"2026-07-31 15:05:07","2026-07-31 15:05:22",00:00:15,0.0155
07311004-9434-0139-0000-0110afcf96ba,google,organic,"digital marketing agency usa",2840,en,,v3/serp/google/organic/live/advanced,20000,10,"2026-07-31 15:04:57","2026-07-31 15:05:06",00:00:09,0.0155
07311004-9434-0139-0000-ea02a8be5671,google,organic,"fortnite net worth",2840,en,,v3/serp/google/organic/live/advanced,20000,8,"2026-07-31 15:04:40","2026-07-31 15:04:55",00:00:15,0.0125
07311004-9434-0139-0000-0241aa93575e,google,organic,"crm development services",2840,en,,v3/serp/google/organic/live/advanced,20000,10,"2026-07-31 15:04:31","2026-07-31 15:04:39",00:00:08,0.0155
07311004-9434-0139-0000-ca145bca23d8,google,organic,"ecommerce web development services",2840,en,,v3/serp/google/organic/live/advanced,20000,10,"2026-07-31 15:04:16","2026-07-31 15:04:29",00:00:13,0.0155
07311003-9434-0139-0000-eef92fec6e8b,google,organic,"web development services",2840,en,,v3/serp/google/organic/live/advanced,20000,10,"2026-07-31 15:03:49","2026-07-31 15:04:11",00:00:22,0.0155
07311003-9434-0139-0000-1925dedb78cc,google,organic,"ai automation companies",2840,en,,v3/serp/google/organic/live/advanced,20000,10,"2026-07-31 15:03:26","2026-07-31 15:03:46",00:00:20,0.0155
07311003-9434-0139-0000-9492896dc86d,google,organic,"what is new in gaming technology jogametech",2840,en,,v3/serp/google/organic/live/advanced,20000,10,"2026-07-31 15:03:07","2026-07-31 15:03:23",00:00:16,0.0155
07311002-9434-0139-0000-abbdddb4806b,google,organic,"ai automation agency",2840,en,,v3/serp/google/organic/live/advanced,20000,10,"2026-07-31 15:02:49","2026-07-31 15:03:05",00:00:16,0.0155
07311002-9434-0139-0000-666b639428a1,google,organic,"gta 6 cost to make",2840,en,,v3/serp/google/organic/live/advanced,20000,10,"2026-07-31 15:02:37","2026-07-31 15:02:47",00:00:10,0.0155
07311002-9434-0139-0000-e8641ca383e3,google,organic,"mobile app development company denver",2404,en,,v3/serp/google/organic/live/advanced,20000,10,"2026-07-31 15:02:24","2026-07-31 15:02:35",00:00:11,0.0155
07311002-9434-0139-0000-2f40719167b0,google,organic,"app developer denver",2404,en,,v3/serp/google/organic/live/advanced,20000,10,"2026-07-31 15:02:15","2026-07-31 15:02:23",00:00:08,0.0155
07311002-9434-0139-0000-a79761b51fab,google,organic,"digital marketing services usa",2840,en,,v3/serp/google/organic/live/advanced,20000,10,"2026-07-31 15:02:02","2026-07-31 15:02:12",00:00:10,0.0155
07311001-9434-0139-0000-7155ab825326,google,organic,"digital marketing firms in usa",2840,en,,v3/serp/google/organic/live/advanced,20000,10,"2026-07-31 15:01:48","2026-07-31 15:02:00",00:00:12,0.0155
07311001-9434-0139-0000-28807aa67ad8,google,organic,"digital marketing company",2840,en,,v3/serp/google/organic/live/advanced,20000,10,"2026-07-31 15:01:23","2026-07-31 15:01:46",00:00:23,0.0155
07311001-9434-0139-0000-e91e952e7ccf,google,organic,"digital marketing services",2840,en,,v3/serp/google/organic/live/advanced,20000,10,"2026-07-31 15:01:10","2026-07-31 15:01:21",00:00:11,0.0155
07311000-9434-0139-0000-26d74723f509,google,organic,"digital marketing agency",2840,en,,v3/serp/google/organic/live/advanced,20000,10,"2026-07-31 15:00:46","2026-07-31 15:01:08",00:00:22,0.0155
07311000-9434-0139-0000-111fbf1c26f3,google,organic,"3d game developers",2840,en,,v3/serp/google/organic/live/advanced,20000,10,"2026-07-31 15:00:27","2026-07-31 15:00:45",00:00:18,0.0155
07311000-9434-0139-0000-8169a0633db2,google,organic,"3d game development company",2840,en,,v3/serp/google/organic/live/advanced,20000,10,"2026-07-31 15:00:17","2026-07-31 15:00:26",00:00:09,0.0155
07311000-9434-0139-0000-465aadae59c1,google,organic,"3d game development services",2840,en,,v3/serp/google/organic/live/advanced,20000,10,"2026-07-31 15:00:03","2026-07-31 15:00:13",00:00:10,0.0155
07310959-9434-0139-0000-cc46cad414a6,google,organic,"3d game development",2840,en,,v3/serp/google/organic/live/advanced,20000,9,"2026-07-31 14:59:43","2026-07-31 15:00:01",00:00:18,0.014
07310959-9434-0139-0000-98bb87cecef3,google,organic,"ai app development company",2840,en,,v3/serp/google/organic/live/advanced,20000,10,"2026-07-31 14:59:29","2026-07-31 14:59:40",00:00:11,0.0155
07310959-9434-0139-0000-e7a504dee4f7,google,organic,"ai software development services",2840,en,,v3/serp/google/organic/live/advanced,20000,10,"2026-07-31 14:59:14","2026-07-31 14:59:27",00:00:13,0.0155
07310958-9434-0139-0000-f598cb82ec91,google,organic,"ai application development services",2840,en,,v3/serp/google/organic/live/advanced,20000,10,"2026-07-31 14:58:59","2026-07-31 14:59:10",00:00:11,0.0155
07310958-9434-0139-0000-d28113437f6c,google,organic,"artificial intelligence development services",2840,en,,v3/serp/google/organic/live/advanced,20000,10,"2026-07-31 14:58:44","2026-07-31 14:58:56",00:00:12,0.0155
07310958-9434-0139-0000-0dc06b4606f2,google,organic,"artificial intelligence development company",2840,en,,v3/serp/google/organic/live/advanced,20000,10,"2026-07-31 14:58:34","2026-07-31 14:58:43",00:00:09,0.0155
07310958-9434-0139-0000-f2939b4c5c8e,google,organic,"ai development company",2840,en,,v3/serp/google/organic/live/advanced,20000,10,"2026-07-31 14:58:26","2026-07-31 14:58:33",00:00:07,0.0155
07310958-9434-0139-0000-d888b31d6649,google,organic,"ai development services",2840,en,,v3/serp/google/organic/live/advanced,20000,10,"2026-07-31 14:58:07","2026-07-31 14:58:23",00:00:16,0.0155
07310957-9434-0139-0000-9d9c31e169dd,google,organic,"flutter app development agency",2840,en,,v3/serp/google/organic/live/advanced,20000,10,"2026-07-31 14:57:26","2026-07-31 14:57:36",00:00:10,0.0155
07310957-9434-0139-0000-cf56dcf59780,google,organic,"flutter application development services",2840,en,,v3/serp/google/organic/live/advanced,20000,10,"2026-07-31 14:57:09","2026-07-31 14:57:24",00:00:15,0.0155
07310956-9434-0139-0000-12432fad66a2,google,organic,"flutter mobile application development company",2840,en,,v3/serp/google/organic/live/advanced,20000,10,"2026-07-31 14:56:51","2026-07-31 14:57:07",00:00:16,0.0155
07310956-9434-0139-0000-f97038361464,google,organic,"flutter app development company in usa",2840,en,,v3/serp/google/organic/live/advanced,20000,10,"2026-07-31 14:56:33","2026-07-31 14:56:49",00:00:16,0.0155
07310956-9434-0139-0000-785fca65dd0d,google,organic,"custom software development solutions",2840,en,,v3/serp/google/organic/live/advanced,20000,10,"2026-07-31 14:56:17","2026-07-31 14:56:29",00:00:12,0.0155
07310956-9434-0139-0000-4c528a1280cd,google,organic,"custom software development firm",2840,en,,v3/serp/google/organic/live/advanced,20000,10,"2026-07-31 14:56:02","2026-07-31 14:56:14",00:00:12,0.0155
07310955-9434-0139-0000-e4192451a986,google,organic,"custom software development",2840,en,,v3/serp/google/organic/live/advanced,20000,10,"2026-07-31 14:55:39","2026-07-31 14:55:59",00:00:20,0.0155
07310955-9434-0139-0000-39fdf80ba57a,google,organic,"custom software development company",2840,en,,v3/serp/google/organic/live/advanced,20000,10,"2026-07-31 14:55:30","2026-07-31 14:55:37",00:00:07,0.0155
07310955-9434-0139-0000-ccf4dcb441a8,google,organic,"cloud app development services",2840,en,,v3/serp/google/organic/live/advanced,20000,10,"2026-07-31 14:55:18","2026-07-31 14:55:27",00:00:09,0.0155
07310954-9434-0139-0000-0e07c3c0289f,google,organic,"cloud app development",2840,en,,v3/serp/google/organic/live/advanced,20000,10,"2026-07-31 14:54:57","2026-07-31 14:55:16",00:00:19,0.0155
07310954-9434-0139-0000-188ff64c3426,google,organic,"cloud application services",2840,en,,v3/serp/google/organic/live/advanced,20000,10,"2026-07-31 14:54:40","2026-07-31 14:54:55",00:00:15,0.0155
07310954-9434-0139-0000-5791f54a5001,google,organic,"cloud application development company",2840,en,,v3/serp/google/organic/live/advanced,20000,10,"2026-07-31 14:54:26","2026-07-31 14:54:37",00:00:11,0.0155
07310954-9434-0139-0000-df963243688e,google,organic,"it staff augmentation company",2840,en,,v3/serp/google/organic/live/advanced,20000,10,"2026-07-31 14:54:11","2026-07-31 14:54:24",00:00:13,0.0155
07310953-9434-0139-0000-8900628fdffe,google,organic,"it staff augmentation",2840,en,,v3/serp/google/organic/live/advanced,20000,10,"2026-07-31 14:53:50","2026-07-31 14:54:08",00:00:18,0.0155
07310953-9434-0139-0000-f1b0e42d3577,google,organic,"staff augmentation company",2840,en,,v3/serp/google/organic/live/advanced,20000,10,"2026-07-31 14:53:37","2026-07-31 14:53:47",00:00:10,0.0155
07310953-9434-0139-0000-08ad007394d6,google,organic,"it staff augmentation services",2840,en,,v3/serp/google/organic/live/advanced,20000,10,"2026-07-31 14:53:10","2026-07-31 14:53:35",00:00:25,0.0155
07310952-9434-0139-0000-d9eac0b39bd3,google,organic,"staff augmentation services",2840,en,,v3/serp/google/organic/live/advanced,20000,10,"2026-07-31 14:52:54","2026-07-31 14:53:07",00:00:13,0.0155
07310952-9434-0139-0000-b5e8b920f2d3,google,organic,"custom crm development services",2840,en,,v3/serp/google/organic/live/advanced,20000,10,"2026-07-31 14:52:45","2026-07-31 14:52:53",00:00:08,0.0155
07310952-9434-0139-0000-f802e8cd8103,google,organic,"crm development company",2840,en,,v3/serp/google/organic/live/advanced,20000,10,"2026-07-31 14:52:18","2026-07-31 14:52:42",00:00:24,0.0155
07310952-9434-0139-0000-1b7e7d1bacfc,google,organic,"custom crm development",2840,en,,v3/serp/google/organic/live/advanced,20000,10,"2026-07-31 14:52:05","2026-07-31 14:52:16",00:00:11,0.0155
07310951-9434-0139-0000-0c1449b5e98c,google,organic,"crm software development",2840,en,,v3/serp/google/organic/live/advanced,20000,10,"2026-07-31 14:51:52","2026-07-31 14:52:02",00:00:10,0.0155
07310951-9434-0139-0000-16769dbbe28b,google,organic,"crm software development company",2840,en,,v3/serp/google/organic/live/advanced,20000,10,"2026-07-31 14:51:43","2026-07-31 14:51:52",00:00:09,0.0155
07310951-9434-0139-0000-9bfc573767c6,google,organic,"on demand service app development",2840,en,,v3/serp/google/organic/live/advanced,20000,10,"2026-07-31 14:51:14","2026-07-31 14:51:41",00:00:27,0.0155
07310951-9434-0139-0000-10c4654e1ee6,google,organic,"on demand mobile app development",2840,en,,v3/serp/google/organic/live/advanced,20000,10,"2026-07-31 14:51:04","2026-07-31 14:51:13",00:00:09,0.0155
07310950-9434-0139-0000-9a385f866d82,google,organic,"android app development New York",2458,en,,v3/serp/google/organic/live/advanced,20000,10,"2026-07-31 14:50:43","2026-07-31 14:51:02",00:00:19,0.0155
07310950-9434-0139-0000-4239e93bd5e8,google,organic,"mobile app developers NYC",2458,en,,v3/serp/google/organic/live/advanced,20000,10,"2026-07-31 14:50:28","2026-07-31 14:50:40",00:00:12,0.0155
07310950-9434-0139-0000-ae05801c5187,google,organic,"mobile app developer New York",2458,en,,v3/serp/google/organic/live/advanced,20000,10,"2026-07-31 14:50:08","2026-07-31 14:50:25",00:00:17,0.0155
07310949-9434-0139-0000-e11f88ae4269,google,organic,"app developers NYC",2458,en,,v3/serp/google/organic/live/advanced,20000,9,"2026-07-31 14:49:44","2026-07-31 14:50:01",00:00:17,0.014
07310949-9434-0139-0000-8432b0b3af5e,google,organic,"app development company NYC",2458,en,,v3/serp/google/organic/live/advanced,20000,9,"2026-07-31 14:49:32","2026-07-31 14:49:42",00:00:10,0.014
07310949-9434-0139-0000-ed4e65b58282,google,organic,"mobile app development company NYC",2458,en,,v3/serp/google/organic/live/advanced,20000,10,"2026-07-31 14:49:17","2026-07-31 14:49:30",00:00:13,0.0155
07310949-9434-0139-0000-a2d1e3bb86e8,google,organic,"NYC app developers",2458,en,,v3/serp/google/organic/live/advanced,20000,10,"2026-07-31 14:49:01","2026-07-31 14:49:12",00:00:11,0.0155
07310948-9434-0139-0000-55dfcd5cde7d,google,organic,"app developer NYC",2458,en,,v3/serp/google/organic/live/advanced,20000,9,"2026-07-31 14:48:45","2026-07-31 14:49:00",00:00:15,0.014
07310948-9434-0139-0000-82ff6c1388eb,google,organic,"custom crm software development company",2840,en,,v3/serp/google/organic/live/advanced,20000,10,"2026-07-31 14:48:20","2026-07-31 14:48:34",00:00:14,0.0155
07310947-9434-0139-0000-873807425450,google,organic,"app developers in KSA",2682,ar,,v3/serp/google/organic/live/advanced,20000,10,"2026-07-31 14:47:57","2026-07-31 14:48:06",00:00:09,0.0155
07310947-9434-0139-0000-4eeb3c585935,google,organic,"KSA mobile app development",2682,ar,,v3/serp/google/organic/live/advanced,20000,9,"2026-07-31 14:47:49","2026-07-31 14:47:56",00:00:07,0.014
07310947-9434-0139-0000-c45f8129e49f,google,organic,"mobile app development companies in saudi arabia",2682,ar,,v3/serp/google/organic/live/advanced,20000,9,"2026-07-31 14:47:42","2026-07-31 14:47:48",00:00:06,0.014
07310947-9434-0139-0000-4c3b1754f12c,google,organic,"mobile app development in KSA",2682,ar,,v3/serp/google/organic/live/advanced,20000,4,"2026-07-31 14:47:27","2026-07-31 14:47:40",00:00:13,0.0065
07310947-9434-0139-0000-ad36a4d36b49,google,organic,"app developers in saudi arabia",2682,ar,,v3/serp/google/organic/live/advanced,20000,9,"2026-07-31 14:47:15","2026-07-31 14:47:25",00:00:10,0.014
07310947-9434-0139-0000-f1181efd49e3,google,organic,"app development agency in saudi arabia",2682,ar,,v3/serp/google/organic/live/advanced,20000,10,"2026-07-31 14:47:00","2026-07-31 14:47:13",00:00:13,0.0155
07310946-9434-0139-0000-8d224e3c40d5,google,organic,"mobile app development company in saudi",2682,ar,,v3/serp/google/organic/live/advanced,20000,9,"2026-07-31 14:46:35","2026-07-31 14:46:58",00:00:23,0.014
07310946-9434-0139-0000-65ecb67ba2e7,google,organic,"mobile app development company saudi",2682,ar,,v3/serp/google/organic/live/advanced,20000,8,"2026-07-31 14:46:23","2026-07-31 14:46:33",00:00:10,0.0125
07310946-9434-0139-0000-92adcd4e7536,google,organic,"mobile app development company uk",2826,en,,v3/serp/google/organic/live/advanced,20000,10,"2026-07-31 14:46:01","2026-07-31 14:46:18",00:00:17,0.0155
07310945-9434-0139-0000-15aca8e8c709,google,organic,"uk app developers",2826,en,,v3/serp/google/organic/live/advanced,20000,10,"2026-07-31 14:45:32","2026-07-31 14:45:59",00:00:27,0.0155
07310945-9434-0139-0000-75cf2bd7eec0,google,organic,"mobile app developers uk",2826,en,,v3/serp/google/organic/live/advanced,20000,10,"2026-07-31 14:45:11","2026-07-31 14:45:30",00:00:19,0.0155
07310944-9434-0139-0000-3735a24f96dd,google,organic,"app developers uk",2826,en,,v3/serp/google/organic/live/advanced,20000,10,"2026-07-31 14:44:56","2026-07-31 14:45:07",00:00:11,0.0155
07310944-9434-0139-0000-b4510e21ce49,google,organic,"app developer uk",2826,en,,v3/serp/google/organic/live/advanced,20000,10,"2026-07-31 14:44:44","2026-07-31 14:44:55",00:00:11,0.0155
07310944-9434-0139-0000-354c7b28869e,google,organic,"app development companies uk",2826,en,,v3/serp/google/organic/live/advanced,20000,10,"2026-07-31 14:44:27","2026-07-31 14:44:42",00:00:15,0.0155
07310944-9434-0139-0000-6debb90e95a5,google,organic,"mobile app development uk",2826,en,,v3/serp/google/organic/live/advanced,20000,10,"2026-07-31 14:44:11","2026-07-31 14:44:24",00:00:13,0.0155
07310943-9434-0139-0000-37b81d71ab1f,google,organic,"app development company uk",2826,en,,v3/serp/google/organic/live/advanced,20000,10,"2026-07-31 14:43:58","2026-07-31 14:44:09",00:00:11,0.0155
07310943-9434-0139-0000-ab455ac594fd,google,organic,"mobile app development companies",2826,en,,v3/serp/google/organic/live/advanced,20000,10,"2026-07-31 14:43:48","2026-07-31 14:43:57",00:00:09,0.0155
07310943-9434-0139-0000-be12dca430c7,google,organic,"app development uk",2826,en,,v3/serp/google/organic/live/advanced,20000,10,"2026-07-31 14:43:34","2026-07-31 14:43:45",00:00:11,0.0155
07310943-9434-0139-0000-a30ae86fe0c1,google,organic,"music streaming app development company",2840,en,,v3/serp/google/organic/live/advanced,20000,10,"2026-07-31 14:43:15","2026-07-31 14:43:26",00:00:11,0.0155
07310942-9434-0139-0000-2570d8552838,google,organic,"music app development services",2840,en,,v3/serp/google/organic/live/advanced,20000,10,"2026-07-31 14:42:51","2026-07-31 14:43:12",00:00:21,0.0155
07310942-9434-0139-0000-66083b883a89,google,organic,"app development company near me",2840,en,,v3/serp/google/organic/live/advanced,20000,10,"2026-07-31 14:42:29","2026-07-31 14:42:49",00:00:20,0.0155
07310942-9434-0139-0000-0dcbf3719145,google,organic,"app development near me",2840,en,,v3/serp/google/organic/live/advanced,20000,10,"2026-07-31 14:42:14","2026-07-31 14:42:26",00:00:12,0.0155
07310942-9434-0139-0000-9a445cffbf4f,google,organic,"mobile app development company near me",2840,en,,v3/serp/google/organic/live/advanced,20000,10,"2026-07-31 14:42:04","2026-07-31 14:42:13",00:00:09,0.0155
07310941-9434-0139-0000-2e26cf77dfb0,google,organic,"mobile app development near me",2840,en,,v3/serp/google/organic/live/advanced,20000,10,"2026-07-31 14:41:40","2026-07-31 14:42:02",00:00:22,0.0155
07310941-9434-0139-0000-b3e15a6df023,google,organic,"Website Development Company USA",2840,en,,v3/serp/google/organic/live/advanced,20000,10,"2026-07-31 14:41:19","2026-07-31 14:41:29",00:00:10,0.0155
07310941-9434-0139-0000-f8afeb9e1ff9,google,organic,"Website Development Services",2840,en,,v3/serp/google/organic/live/advanced,20000,10,"2026-07-31 14:41:04","2026-07-31 14:41:16",00:00:12,0.0155
07310940-9434-0139-0000-05ed7e2bed3f,google,organic,"website development companies in usa",2840,en,,v3/serp/google/organic/live/advanced,20000,10,"2026-07-31 14:40:35","2026-07-31 14:41:02",00:00:27,0.0155
07310940-9434-0139-0000-e04593c071e1,google,organic,"website development company in usa",2840,en,,v3/serp/google/organic/live/advanced,20000,10,"2026-07-31 14:40:12","2026-07-31 14:40:33",00:00:21,0.0155
07310939-9434-0139-0000-7e2c64fd2d02,google,organic,"web development services company",2840,en,,v3/serp/google/organic/live/advanced,20000,10,"2026-07-31 14:39:51","2026-07-31 14:40:08",00:00:17,0.0155
07310939-9434-0139-0000-15c766ce92da,google,organic,"website designing and development services",2840,en,,v3/serp/google/organic/live/advanced,20000,10,"2026-07-31 14:39:32","2026-07-31 14:39:48",00:00:16,0.0155
07310939-9434-0139-0000-32cf1cc194eb,google,organic,"website development solutions",2840,en,,v3/serp/google/organic/live/advanced,20000,10,"2026-07-31 14:39:13","2026-07-31 14:39:30",00:00:17,0.0155
07310938-9434-0139-0000-feb4eee0fe14,google,organic,"professional website development services",2840,en,,v3/serp/google/organic/live/advanced,20000,10,"2026-07-31 14:38:59","2026-07-31 14:39:10",00:00:11,0.0155
07310938-9434-0139-0000-66c9d841aa67,google,organic,"Web Development Services",2840,en,,v3/serp/google/organic/live/advanced,20000,10,"2026-07-31 14:38:48","2026-07-31 14:38:56",00:00:08,0.0155
07310938-9434-0139-0000-d790e6395543,google,organic,"web development services in usa",2840,en,,v3/serp/google/organic/live/advanced,20000,10,"2026-07-31 14:38:25","2026-07-31 14:38:43",00:00:18,0.0155
07310938-9434-0139-0000-d3bbca76855f,google,organic,"web development services usa",2840,en,,v3/serp/google/organic/live/advanced,20000,10,"2026-07-31 14:38:02","2026-07-31 14:38:22",00:00:20,0.0155
07310937-9434-0139-0000-42d701aa2204,google,organic,"Website Development Services in USA",2840,en,,v3/serp/google/organic/live/advanced,20000,10,"2026-07-31 14:37:41","2026-07-31 14:37:58",00:00:17,0.0155
07310937-9434-0139-0000-c07965eed824,google,organic,"custom iphone app development",2840,en,,v3/serp/google/organic/live/advanced,20000,10,"2026-07-31 14:37:32","2026-07-31 14:37:40",00:00:08,0.0155
07310937-9434-0139-0000-2b3e98c1a3cd,google,organic,"custom ios app development services",2840,en,,v3/serp/google/organic/live/advanced,20000,10,"2026-07-31 14:37:20","2026-07-31 14:37:29",00:00:09,0.0155
07310937-9434-0139-0000-c5c1a0c2746c,google,organic,"ios app development agency",2840,en,,v3/serp/google/organic/live/advanced,20000,10,"2026-07-31 14:37:10","2026-07-31 14:37:18",00:00:08,0.0155
07310936-9434-0139-0000-081651e4cc73,google,organic,"iphone app development company usa",2840,en,,v3/serp/google/organic/live/advanced,20000,10,"2026-07-31 14:36:51","2026-07-31 14:37:08",00:00:17,0.0155
07310936-9434-0139-0000-84c11ba9beaa,google,organic,"iphone applications development company",2840,en,,v3/serp/google/organic/live/advanced,20000,1,"2026-07-31 14:36:31","2026-07-31 14:36:50",00:00:19,0.002
07310936-9434-0139-0000-00a9dbe4db49,google,organic,"iphone application development services",2840,en,,v3/serp/google/organic/live/advanced,20000,10,"2026-07-31 14:36:14","2026-07-31 14:36:27",00:00:13,0.0155
07310935-9434-0139-0000-ec224dc487b1,google,organic,"app developers in chicago",2392,en,,v3/serp/google/organic/live/advanced,20000,7,"2026-07-31 14:35:36","2026-07-31 14:35:43",00:00:07,0.011
07310935-9434-0139-0000-ea5da29b8600,google,organic,"app development companies in chicago",2392,en,,v3/serp/google/organic/live/advanced,20000,7,"2026-07-31 14:35:23","2026-07-31 14:35:34",00:00:11,0.011
07310935-9434-0139-0000-6dc66bbd1268,google,organic,"website design company New Jersey",21167,en,,v3/serp/google/organic/live/advanced,20000,10,"2026-07-31 14:35:12","2026-07-31 14:35:21",00:00:09,0.0155
07310934-9434-0139-0000-9911a553941a,google,organic,"website development nj",2840,en,,v3/serp/google/organic/live/advanced,20000,10,"2026-07-31 14:34:56","2026-07-31 14:35:08",00:00:12,0.0155
07310934-9434-0139-0000-8d059036f9f0,google,organic,"web development new jersey",21167,en,,v3/serp/google/organic/live/advanced,20000,10,"2026-07-31 14:34:33","2026-07-31 14:34:53",00:00:20,0.0155
07310934-9434-0139-0000-9f711dad2924,google,organic,"website design new jersey",21167,en,,v3/serp/google/organic/live/advanced,20000,10,"2026-07-31 14:34:23","2026-07-31 14:34:31",00:00:08,0.0155
07310934-9434-0139-0000-815aa614f39e,google,organic,"web development nj",2840,en,,v3/serp/google/organic/live/advanced,20000,10,"2026-07-31 14:34:14","2026-07-31 14:34:22",00:00:08,0.0155
07310934-9434-0139-0000-2686d0654d0b,google,organic,"web design company nj",2840,en,,v3/serp/google/organic/live/advanced,20000,10,"2026-07-31 14:34:04","2026-07-31 14:34:13",00:00:09,0.0155
07310933-9434-0139-0000-db32aeed0065,google,organic,"web development company new jersey",21167,en,,v3/serp/google/organic/live/advanced,20000,10,"2026-07-31 14:33:56","2026-07-31 14:34:04",00:00:08,0.0155
07310933-9434-0139-0000-d10ddde97c06,google,organic,"website design companies nj",2840,en,,v3/serp/google/organic/live/advanced,20000,10,"2026-07-31 14:33:49","2026-07-31 14:33:54",00:00:05,0.0155
07310933-9434-0139-0000-54dd09c28b40,google,organic,"mobile app development",2840,en,,v3/serp/google/organic/live/advanced,20000,10,"2026-07-31 14:33:05","2026-07-31 14:33:18",00:00:13,0.0155
07310932-9434-0139-0000-c1e2558fb47b,google,organic,"marketing os smoke",2840,en,,v3/serp/google/organic/live/advanced,20000,2,"2026-07-31 14:32:06","2026-07-31 14:32:26",00:00:20,0.0035
07310931-9434-0139-0000-ad5f1389c8b7,google,organic,"houston app development",2500,en,,v3/serp/google/organic/live/advanced,20000,7,"2026-07-31 14:31:05","2026-07-31 14:31:20",00:00:15,0.011
07310928-9434-0139-0000-c2d006afe79b,google,organic,"custom web application development company",2840,en,,v3/serp/google/organic/live/advanced,20000,10,"2026-07-31 14:28:58","2026-07-31 14:29:19",00:00:21,0.0155
07310928-9434-0139-0000-ca080d1768a9,google,organic,"custom web application development",2840,en,,v3/serp/google/organic/live/advanced,20000,10,"2026-07-31 14:28:42","2026-07-31 14:28:55",00:00:13,0.0155
07310928-9434-0139-0000-c1c80945324b,google,organic,"custom web application development services",2840,en,,v3/serp/google/organic/live/advanced,20000,10,"2026-07-31 14:28:29","2026-07-31 14:28:39",00:00:10,0.0155
07310928-9434-0139-0000-56555a02221e,google,organic,"web application development company",2840,en,,v3/serp/google/organic/live/advanced,20000,10,"2026-07-31 14:28:10","2026-07-31 14:28:27",00:00:17,0.0155
07310927-9434-0139-0000-ef5fd7a0ed88,google,organic,"api integration developer",2840,en,,v3/serp/google/organic/live/advanced,20000,10,"2026-07-31 14:27:56","2026-07-31 14:28:09",00:00:13,0.0155
07310927-9434-0139-0000-5587ee5d44e6,google,organic,"custom api development services",2840,en,,v3/serp/google/organic/live/advanced,20000,10,"2026-07-31 14:27:37","2026-07-31 14:27:54",00:00:17,0.0155
07310927-9434-0139-0000-1a2d191f6109,google,organic,"custom api integration services",2840,en,,v3/serp/google/organic/live/advanced,20000,10,"2026-07-31 14:27:16","2026-07-31 14:27:34",00:00:18,0.0155
07310927-9434-0139-0000-127ba5c6c2fb,google,organic,"api integration company",2840,en,,v3/serp/google/organic/live/advanced,20000,10,"2026-07-31 14:27:00","2026-07-31 14:27:14",00:00:14,0.0155
07310926-9434-0139-0000-6b6ab874e5c6,google,organic,"api development services",2840,en,,v3/serp/google/organic/live/advanced,20000,10,"2026-07-31 14:26:45","2026-07-31 14:26:58",00:00:13,0.0155
07310926-9434-0139-0000-b027580513b5,google,organic,"api development and integration services",2840,en,,v3/serp/google/organic/live/advanced,20000,10,"2026-07-31 14:26:22","2026-07-31 14:26:42",00:00:20,0.0155
07310926-9434-0139-0000-dd7094dcb722,google,organic,"api integration services",2840,en,,v3/serp/google/organic/live/advanced,20000,10,"2026-07-31 14:26:05","2026-07-31 14:26:20",00:00:15,0.0155
07310925-9434-0139-0000-a99cb921d757,google,organic,"mobile application development san diego",2840,en,,v3/serp/google/organic/live/advanced,20000,10,"2026-07-31 14:25:55","2026-07-31 14:26:04",00:00:09,0.0155
07310925-9434-0139-0000-5b92a318a49b,google,organic,"san diego app developers",2840,en,,v3/serp/google/organic/live/advanced,20000,10,"2026-07-31 14:25:40","2026-07-31 14:25:52",00:00:12,0.0155
07310925-9434-0139-0000-e467ba2652d1,google,organic,"mobile app development company san diego",2840,en,,v3/serp/google/organic/live/advanced,20000,10,"2026-07-31 14:25:29","2026-07-31 14:25:39",00:00:10,0.0155
07310925-9434-0139-0000-c0fe4617a25a,google,organic,"app development san diego",2840,en,,v3/serp/google/organic/live/advanced,20000,10,"2026-07-31 14:25:15","2026-07-31 14:25:26",00:00:11,0.0155
07310924-9434-0139-0000-a5a9e9e4d173,google,organic,"los angeles app developers",2840,en,,v3/serp/google/organic/live/advanced,20000,10,"2026-07-31 14:24:57","2026-07-31 14:25:08",00:00:11,0.0155
07310924-9434-0139-0000-3d481f76904f,google,organic,"app development companies los angeles",2840,en,,v3/serp/google/organic/live/advanced,20000,10,"2026-07-31 14:24:38","2026-07-31 14:24:55",00:00:17,0.0155
07310924-9434-0139-0000-d5d5d9bb2173,google,organic,"mobile app developers los angeles",2840,en,,v3/serp/google/organic/live/advanced,20000,10,"2026-07-31 14:24:24","2026-07-31 14:24:35",00:00:11,0.0155
07310924-9434-0139-0000-09965266000a,google,organic,"mobile app development company in los angeles",2840,en,,v3/serp/google/organic/live/advanced,20000,10,"2026-07-31 14:24:05","2026-07-31 14:24:22",00:00:17,0.0155
07310923-9434-0139-0000-5b101ecda212,google,organic,"los angeles mobile app development",2840,en,,v3/serp/google/organic/live/advanced,20000,10,"2026-07-31 14:23:45","2026-07-31 14:24:03",00:00:18,0.0155
07310923-9434-0139-0000-9d07d8279463,google,organic,"iphone app developers los angeles",2840,en,,v3/serp/google/organic/live/advanced,20000,10,"2026-07-31 14:23:29","2026-07-31 14:23:42",00:00:13,0.0155
07310923-9434-0139-0000-6bc1b9180c2e,google,organic,"mobile app development los angeles",2840,en,,v3/serp/google/organic/live/advanced,20000,10,"2026-07-31 14:23:19","2026-07-31 14:23:28",00:00:09,0.0155
07310923-9434-0139-0000-f25600e96749,google,organic,"app developer los angeles",2840,en,,v3/serp/google/organic/live/advanced,20000,10,"2026-07-31 14:23:07","2026-07-31 14:23:17",00:00:10,0.0155
07310922-9434-0139-0000-5f774f09c40b,google,organic,"app development los angeles",2840,en,,v3/serp/google/organic/live/advanced,20000,10,"2026-07-31 14:22:50","2026-07-31 14:23:05",00:00:15,0.0155
07310922-9434-0139-0000-70615cd48f7d,google,organic,"app developers in los angeles",2840,en,,v3/serp/google/organic/live/advanced,20000,10,"2026-07-31 14:22:38","2026-07-31 14:22:48",00:00:10,0.0155
07310922-9434-0139-0000-8cfaebce10cd,google,organic,"ios app development los angeles",2840,en,,v3/serp/google/organic/live/advanced,20000,10,"2026-07-31 14:22:20","2026-07-31 14:22:35",00:00:15,0.0155
07310922-9434-0139-0000-2d7cb2d688c5,google,organic,"app developers los angeles",2840,en,,v3/serp/google/organic/live/advanced,20000,10,"2026-07-31 14:22:01","2026-07-31 14:22:18",00:00:17,0.0155
07310921-9434-0139-0000-c41813fa97ef,google,organic,"iphone app development los angeles",2840,en,,v3/serp/google/organic/live/advanced,20000,10,"2026-07-31 14:21:40","2026-07-31 14:21:58",00:00:18,0.0155
07310921-9434-0139-0000-e96bb9a998c3,google,organic,"ecommerce website developer",2840,en,,v3/serp/google/organic/live/advanced,20000,10,"2026-07-31 14:21:27","2026-07-31 14:21:38",00:00:11,0.0155
07310921-9434-0139-0000-226b20a006df,google,organic,"ecommerce website design company",2840,en,,v3/serp/google/organic/live/advanced,20000,10,"2026-07-31 14:21:09","2026-07-31 14:21:25",00:00:16,0.0155
07310920-9434-0139-0000-765b819f9168,google,organic,"ecommerce web design agency",2840,en,,v3/serp/google/organic/live/advanced,20000,10,"2026-07-31 14:20:41","2026-07-31 14:21:05",00:00:24,0.0155
07310920-9434-0139-0000-1fed1e320458,google,organic,"ecommerce web design company",2840,en,,v3/serp/google/organic/live/advanced,20000,10,"2026-07-31 14:20:27","2026-07-31 14:20:39",00:00:12,0.0155
07310920-9434-0139-0000-6678a0559e8c,google,organic,"ecommerce website development company",2840,en,,v3/serp/google/organic/live/advanced,20000,10,"2026-07-31 14:20:11","2026-07-31 14:20:25",00:00:14,0.0155
07310919-9434-0139-0000-dcf3ccebf5f3,google,organic,"ecommerce web development",2840,en,,v3/serp/google/organic/live/advanced,20000,10,"2026-07-31 14:19:58","2026-07-31 14:20:08",00:00:10,0.0155
07310919-9434-0139-0000-183618edb282,google,organic,"ecommerce website development",2840,en,,v3/serp/google/organic/live/advanced,20000,10,"2026-07-31 14:19:43","2026-07-31 14:19:54",00:00:11,0.0155
07310919-9434-0139-0000-ccdb9f3afb2e,google,organic,"custom cms development",2840,en,,v3/serp/google/organic/live/advanced,20000,10,"2026-07-31 14:19:26","2026-07-31 14:19:41",00:00:15,0.0155
07310919-9434-0139-0000-de35ab839d12,google,organic,"cms website design company",2840,en,,v3/serp/google/organic/live/advanced,20000,10,"2026-07-31 14:19:14","2026-07-31 14:19:24",00:00:10,0.0155
07310918-9434-0139-0000-6209e9e3bd0c,google,organic,"cms development",2840,en,,v3/serp/google/organic/live/advanced,20000,10,"2026-07-31 14:18:52","2026-07-31 14:19:12",00:00:20,0.0155
07310918-9434-0139-0000-7d7c3c9064c9,google,organic,"cms website development services",2840,en,,v3/serp/google/organic/live/advanced,20000,9,"2026-07-31 14:18:40","2026-07-31 14:18:50",00:00:10,0.014
07310918-9434-0139-0000-f8982dfd107c,google,organic,"cms development services",2840,en,,v3/serp/google/organic/live/advanced,20000,9,"2026-07-31 14:18:27","2026-07-31 14:18:37",00:00:10,0.014
07310918-9434-0139-0000-526b50532a3f,google,organic,"cms development companies",2840,en,,v3/serp/google/organic/live/advanced,20000,10,"2026-07-31 14:18:14","2026-07-31 14:18:25",00:00:11,0.0155
07310917-9434-0139-0000-20b8b6be2284,google,organic,"custom cms development services",2840,en,,v3/serp/google/organic/live/advanced,20000,10,"2026-07-31 14:17:44","2026-07-31 14:18:12",00:00:28,0.0155
07310917-9434-0139-0000-ff05757e8325,google,organic,"cms website development company",2840,en,,v3/serp/google/organic/live/advanced,20000,10,"2026-07-31 14:17:26","2026-07-31 14:17:42",00:00:16,0.0155
07310917-9434-0139-0000-1820c0a2d7d3,google,organic,"cms website development companies",2840,en,,v3/serp/google/organic/live/advanced,20000,10,"2026-07-31 14:17:15","2026-07-31 14:17:24",00:00:09,0.0155
07310917-9434-0139-0000-89f00fd7c1d9,google,organic,"cms web development services",2840,en,,v3/serp/google/organic/live/advanced,20000,10,"2026-07-31 14:17:04","2026-07-31 14:17:14",00:00:10,0.0155
07310916-9434-0139-0000-9a4979553932,google,organic,"custom cms development company",2840,en,,v3/serp/google/organic/live/advanced,20000,10,"2026-07-31 14:16:44","2026-07-31 14:17:02",00:00:18,0.0155
07310916-9434-0139-0000-1d1b613bec3b,google,organic,"cms development service",2840,en,,v3/serp/google/organic/live/advanced,20000,9,"2026-07-31 14:16:30","2026-07-31 14:16:43",00:00:13,0.014
07310916-9434-0139-0000-dde97b0dfbb4,google,organic,"cms development company",2840,en,,v3/serp/google/organic/live/advanced,20000,10,"2026-07-31 14:16:17","2026-07-31 14:16:29",00:00:12,0.0155
07310916-9434-0139-0000-8a96c4a6c0e4,google,organic,"2d game developer",2840,en,,v3/serp/google/organic/live/advanced,20000,10,"2026-07-31 14:16:03","2026-07-31 14:16:15",00:00:12,0.0155
07310915-9434-0139-0000-36ed6e003941,google,organic,"2d game studios",2840,en,,v3/serp/google/organic/live/advanced,20000,10,"2026-07-31 14:15:49","2026-07-31 14:16:01",00:00:12,0.0155
07310915-9434-0139-0000-74c9bf68c402,google,organic,"2d game development",2840,en,,v3/serp/google/organic/live/advanced,20000,9,"2026-07-31 14:15:37","2026-07-31 14:15:47",00:00:10,0.014
07310915-9434-0139-0000-a1e8117931dc,google,organic,"2D Game Development Company",2840,en,,v3/serp/google/organic/live/advanced,20000,10,"2026-07-31 14:15:16","2026-07-31 14:15:33",00:00:17,0.0155
07310914-9434-0139-0000-5d4825792b77,google,organic,"web development agency",2840,en,,v3/serp/google/organic/live/advanced,20000,10,"2026-07-31 14:14:56","2026-07-31 14:15:10",00:00:14,0.0155
07310914-9434-0139-0000-bb7918bfdfe6,google,organic,"web development company uk",2826,en,,v3/serp/google/organic/live/advanced,20000,10,"2026-07-31 14:14:44","2026-07-31 14:14:52",00:00:08,0.0155
07310914-9434-0139-0000-d652355c4b2a,google,organic,"web development company",2826,en,,v3/serp/google/organic/live/advanced,20000,10,"2026-07-31 14:14:21","2026-07-31 14:14:39",00:00:18,0.0155
07310913-9434-0139-0000-9077197a17b6,google,organic,"web development service",2826,en,,v3/serp/google/organic/live/advanced,20000,10,"2026-07-31 14:13:51","2026-07-31 14:14:18",00:00:27,0.0155
07310913-9434-0139-0000-706a24ca3f33,google,organic,"website development company",2826,en,,v3/serp/google/organic/live/advanced,20000,10,"2026-07-31 14:13:33","2026-07-31 14:13:49",00:00:16,0.0155
07310913-9434-0139-0000-e05e92f87b34,google,organic,"web development company in uk",2826,en,,v3/serp/google/organic/live/advanced,20000,10,"2026-07-31 14:13:16","2026-07-31 14:13:30",00:00:14,0.0155
07310912-9434-0139-0000-b4d85b2a0ca5,google,organic,"mobile app development company in colorado",2840,en,,v3/serp/google/organic/live/advanced,20000,10,"2026-07-31 14:12:53","2026-07-31 14:13:12",00:00:19,0.0155
07310912-9434-0139-0000-beb97cc1c5ec,google,organic,"mobile application development denver",2404,en,,v3/serp/google/organic/live/advanced,20000,10,"2026-07-31 14:12:36","2026-07-31 14:12:51",00:00:15,0.0155
07310912-9434-0139-0000-29d91bde1bd1,google,organic,"denver mobile app development services",2404,en,,v3/serp/google/organic/live/advanced,20000,9,"2026-07-31 14:12:20","2026-07-31 14:12:34",00:00:14,0.014
07310912-9434-0139-0000-0c380c30384b,google,organic,"mobile app development denver",2404,en,,v3/serp/google/organic/live/advanced,20000,10,"2026-07-31 14:12:01","2026-07-31 14:12:17",00:00:16,0.0155
07310911-9434-0139-0000-d50c9b7fde54,google,organic,"mobile app development companies new york",2840,en,,v3/serp/google/organic/live/advanced,20000,10,"2026-07-31 14:11:43","2026-07-31 14:11:59",00:00:16,0.0155
07310911-9434-0139-0000-813f0206fc85,google,organic,"iphone app developer cost",2840,en,,v3/serp/google/organic/live/advanced,20000,10,"2026-07-31 14:11:28","2026-07-31 14:11:40",00:00:12,0.0155
07310911-9434-0139-0000-3fcac34eb939,google,organic,"mobile app development company in nyc",2840,en,,v3/serp/google/organic/live/advanced,20000,10,"2026-07-31 14:11:03","2026-07-31 14:11:26",00:00:23,0.0155
07310910-9434-0139-0000-9fd2c9cf3b21,google,organic,"2d game development services",2840,en,,v3/serp/google/organic/live/advanced,20000,10,"2026-07-31 14:10:49","2026-07-31 14:11:01",00:00:12,0.0155
07310910-9434-0139-0000-80c3772a97e2,google,organic,"new york mobile app development",2840,en,,v3/serp/google/organic/live/advanced,20000,10,"2026-07-31 14:10:33","2026-07-31 14:10:47",00:00:14,0.0155
07310910-9434-0139-0000-883c588d2507,google,organic,"mobile app development company in san francisco",2840,en,,v3/serp/google/organic/live/advanced,20000,10,"2026-07-31 14:10:05","2026-07-31 14:10:31",00:00:26,0.0155
07310909-9434-0139-0000-4b19b75fdcc5,google,organic,"what is ai automation agency",2840,en,,v3/serp/google/organic/live/advanced,20000,10,"2026-07-31 14:09:49","2026-07-31 14:10:01",00:00:12,0.0155
07310909-9434-0139-0000-5a57b358f51a,google,organic,"iphone app development new york",2840,en,,v3/serp/google/organic/live/advanced,20000,10,"2026-07-31 14:09:36","2026-07-31 14:09:47",00:00:11,0.0155
07310909-9434-0139-0000-eda75b0eae65,google,organic,"mobile app development uk",2840,en,,v3/serp/google/organic/live/advanced,20000,6,"2026-07-31 14:09:23","2026-07-31 14:09:34",00:00:11,0.0095
07310909-9434-0139-0000-6a89e9afd54c,google,organic,"apps like super",2840,en,,v3/serp/google/organic/live/advanced,20000,8,"2026-07-31 14:09:05","2026-07-31 14:09:20",00:00:15,0.0125
07310908-9434-0139-0000-111c0b72bda2,google,organic,"flutter app development company",2840,en,,v3/serp/google/organic/live/advanced,20000,10,"2026-07-31 14:08:47","2026-07-31 14:09:01",00:00:14,0.0155
07310908-9434-0139-0000-a426a5b69727,google,organic,"mobile app developers washington",2840,en,,v3/serp/google/organic/live/advanced,20000,10,"2026-07-31 14:08:33","2026-07-31 14:08:44",00:00:11,0.0155
07310908-9434-0139-0000-9e9b75a56daa,google,organic,"mobile app developers new york",2840,en,,v3/serp/google/organic/live/advanced,20000,10,"2026-07-31 14:08:13","2026-07-31 14:08:31",00:00:18,0.0155
07310907-9434-0139-0000-d4429c69415a,google,organic,"digital marketing services company",2840,en,,v3/serp/google/organic/live/advanced,20000,10,"2026-07-31 14:07:53","2026-07-31 14:08:05",00:00:12,0.0155
07310907-9434-0139-0000-36c7610d299b,google,organic,"mobile app developer los angeles",2840,en,,v3/serp/google/organic/live/advanced,20000,10,"2026-07-31 14:07:39","2026-07-31 14:07:51",00:00:12,0.0155
07310907-9434-0139-0000-ab848c47d903,google,organic,"offline games for iphone",2840,en,,v3/serp/google/organic/live/advanced,20000,9,"2026-07-31 14:07:19","2026-07-31 14:07:37",00:00:18,0.014
07310907-9434-0139-0000-62319c240741,google,organic,"platform development services",2840,en,,v3/serp/google/organic/live/advanced,20000,10,"2026-07-31 14:07:12","2026-07-31 14:07:18",00:00:06,0.0155
07310906-9434-0139-0000-a1c7b36807a8,google,organic,"mobile app development companies in uk",2840,en,,v3/serp/google/organic/live/advanced,20000,10,"2026-07-31 14:06:58","2026-07-31 14:07:10",00:00:12,0.0155
07310906-9434-0139-0000-f880e9439d59,google,organic,"mobile app development companies san francisco",2840,en,,v3/serp/google/organic/live/advanced,20000,10,"2026-07-31 14:06:44","2026-07-31 14:06:56",00:00:12,0.0155
07310906-9434-0139-0000-2bfb73d9e064,google,organic,"chicago mobile app developers",2840,en,,v3/serp/google/organic/live/advanced,20000,10,"2026-07-31 14:06:16","2026-07-31 14:06:42",00:00:26,0.0155
07310905-9434-0139-0000-a766b114e6f3,google,organic,"custom mvp development",2840,en,,v3/serp/google/organic/live/advanced,20000,10,"2026-07-31 14:05:48","2026-07-31 14:06:13",00:00:25,0.0155
07310905-9434-0139-0000-04121c3c673a,google,organic,"website development service",2840,en,,v3/serp/google/organic/live/advanced,20000,10,"2026-07-31 14:05:34","2026-07-31 14:05:46",00:00:12,0.0155
07310905-9434-0139-0000-bbf4289c903d,google,organic,"digital marketing agency united states",2840,en,,v3/serp/google/organic/live/advanced,20000,10,"2026-07-31 14:05:11","2026-07-31 14:05:26",00:00:15,0.0155
07310904-9434-0139-0000-f800c7a7cdf3,google,organic,"ai mvp",2840,en,,v3/serp/google/organic/live/advanced,20000,10,"2026-07-31 14:04:45","2026-07-31 14:05:04",00:00:19,0.0155
07310904-9434-0139-0000-a063a0ef9721,google,organic,"nyc app developers",2840,en,,v3/serp/google/organic/live/advanced,20000,10,"2026-07-31 14:04:26","2026-07-31 14:04:43",00:00:17,0.0155
07310904-9434-0139-0000-8d1a9e3435a5,google,organic,"ecommerce website development services",2840,en,,v3/serp/google/organic/live/advanced,20000,10,"2026-07-31 14:04:10","2026-07-31 14:04:24",00:00:14,0.0155
07310903-9434-0139-0000-be14ff85ee21,google,organic,"how much money does fortnite have",2840,en,,v3/serp/google/organic/live/advanced,20000,10,"2026-07-31 14:03:48","2026-07-31 14:04:08",00:00:20,0.0155
07310903-9434-0139-0000-bf7bde279818,google,organic,"on demand app development services",2840,en,,v3/serp/google/organic/live/advanced,20000,10,"2026-07-31 14:03:31","2026-07-31 14:03:46",00:00:15,0.0155
07310903-9434-0139-0000-df31d6ae4999,google,organic,"on demand app development company",2840,en,,v3/serp/google/organic/live/advanced,20000,10,"2026-07-31 14:03:11","2026-07-31 14:03:28",00:00:17,0.0155
07310903-9434-0139-0000-d1fb08bd72f4,google,organic,"on demand app development",2840,en,,v3/serp/google/organic/live/advanced,20000,10,"2026-07-31 14:03:01","2026-07-31 14:03:09",00:00:08,0.0155
07310902-9434-0139-0000-ff543361158c,google,organic,"mobile app development company in New York",2458,en,,v3/serp/google/organic/live/advanced,20000,10,"2026-07-31 14:02:48","2026-07-31 14:02:59",00:00:11,0.0155
07310902-9434-0139-0000-cb7e4ab66a19,google,organic,"mobile app development company New York",2458,en,,v3/serp/google/organic/live/advanced,20000,9,"2026-07-31 14:02:23","2026-07-31 14:02:46",00:00:23,0.014
07310902-9434-0139-0000-ea8fc2b33861,google,organic,"app development New York",2458,en,,v3/serp/google/organic/live/advanced,20000,9,"2026-07-31 14:02:08","2026-07-31 14:02:21",00:00:13,0.014
07310901-9434-0139-0000-0620c67b6428,google,organic,"mobile app developers New York",2458,en,,v3/serp/google/organic/live/advanced,20000,10,"2026-07-31 14:01:40","2026-07-31 14:02:02",00:00:22,0.0155
07310901-9434-0139-0000-cb5c8eca7c3b,google,organic,"app development NYC",2458,en,,v3/serp/google/organic/live/advanced,20000,10,"2026-07-31 14:01:32","2026-07-31 14:01:39",00:00:07,0.0155
07310901-9434-0139-0000-4a071cc57837,google,organic,"New York app developers",2458,en,,v3/serp/google/organic/live/advanced,20000,9,"2026-07-31 14:01:23","2026-07-31 14:01:31",00:00:08,0.014
07310901-9434-0139-0000-783f4c8ed645,google,organic,"app developers New York",2458,en,,v3/serp/google/organic/live/advanced,20000,8,"2026-07-31 14:01:15","2026-07-31 14:01:22",00:00:07,0.0125
07310900-9434-0139-0000-b01a612b9cc9,google,organic,"mobile app development NYC",2458,en,,v3/serp/google/organic/live/advanced,20000,10,"2026-07-31 14:00:55","2026-07-31 14:01:13",00:00:18,0.0155
07310900-9434-0139-0000-60a2c4cdaef4,google,organic,"app developers chicago",2840,en,,v3/serp/google/organic/live/advanced,20000,10,"2026-07-31 14:00:39","2026-07-31 14:00:53",00:00:14,0.0155
07310900-9434-0139-0000-9b5b4ba94118,google,organic,"chicago app development company",2840,en,,v3/serp/google/organic/live/advanced,20000,10,"2026-07-31 14:00:23","2026-07-31 14:00:37",00:00:14,0.0155
07310900-9434-0139-0000-83ea934d0f81,google,organic,"app development denver",2840,en,,v3/serp/google/organic/live/advanced,20000,10,"2026-07-31 14:00:14","2026-07-31 14:00:22",00:00:08,0.0155
07310900-9434-0139-0000-a99ef4b7d925,google,organic,"mobile app development nyc",2840,en,,v3/serp/google/organic/live/advanced,20000,10,"2026-07-31 14:00:01","2026-07-31 14:00:12",00:00:11,0.0155
07310859-9434-0139-0000-b94a25eb6982,google,organic,"mobile app development company in chicago",2840,en,,v3/serp/google/organic/live/advanced,20000,10,"2026-07-31 13:59:47","2026-07-31 13:59:58",00:00:11,0.0155
07310859-9434-0139-0000-9c47fbfd97f3,google,organic,"los angeles app development",2840,en,,v3/serp/google/organic/live/advanced,20000,10,"2026-07-31 13:59:33","2026-07-31 13:59:45",00:00:12,0.0155
07310859-9434-0139-0000-08dfb4b90d01,google,organic,"iphone app development cost",2840,en,,v3/serp/google/organic/live/advanced,20000,10,"2026-07-31 13:59:19","2026-07-31 13:59:30",00:00:11,0.0155
07310859-9434-0139-0000-75e212533e61,google,organic,"payday loan apps iphone",2840,en,,v3/serp/google/organic/live/advanced,20000,10,"2026-07-31 13:59:00","2026-07-31 13:59:17",00:00:17,0.0155
07310858-9434-0139-0000-d8ad90e10bb8,google,organic,"houston app developers",2840,en,,v3/serp/google/organic/live/advanced,20000,10,"2026-07-31 13:58:42","2026-07-31 13:58:57",00:00:15,0.0155
07310858-9434-0139-0000-f90ca316082e,google,organic,"how much is fortnite net worth",2840,en,,v3/serp/google/organic/live/advanced,20000,10,"2026-07-31 13:58:26","2026-07-31 13:58:39",00:00:13,0.0155
07310858-9434-0139-0000-d80709c14d94,google,organic,"mobile application development uk",2840,en,,v3/serp/google/organic/live/advanced,20000,10,"2026-07-31 13:58:14","2026-07-31 13:58:24",00:00:10,0.0155
07310858-9434-0139-0000-aeb829bc0cb9,google,organic,"digital marketing agencies usa",2840,en,,v3/serp/google/organic/live/advanced,20000,10,"2026-07-31 13:58:05","2026-07-31 13:58:13",00:00:08,0.0155
07310857-9434-0139-0000-764844e32895,google,organic,"chicago mobile app development",2840,en,,v3/serp/google/organic/live/advanced,20000,10,"2026-07-31 13:57:52","2026-07-31 13:58:03",00:00:11,0.0155
07310857-9434-0139-0000-d567e3d84230,google,organic,"how much money does fortnite make",2840,en,,v3/serp/google/organic/live/advanced,20000,10,"2026-07-31 13:57:32","2026-07-31 13:57:50",00:00:18,0.0155
07310857-9434-0139-0000-e9fb2d915818,google,organic,"healthcare mobile app development",2840,en,,v3/serp/google/organic/live/advanced,20000,10,"2026-07-31 13:57:23","2026-07-31 13:57:31",00:00:08,0.0155
07310857-9434-0139-0000-22e360c1d167,google,organic,"mobile application development new york",2840,en,,v3/serp/google/organic/live/advanced,20000,10,"2026-07-31 13:57:09","2026-07-31 13:57:20",00:00:11,0.0155
07310856-9434-0139-0000-9e4779639a32,google,organic,"app developers nyc",2840,en,,v3/serp/google/organic/live/advanced,20000,10,"2026-07-31 13:56:49","2026-07-31 13:57:05",00:00:16,0.0155
07310856-9434-0139-0000-beb23342deba,google,organic,"mobile app development company",2682,ar,,v3/serp/google/organic/live/advanced,20000,10,"2026-07-31 13:56:39","2026-07-31 13:56:48",00:00:09,0.0155
07310856-9434-0139-0000-31ea4dd0a2bd,google,organic,"moneylion competitors",2840,en,,v3/serp/google/organic/live/advanced,20000,10,"2026-07-31 13:56:30","2026-07-31 13:56:37",00:00:07,0.0155
07310856-9434-0139-0000-0615a979e421,google,organic,"app development chicago",2840,en,,v3/serp/google/organic/live/advanced,20000,10,"2026-07-31 13:56:21","2026-07-31 13:56:29",00:00:08,0.0155
07310856-9434-0139-0000-7ce32495fc11,google,organic,"free currency converter app",2840,en,,v3/serp/google/organic/live/advanced,20000,10,"2026-07-31 13:56:03","2026-07-31 13:56:17",00:00:14,0.0155
07310855-9434-0139-0000-a9f0ea6ed401,google,organic,"sites like frontpay",2840,en,,v3/serp/google/organic/live/advanced,20000,9,"2026-07-31 13:55:49","2026-07-31 13:56:01",00:00:12,0.014
07310855-9434-0139-0000-922d150d04a7,google,organic,"fortnite annual revenue",2840,en,,v3/serp/google/organic/live/advanced,20000,8,"2026-07-31 13:55:37","2026-07-31 13:55:47",00:00:10,0.0125
07310855-9434-0139-0000-1d9fa9270f89,google,organic,"apps like oneblinc",2840,en,,v3/serp/google/organic/live/advanced,20000,10,"2026-07-31 13:55:28","2026-07-31 13:55:36",00:00:08,0.0155
07310855-9434-0139-0000-9a2f0efd3e55,google,organic,"uber like app development cost",2840,en,,v3/serp/google/organic/live/advanced,20000,9,"2026-07-31 13:55:16","2026-07-31 13:55:26",00:00:10,0.014
07310855-9434-0139-0000-30cef71d9ea1,google,organic,"mobile app development company los angeles",2840,en,,v3/serp/google/organic/live/advanced,20000,10,"2026-07-31 13:55:02","2026-07-31 13:55:14",00:00:12,0.0155
07310854-9434-0139-0000-0fc7c92ee35d,google,organic,"mobile app developer new york",2840,en,,v3/serp/google/organic/live/advanced,20000,10,"2026-07-31 13:54:49","2026-07-31 13:54:59",00:00:10,0.0155
07310854-9434-0139-0000-8f5d1f8a9b6f,google,organic,"digital marketing service provider",2840,en,,v3/serp/google/organic/live/advanced,20000,10,"2026-07-31 13:54:23","2026-07-31 13:54:47",00:00:24,0.0155
07310854-9434-0139-0000-06661979a078,google,organic,"ai automation agency services",2840,en,,v3/serp/google/organic/live/advanced,20000,10,"2026-07-31 13:54:06","2026-07-31 13:54:21",00:00:15,0.0155
07310853-9434-0139-0000-2d6330989064,google,organic,"tekrevol careers",2840,en,,v3/serp/google/organic/live/advanced,20000,10,"2026-07-31 13:53:58","2026-07-31 13:54:05",00:00:07,0.0155
07310853-9434-0139-0000-197830cb0976,google,organic,"app development new york",2840,en,,v3/serp/google/organic/live/advanced,20000,10,"2026-07-31 13:53:42","2026-07-31 13:53:56",00:00:14,0.0155
07310853-9434-0139-0000-46e4527669e0,google,organic,"music app developer",2840,en,,v3/serp/google/organic/live/advanced,20000,10,"2026-07-31 13:53:18","2026-07-31 13:53:39",00:00:21,0.0155
07310853-9434-0139-0000-0edc726a4842,google,organic,"moneylion alternative",2840,en,,v3/serp/google/organic/live/advanced,20000,10,"2026-07-31 13:53:05","2026-07-31 13:53:16",00:00:11,0.0155
07310852-9434-0139-0000-7ddc4f628cca,google,organic,"how much has fortnite made in total",2840,en,,v3/serp/google/organic/live/advanced,20000,10,"2026-07-31 13:52:49","2026-07-31 13:53:05",00:00:16,0.0155
07310852-9434-0139-0000-d3e9ae125f6a,google,organic,"mobile app development company",2826,en,,v3/serp/google/organic/live/advanced,20000,10,"2026-07-31 13:52:33","2026-07-31 13:52:47",00:00:14,0.0155
07310852-9434-0139-0000-42877aaff887,google,organic,"app development company",2826,en,,v3/serp/google/organic/live/advanced,20000,10,"2026-07-31 13:52:21","2026-07-31 13:52:31",00:00:10,0.0155
07310852-9434-0139-0000-f60b22f82a5e,google,organic,"mobile app development california",2840,en,,v3/serp/google/organic/live/advanced,20000,10,"2026-07-31 13:52:01","2026-07-31 13:52:19",00:00:18,0.0155
07310851-9434-0139-0000-47d8b1a926bd,google,organic,"mobile app development chicago",2840,en,,v3/serp/google/organic/live/advanced,20000,10,"2026-07-31 13:51:50","2026-07-31 13:51:59",00:00:09,0.0155
07310851-9434-0139-0000-3475619b1425,google,organic,"most popular mobile games",2840,en,,v3/serp/google/organic/live/advanced,20000,10,"2026-07-31 13:51:29","2026-07-31 13:51:48",00:00:19,0.0155
07310851-9434-0139-0000-be6107c814c4,google,organic,"mobile app development washington dc",2840,en,,v3/serp/google/organic/live/advanced,20000,10,"2026-07-31 13:51:10","2026-07-31 13:51:26",00:00:16,0.0155
07310850-9434-0139-0000-67e2da790b28,google,organic,"how much money is fortnite worth",2840,en,,v3/serp/google/organic/live/advanced,20000,10,"2026-07-31 13:50:56","2026-07-31 13:51:08",00:00:12,0.0155
07310850-9434-0139-0000-787d6c26b36f,google,organic,"app developers manchester",2840,en,,v3/serp/google/organic/live/advanced,20000,8,"2026-07-31 13:50:49","2026-07-31 13:50:55",00:00:06,0.0125
07310850-9434-0139-0000-a74bba4489dd,google,organic,"mobile app development company in uk",2840,en,,v3/serp/google/organic/live/advanced,20000,8,"2026-07-31 13:50:34","2026-07-31 13:50:47",00:00:13,0.0125
07310850-9434-0139-0000-a3c30bea820b,google,organic,"app development company in usa",2840,en,,v3/serp/google/organic/live/advanced,20000,10,"2026-07-31 13:50:17","2026-07-31 13:50:32",00:00:15,0.0155
07310849-9434-0139-0000-c50345f67576,google,organic,"mobile app development company in usa",2840,en,,v3/serp/google/organic/live/advanced,20000,10,"2026-07-31 13:49:59","2026-07-31 13:50:14",00:00:15,0.0155
07310849-9434-0139-0000-a36b444cc41a,google,organic,"mobile app development company usa",2840,en,,v3/serp/google/organic/live/advanced,20000,10,"2026-07-31 13:49:50","2026-07-31 13:49:58",00:00:08,0.0155
07310849-9434-0139-0000-5e5cf2243336,google,organic,"mobile application development agency",2840,en,,v3/serp/google/organic/live/advanced,20000,10,"2026-07-31 13:49:39","2026-07-31 13:49:48",00:00:09,0.0155
07310849-9434-0139-0000-f00b78ddeb6f,google,organic,"mobile app development agency",2840,en,,v3/serp/google/organic/live/advanced,20000,10,"2026-07-31 13:49:21","2026-07-31 13:49:38",00:00:17,0.0155
07310849-9434-0139-0000-d50a50605dd5,google,organic,"mobile apps development company",2840,en,,v3/serp/google/organic/live/advanced,20000,10,"2026-07-31 13:49:02","2026-07-31 13:49:19",00:00:17,0.0155
07310848-9434-0139-0000-e7cdca2a85ef,google,organic,"apps development company",2840,en,,v3/serp/google/organic/live/advanced,20000,10,"2026-07-31 13:48:45","2026-07-31 13:48:56",00:00:11,0.0155
07310848-9434-0139-0000-80825c8fdd7a,google,organic,"application development company",2840,en,,v3/serp/google/organic/live/advanced,20000,10,"2026-07-31 13:48:26","2026-07-31 13:48:43",00:00:17,0.0155
07310848-9434-0139-0000-82df73951d5a,google,organic,"mobile application development company",2840,en,,v3/serp/google/organic/live/advanced,20000,10,"2026-07-31 13:48:16","2026-07-31 13:48:25",00:00:09,0.0155
07310847-9434-0139-0000-24a66c8a0c87,google,organic,"app development company",2840,en,,v3/serp/google/organic/live/advanced,20000,10,"2026-07-31 13:47:52","2026-07-31 13:48:13",00:00:21,0.0155
07310847-9434-0139-0000-4d6505a06b25,google,organic,"mobile app development company",2840,en,,v3/serp/google/organic/live/advanced,20000,10,"2026-07-31 13:47:28","2026-07-31 13:47:50",00:00:22,0.0155
07310847-9434-0139-0000-8e62494694c0,google,organic,"cloud application development services",2840,en,,v3/serp/google/organic/live/advanced,20000,10,"2026-07-31 13:47:13","2026-07-31 13:47:26",00:00:13,0.0155
07310846-9434-0139-0000-535e65b3e738,google,organic,"ecommerce web design services",2840,en,,v3/serp/google/organic/live/advanced,20000,10,"2026-07-31 13:46:49","2026-07-31 13:47:11",00:00:22,0.0155
07310846-9434-0139-0000-c36037867a5c,google,organic,"music app developers",2840,en,,v3/serp/google/organic/live/advanced,20000,10,"2026-07-31 13:46:37","2026-07-31 13:46:47",00:00:10,0.0155
07310846-9434-0139-0000-7d00d82ecb72,google,organic,"how many apps are created a day",2840,en,,v3/serp/google/organic/live/advanced,20000,10,"2026-07-31 13:46:28","2026-07-31 13:46:36",00:00:08,0.0155
07310846-9434-0139-0000-51f03cddcb2f,google,organic,"app developers in chicago",2840,en,,v3/serp/google/organic/live/advanced,20000,10,"2026-07-31 13:46:14","2026-07-31 13:46:26",00:00:12,0.0155
07310845-9434-0139-0000-d722f1051d89,google,organic,"how many apps are downloaded a day",2840,en,,v3/serp/google/organic/live/advanced,20000,10,"2026-07-31 13:45:56","2026-07-31 13:46:10",00:00:14,0.0155
07310845-9434-0139-0000-321896b6b0c4,google,organic,"website development company",2840,en,,v3/serp/google/organic/live/advanced,20000,10,"2026-07-31 13:45:34","2026-07-31 13:45:53",00:00:19,0.0155
07310845-9434-0139-0000-bbdb85807524,google,organic,"mobile app development companies in los angeles",2840,en,,v3/serp/google/organic/live/advanced,20000,10,"2026-07-31 13:45:14","2026-07-31 13:45:32",00:00:18,0.0155
07310844-9434-0139-0000-223bfe967604,google,organic,"web development company",2840,en,,v3/serp/google/organic/live/advanced,20000,10,"2026-07-31 13:44:52","2026-07-31 13:45:09",00:00:17,0.0155
07310844-9434-0139-0000-974a7e040c3a,google,organic,"does earnin work with varo",2840,en,,v3/serp/google/organic/live/advanced,20000,10,"2026-07-31 13:44:42","2026-07-31 13:44:50",00:00:08,0.0155
07310844-9434-0139-0000-a9b5d92051bc,google,organic,"custom crm development company",2840,en,,v3/serp/google/organic/live/advanced,20000,10,"2026-07-31 13:44:21","2026-07-31 13:44:40",00:00:19,0.0155
07310844-9434-0139-0000-87c392bee181,google,organic,"how much money does fortnite make a day",2840,en,,v3/serp/google/organic/live/advanced,20000,10,"2026-07-31 13:44:04","2026-07-31 13:44:19",00:00:15,0.0155
07310843-9434-0139-0000-a571e730f137,google,organic,tekrevol,2840,en,,v3/serp/google/organic/live/advanced,20000,10,"2026-07-31 13:43:51","2026-07-31 13:44:03",00:00:12,0.0155
07310843-9434-0139-0000-5edfce61a733,google,organic,"mobile app development companies uk",2840,en,,v3/serp/google/organic/live/advanced,20000,9,"2026-07-31 13:43:37","2026-07-31 13:43:49",00:00:12,0.014
07310843-9434-0139-0000-b9567ae250fe,google,organic,"mobile app developers uk",2840,en,,v3/serp/google/organic/live/advanced,20000,10,"2026-07-31 13:43:26","2026-07-31 13:43:35",00:00:09,0.0155
07310843-9434-0139-0000-11bde6c87f10,google,organic,"mobile app development company new york",2840,en,,v3/serp/google/organic/live/advanced,20000,10,"2026-07-31 13:43:08","2026-07-31 13:43:23",00:00:15,0.0155
07310842-9434-0139-0000-64d1eafda8ce,google,organic,"online digital marketing agency",2840,en,,v3/serp/google/organic/live/advanced,20000,10,"2026-07-31 13:42:53","2026-07-31 13:43:05",00:00:12,0.0155
07310842-9434-0139-0000-e0753c3b978b,google,organic,"web development service",2840,en,,v3/serp/google/organic/live/advanced,20000,10,"2026-07-31 13:42:31","2026-07-31 13:42:50",00:00:19,0.0155
07310842-9434-0139-0000-3841ba614d61,google,organic,"custom web development services",2840,en,,v3/serp/google/organic/live/advanced,20000,10,"2026-07-31 13:42:21","2026-07-31 13:42:30",00:00:09,0.0155
07310842-9434-0139-0000-ebd7ccd31af8,google,organic,"fortnite lifetime revenue",2840,en,,v3/serp/google/organic/live/advanced,20000,10,"2026-07-31 13:42:04","2026-07-31 13:42:19",00:00:15,0.0155
07310841-9434-0139-0000-0076361636e6,google,organic,"software development examples",2840,en,,v3/serp/google/organic/live/advanced,20000,6,"2026-07-31 13:41:42","2026-07-31 13:42:03",00:00:21,0.0095
07310841-9434-0139-0000-4e89b0300870,google,organic,"fortnite sales",2840,en,,v3/serp/google/organic/live/advanced,20000,10,"2026-07-31 13:41:22","2026-07-31 13:41:38",00:00:16,0.0155
07310841-9434-0139-0000-e5918305bbef,google,organic,"custom ios app development company",2840,en,,v3/serp/google/organic/live/advanced,20000,10,"2026-07-31 13:41:10","2026-07-31 13:41:19",00:00:09,0.0155
07310840-9434-0139-0000-f754553ca9f8,google,organic,"ios mobile app development company",2840,en,,v3/serp/google/organic/live/advanced,20000,10,"2026-07-31 13:40:51","2026-07-31 13:41:07",00:00:16,0.0155
07310840-9434-0139-0000-fd9e0d3a203e,google,organic,"ios app development cost",2840,en,,v3/serp/google/organic/live/advanced,20000,10,"2026-07-31 13:40:37","2026-07-31 13:40:47",00:00:10,0.0155
07310840-9434-0139-0000-e038a7ef5a64,google,organic,"how much money does fortnite make a second",2840,en,,v3/serp/google/organic/live/advanced,20000,10,"2026-07-31 13:40:27","2026-07-31 13:40:36",00:00:09,0.0155
07310840-9434-0139-0000-93a7ec7ea3e2,google,organic,"mobile app development company uk",2840,en,,v3/serp/google/organic/live/advanced,20000,10,"2026-07-31 13:40:10","2026-07-31 13:40:25",00:00:15,0.0155
07310839-9434-0139-0000-de65e136ca75,google,organic,"iphone app development services",2840,en,,v3/serp/google/organic/live/advanced,20000,10,"2026-07-31 13:39:58","2026-07-31 13:40:06",00:00:08,0.0155
07310839-9434-0139-0000-c032b1b6b381,google,organic,"ios app development services",2840,en,,v3/serp/google/organic/live/advanced,20000,10,"2026-07-31 13:39:46","2026-07-31 13:39:56",00:00:10,0.0155
07310839-9434-0139-0000-6419e511d243,google,organic,"iphone app development company",2840,en,,v3/serp/google/organic/live/advanced,20000,10,"2026-07-31 13:39:37","2026-07-31 13:39:45",00:00:08,0.0155
07310839-9434-0139-0000-0ffd03ea7a13,google,organic,"ios app development company",2840,en,,v3/serp/google/organic/live/advanced,20000,10,"2026-07-31 13:39:22","2026-07-31 13:39:35",00:00:13,0.0155
07310839-9434-0139-0000-bcfe36298aa9,google,organic,"ios application development company",2840,en,,v3/serp/google/organic/live/advanced,20000,10,"2026-07-31 13:39:05","2026-07-31 13:39:19",00:00:14,0.0155
07310838-9434-0139-0000-888d53031b23,google,organic,"mobile app company uk",2840,en,,v3/serp/google/organic/live/advanced,20000,9,"2026-07-31 13:38:51","2026-07-31 13:39:02",00:00:11,0.014
07310838-9434-0139-0000-52ab6f6c0a1b,google,organic,"tekrevol houston",2840,en,,v3/serp/google/organic/live/advanced,20000,10,"2026-07-31 13:38:35","2026-07-31 13:38:44",00:00:09,0.0155
07310838-9434-0139-0000-ed4060a3fc7c,google,organic,"mobile app development company in chicago",2392,en,,v3/serp/google/organic/live/advanced,20000,4,"2026-07-31 13:38:30","2026-07-31 13:38:34",00:00:04,0.0065
07310838-9434-0139-0000-054a99fe50a0,google,organic,"how much did gta 6 cost to make",2840,en,,v3/serp/google/organic/live/advanced,20000,10,"2026-07-31 13:38:18","2026-07-31 13:38:28",00:00:10,0.0155
07310838-9434-0139-0000-d228988cebf5,google,organic,"chicago app development company",2392,en,,v3/serp/google/organic/live/advanced,20000,7,"2026-07-31 13:38:08","2026-07-31 13:38:17",00:00:09,0.011
07310837-9434-0139-0000-92b0de7681c5,google,organic,"how much money does fortnite make a year",2840,en,,v3/serp/google/organic/live/advanced,20000,10,"2026-07-31 13:37:38","2026-07-31 13:38:05",00:00:27,0.0155
07310837-9434-0139-0000-858093466fb7,google,organic,"chicago app developers",2392,en,,v3/serp/google/organic/live/advanced,20000,6,"2026-07-31 13:37:26","2026-07-31 13:37:36",00:00:10,0.0095
07310837-9434-0139-0000-40d39ec60cb8,google,organic,"chicago app development",2392,en,,v3/serp/google/organic/live/advanced,20000,7,"2026-07-31 13:37:14","2026-07-31 13:37:23",00:00:09,0.011
07310837-9434-0139-0000-90d53936eae5,google,organic,"app developers chicago",2392,en,,v3/serp/google/organic/live/advanced,20000,7,"2026-07-31 13:37:05","2026-07-31 13:37:12",00:00:07,0.011
07310836-9434-0139-0000-0f6a1845aad5,google,organic,"app development chicago",2392,en,,v3/serp/google/organic/live/advanced,20000,8,"2026-07-31 13:36:05","2026-07-31 13:36:22",00:00:17,0.0125
07310835-9434-0139-0000-642030cda91d,google,organic,"mobile app development company chicago",2392,en,,v3/serp/google/organic/live/advanced,20000,7,"2026-07-31 13:35:45","2026-07-31 13:36:05",00:00:20,0.011
07310835-9434-0139-0000-5af8b4aab701,google,organic,"chicago mobile app development",2392,en,,v3/serp/google/organic/live/advanced,20000,7,"2026-07-31 13:35:34","2026-07-31 13:35:43",00:00:09,0.011
07310835-9434-0139-0000-3a1be658e254,google,organic,"mobile app development companies los angeles",2840,en,,v3/serp/google/organic/live/advanced,20000,10,"2026-07-31 13:35:18","2026-07-31 13:35:32",00:00:14,0.0155
07310835-9434-0139-0000-3cfc9780b353,google,organic,"reddit alternatives",2840,en,,v3/serp/google/organic/live/advanced,20000,10,"2026-07-31 13:35:01","2026-07-31 13:35:15",00:00:14,0.0155
07310834-9434-0139-0000-f5218edeb851,google,organic,"development software examples",2840,en,,v3/serp/google/organic/live/advanced,20000,6,"2026-07-31 13:34:53","2026-07-31 13:34:59",00:00:06,0.0095
07310834-9434-0139-0000-034d04669c86,google,organic,"2d game development company",2840,en,,v3/serp/google/organic/live/advanced,20000,10,"2026-07-31 13:34:33","2026-07-31 13:34:51",00:00:18,0.0155
07310834-9434-0139-0000-12282d0f1bbc,google,organic,"mobile game revenue by genre",2840,en,,v3/serp/google/organic/live/advanced,20000,10,"2026-07-31 13:34:23","2026-07-31 13:34:32",00:00:09,0.0155
07310834-9434-0139-0000-ddc5c91ced73,google,organic,"how much does fortnite make a day",2840,en,,v3/serp/google/organic/live/advanced,20000,10,"2026-07-31 13:34:10","2026-07-31 13:34:21",00:00:11,0.0155
07310833-9434-0139-0000-07b4e166ed93,google,organic,"mobile app development companies in washington dc",2840,en,,v3/serp/google/organic/live/advanced,20000,10,"2026-07-31 13:33:44","2026-07-31 13:34:08",00:00:24,0.0155
07310833-9434-0139-0000-56a7cdc30884,google,organic,"how does klarna make money",2840,en,,v3/serp/google/organic/live/advanced,20000,10,"2026-07-31 13:33:36","2026-07-31 13:33:43",00:00:07,0.0155
07310833-9434-0139-0000-ef360dd581a9,google,organic,"how much has fortnite made",2840,en,,v3/serp/google/organic/live/advanced,20000,10,"2026-07-31 13:33:22","2026-07-31 13:33:34",00:00:12,0.0155
07310833-9434-0139-0000-f419da0aa846,google,organic,"digital marketing in usa",2840,en,,v3/serp/google/organic/live/advanced,20000,10,"2026-07-31 13:33:02","2026-07-31 13:33:19",00:00:17,0.0155
07310832-9434-0139-0000-ba5cbfcd9ffb,google,organic,"reddit alternative",2840,en,,v3/serp/google/organic/live/advanced,20000,10,"2026-07-31 13:32:47","2026-07-31 13:33:00",00:00:13,0.0155
07310832-9434-0139-0000-661aec74942a,google,organic,"what is fortnite worth",2840,en,,v3/serp/google/organic/live/advanced,20000,10,"2026-07-31 13:32:24","2026-07-31 13:32:45",00:00:21,0.0155
07310832-9434-0139-0000-a5ff4e2bdf78,google,organic,"mobile app development company in saudi arabia",2840,en,,v3/serp/google/organic/live/advanced,20000,10,"2026-07-31 13:32:01","2026-07-31 13:32:22",00:00:21,0.0155
07310831-9434-0139-0000-3f0347bec6e4,google,organic,"software development example",2840,en,,v3/serp/google/organic/live/advanced,20000,10,"2026-07-31 13:31:32","2026-07-31 13:31:59",00:00:27,0.0155
07310831-9434-0139-0000-76c815908149,google,organic,"hard launch vs soft launch",2840,en,,v3/serp/google/organic/live/advanced,20000,10,"2026-07-31 13:31:13","2026-07-31 13:31:30",00:00:17,0.0155
07310830-9434-0139-0000-3fac0ccfa782,google,organic,"app development company chicago",2840,en,,v3/serp/google/organic/live/advanced,20000,10,"2026-07-31 13:30:51","2026-07-31 13:31:11",00:00:20,0.0155
07310830-9434-0139-0000-d4afa3602676,google,organic,"crm development service",2840,en,,v3/serp/google/organic/live/advanced,20000,10,"2026-07-31 13:30:33","2026-07-31 13:30:48",00:00:15,0.0155
07310830-9434-0139-0000-8871c3c8ad5a,google,organic,"professional web development services",2840,en,,v3/serp/google/organic/live/advanced,20000,10,"2026-07-31 13:30:17","2026-07-31 13:30:31",00:00:14,0.0155
07310830-9434-0139-0000-2b13fb7216a0,google,organic,"app developers in dc",2840,en,,v3/serp/google/organic/live/advanced,20000,10,"2026-07-31 13:30:05","2026-07-31 13:30:14",00:00:09,0.0155
07310829-9434-0139-0000-758457f75d70,google,organic,"gta 6 budget",2840,en,,v3/serp/google/organic/live/advanced,20000,10,"2026-07-31 13:29:41","2026-07-31 13:30:04",00:00:23,0.0155
07310829-9434-0139-0000-d3c59d957c8b,google,organic,"mobile app development company chicago",2840,en,,v3/serp/google/organic/live/advanced,20000,10,"2026-07-31 13:29:29","2026-07-31 13:29:39",00:00:10,0.0155
07310829-9434-0139-0000-b89859d875c1,google,organic,"e-commerce application development",2840,en,,v3/serp/google/organic/live/advanced,20000,10,"2026-07-31 13:29:15","2026-07-31 13:29:27",00:00:12,0.0155
07310829-9434-0139-0000-6f2665a65a47,google,organic,"ecommerce app developer",2840,en,,v3/serp/google/organic/live/advanced,20000,10,"2026-07-31 13:29:04","2026-07-31 13:29:14",00:00:10,0.0155
07310828-9434-0139-0000-86fbf9abc27a,google,organic,"ecommerce application development services",2840,en,,v3/serp/google/organic/live/advanced,20000,10,"2026-07-31 13:28:46","2026-07-31 13:29:02",00:00:16,0.0155
07310828-9434-0139-0000-1b94807bbc89,google,organic,"e commerce mobile app development company",2840,en,,v3/serp/google/organic/live/advanced,20000,10,"2026-07-31 13:28:17","2026-07-31 13:28:43",00:00:26,0.0155
07310828-9434-0139-0000-35202e8bcc00,google,organic,"ecommerce application development company",2840,en,,v3/serp/google/organic/live/advanced,20000,10,"2026-07-31 13:28:04","2026-07-31 13:28:15",00:00:11,0.0155
07310827-9434-0139-0000-62cc46e4dfbd,google,organic,"mobile ecommerce app development",2840,en,,v3/serp/google/organic/live/advanced,20000,10,"2026-07-31 13:27:47","2026-07-31 13:28:01",00:00:14,0.0155
07310827-9434-0139-0000-27155e77884d,google,organic,"ecommerce mobile app development",2840,en,,v3/serp/google/organic/live/advanced,20000,10,"2026-07-31 13:27:26","2026-07-31 13:27:44",00:00:18,0.0155
07310827-9434-0139-0000-07a5db6952fa,google,organic,"ecommerce application development",2840,en,,v3/serp/google/organic/live/advanced,20000,10,"2026-07-31 13:27:04","2026-07-31 13:27:23",00:00:19,0.0155
07310826-9434-0139-0000-367929b118cd,google,organic,"ecommerce app development",2840,en,,v3/serp/google/organic/live/advanced,20000,10,"2026-07-31 13:26:50","2026-07-31 13:27:02",00:00:12,0.0155
07310826-9434-0139-0000-778cdd0cb6ec,google,organic,"custom android app development",2840,en,,v3/serp/google/organic/live/advanced,20000,10,"2026-07-31 13:26:37","2026-07-31 13:26:47",00:00:10,0.0155
07310826-9434-0139-0000-0fe3ce428a74,google,organic,"android application development agency",2840,en,,v3/serp/google/organic/live/advanced,20000,10,"2026-07-31 13:26:28","2026-07-31 13:26:36",00:00:08,0.0155
07310826-9434-0139-0000-eca2e8b452de,google,organic,"custom android app development company",2840,en,,v3/serp/google/organic/live/advanced,20000,10,"2026-07-31 13:26:18","2026-07-31 13:26:27",00:00:09,0.0155
07310825-9434-0139-0000-22762e1187b7,google,organic,"android mobile app development company",2840,en,,v3/serp/google/organic/live/advanced,20000,10,"2026-07-31 13:25:56","2026-07-31 13:26:16",00:00:20,0.0155
07310825-9434-0139-0000-e88c2a85025a,google,organic,"android app development agency",2840,en,,v3/serp/google/organic/live/advanced,20000,10,"2026-07-31 13:25:30","2026-07-31 13:25:53",00:00:23,0.0155
07310825-9434-0139-0000-39578c5f2dcb,google,organic,"android application development services",2840,en,,v3/serp/google/organic/live/advanced,20000,10,"2026-07-31 13:25:16","2026-07-31 13:25:27",00:00:11,0.0155
07310825-9434-0139-0000-5f224466a707,google,organic,"android application development company",2840,en,,v3/serp/google/organic/live/advanced,20000,10,"2026-07-31 13:25:02","2026-07-31 13:25:14",00:00:12,0.0155
07310824-9434-0139-0000-3f43ca392ff6,google,organic,"android development services",2840,en,,v3/serp/google/organic/live/advanced,20000,10,"2026-07-31 13:24:54","2026-07-31 13:25:02",00:00:08,0.0155
07310824-9434-0139-0000-73d971647b9c,google,organic,"android app development services",2840,en,,v3/serp/google/organic/live/advanced,20000,10,"2026-07-31 13:24:37","2026-07-31 13:24:52",00:00:15,0.0155
07310824-9434-0139-0000-fa43adc072a3,google,organic,"android apps development services",2840,en,,v3/serp/google/organic/live/advanced,20000,10,"2026-07-31 13:24:23","2026-07-31 13:24:35",00:00:12,0.0155
07310824-9434-0139-0000-010de6a9870d,google,organic,"android app development company",2840,en,,v3/serp/google/organic/live/advanced,20000,10,"2026-07-31 13:24:08","2026-07-31 13:24:21",00:00:13,0.0155
07310823-9434-0139-0000-5efd48cb2bf6,google,organic,"mobile game app developer",2840,en,,v3/serp/google/organic/live/advanced,20000,10,"2026-07-31 13:23:43","2026-07-31 13:24:05",00:00:22,0.0155
07310823-9434-0139-0000-dec837d13594,google,organic,"mobile game development agency",2840,en,,v3/serp/google/organic/live/advanced,20000,10,"2026-07-31 13:23:26","2026-07-31 13:23:41",00:00:15,0.0155
07310823-9434-0139-0000-7b20d5c52549,google,organic,"mobile game app development company",2840,en,,v3/serp/google/organic/live/advanced,20000,10,"2026-07-31 13:23:13","2026-07-31 13:23:24",00:00:11,0.0155
07310822-9434-0139-0000-8d9e460328d6,google,organic,"mobile game developer",2840,en,,v3/serp/google/organic/live/advanced,20000,10,"2026-07-31 13:22:53","2026-07-31 13:23:10",00:00:17,0.0155
07310822-9434-0139-0000-aa3630d27593,google,organic,"mobile game development services",2840,en,,v3/serp/google/organic/live/advanced,20000,10,"2026-07-31 13:22:41","2026-07-31 13:22:50",00:00:09,0.0155
07310822-9434-0139-0000-866b50a1dbfb,google,organic,"game app developers",2840,en,,v3/serp/google/organic/live/advanced,20000,10,"2026-07-31 13:22:21","2026-07-31 13:22:39",00:00:18,0.0155
07310822-9434-0139-0000-e280310c93cb,google,organic,"Game Development Services",2840,en,,v3/serp/google/organic/live/advanced,20000,10,"2026-07-31 13:22:02","2026-07-31 13:22:19",00:00:17,0.0155
07310821-9434-0139-0000-25a1f99ca519,google,organic,"mobile game development companies",2840,en,,v3/serp/google/organic/live/advanced,20000,10,"2026-07-31 13:21:52","2026-07-31 13:22:02",00:00:10,0.0155
07310821-9434-0139-0000-33e9d41b6ce9,google,organic,"game app development company",2840,en,,v3/serp/google/organic/live/advanced,20000,10,"2026-07-31 13:21:39","2026-07-31 13:21:50",00:00:11,0.0155
07310821-9434-0139-0000-622d51f09cf7,google,organic,"mobile game development company",2840,en,,v3/serp/google/organic/live/advanced,20000,10,"2026-07-31 13:21:20","2026-07-31 13:21:34",00:00:14,0.0155
07310821-9434-0139-0000-4eccb022a9d6,google,organic,"mobile health app developers",2840,en,,v3/serp/google/organic/live/advanced,20000,10,"2026-07-31 13:21:00","2026-07-31 13:21:17",00:00:17,0.0155
07310820-9434-0139-0000-2023a000c89e,google,organic,"medical app developers",2840,en,,v3/serp/google/organic/live/advanced,20000,10,"2026-07-31 13:20:40","2026-07-31 13:20:58",00:00:18,0.0155
07310820-9434-0139-0000-78dec7ea0735,google,organic,"healthcare mobile application development",2840,en,,v3/serp/google/organic/live/advanced,20000,10,"2026-07-31 13:20:21","2026-07-31 13:20:38",00:00:17,0.0155
07310820-9434-0139-0000-9ae314ea6aa6,google,organic,"medical app development",2840,en,,v3/serp/google/organic/live/advanced,20000,10,"2026-07-31 13:20:09","2026-07-31 13:20:18",00:00:09,0.0155
07310820-9434-0139-0000-7d1916d1c544,google,organic,"healthcare app development",2840,en,,v3/serp/google/organic/live/advanced,20000,10,"2026-07-31 13:20:01","2026-07-31 13:20:08",00:00:07,0.0155
07310819-9434-0139-0000-791e45065334,google,organic,"healthcare application development",2840,en,,v3/serp/google/organic/live/advanced,20000,10,"2026-07-31 13:19:51","2026-07-31 13:20:00",00:00:09,0.0155
07310819-9434-0139-0000-63f6ef7ac4ce,google,organic,"medical app development companies",2840,en,,v3/serp/google/organic/live/advanced,20000,10,"2026-07-31 13:19:33","2026-07-31 13:19:49",00:00:16,0.0155
07310819-9434-0139-0000-2f336a1617dc,google,organic,"healthcare mobile app development companies",2840,en,,v3/serp/google/organic/live/advanced,20000,10,"2026-07-31 13:19:19","2026-07-31 13:19:31",00:00:12,0.0155
07310819-9434-0139-0000-06a1cbe104ee,google,organic,"healthcare app developers",2840,en,,v3/serp/google/organic/live/advanced,20000,10,"2026-07-31 13:19:05","2026-07-31 13:19:17",00:00:12,0.0155
07310818-9434-0139-0000-e87e286a5f48,google,organic,"healthcare application development services",2840,en,,v3/serp/google/organic/live/advanced,20000,10,"2026-07-31 13:18:55","2026-07-31 13:19:05",00:00:10,0.0155
07310818-9434-0139-0000-31a0bb8197f7,google,organic,"healthcare app development services",2840,en,,v3/serp/google/organic/live/advanced,20000,10,"2026-07-31 13:18:46","2026-07-31 13:18:54",00:00:08,0.0155
07310818-9434-0139-0000-edb925b1ea1d,google,organic,"healthcare mobile app development company",2840,en,,v3/serp/google/organic/live/advanced,20000,10,"2026-07-31 13:18:23","2026-07-31 13:18:43",00:00:20,0.0155
07310818-9434-0139-0000-56c0fe5f8e25,google,organic,"app development houston",2500,en,,v3/serp/google/organic/live/advanced,20000,8,"2026-07-31 13:18:11","2026-07-31 13:18:19",00:00:08,0.0125
07310817-9434-0139-0000-9fdab004d79a,google,organic,"mobile app development company houston",2500,en,,v3/serp/google/organic/live/advanced,20000,10,"2026-07-31 13:17:46","2026-07-31 13:18:09",00:00:23,0.0155
07310817-9434-0139-0000-dacca7c23e6a,google,organic,"houston mobile app development",2500,en,,v3/serp/google/organic/live/advanced,20000,8,"2026-07-31 13:17:28","2026-07-31 13:17:44",00:00:16,0.0125
07310817-9434-0139-0000-0aec1a51b963,google,organic,"mobile app development houston",2500,en,,v3/serp/google/organic/live/advanced,20000,8,"2026-07-31 13:17:14","2026-07-31 13:17:26",00:00:12,0.0125
07310817-9434-0139-0000-5e1a145df955,google,organic,"android app development houston",2500,en,,v3/serp/google/organic/live/advanced,20000,7,"2026-07-31 13:17:04","2026-07-31 13:17:13",00:00:09,0.011
07310816-9434-0139-0000-56e34f50be85,google,organic,"app developer houston",2500,en,,v3/serp/google/organic/live/advanced,20000,5,"2026-07-31 13:16:52","2026-07-31 13:17:03",00:00:11,0.008
07310816-9434-0139-0000-592794cd681f,google,organic,"mobile app developer houston",2500,en,,v3/serp/google/organic/live/advanced,20000,8,"2026-07-31 13:16:31","2026-07-31 13:16:49",00:00:18,0.0125
07310816-9434-0139-0000-060c458e671f,google,organic,"mobile apps development houston",2500,en,,v3/serp/google/organic/live/advanced,20000,9,"2026-07-31 13:16:18","2026-07-31 13:16:29",00:00:11,0.014
07310816-9434-0139-0000-59fe426b467c,google,organic,"mobile app developers houston",2500,en,,v3/serp/google/organic/live/advanced,20000,8,"2026-07-31 13:16:04","2026-07-31 13:16:16",00:00:12,0.0125
07310815-9434-0139-0000-c50f2f245f80,google,organic,"houston app developers",2500,en,,v3/serp/google/organic/live/advanced,20000,7,"2026-07-31 13:15:53","2026-07-31 13:16:03",00:00:10,0.011
07310815-9434-0139-0000-9d00ba2ae32f,google,organic,"music app development company",2840,en,,v3/serp/google/organic/live/advanced,20000,10,"2026-07-31 13:15:31","2026-07-31 13:15:50",00:00:19,0.0155
07310815-9434-0139-0000-299508f847d3,google,organic,"mobile app development company san francisco",2840,en,,v3/serp/google/organic/live/advanced,20000,10,"2026-07-31 13:15:16","2026-07-31 13:15:29",00:00:13,0.0155
07310815-9434-0139-0000-413cdd469e46,google,organic,"musi alternative",2840,en,,v3/serp/google/organic/live/advanced,20000,6,"2026-07-31 13:15:11","2026-07-31 13:15:16",00:00:05,0.0095
07310814-9434-0139-0000-8cc587894739,google,organic,"custom website development services",2840,en,,v3/serp/google/organic/live/advanced,20000,10,"2026-07-31 13:14:45","2026-07-31 13:15:08",00:00:23,0.0155
07310814-9434-0139-0000-4b2ea85abe6c,google,organic,"fortnite revenue",2840,en,,v3/serp/google/organic/live/advanced,20000,10,"2026-07-31 13:14:25","2026-07-31 13:14:43",00:00:18,0.0155
07310814-9434-0139-0000-ec383068df84,google,organic,"digital marketing companies usa",2840,en,,v3/serp/google/organic/live/advanced,20000,10,"2026-07-31 13:14:02","2026-07-31 13:14:24",00:00:22,0.0155
07310813-9434-0139-0000-1e446d53626f,google,organic,"mobile app development companies in san francisco",2840,en,,v3/serp/google/organic/live/advanced,20000,10,"2026-07-31 13:13:37","2026-07-31 13:14:00",00:00:23,0.0155
07310813-9434-0139-0000-ea692532fcc4,google,organic,"healthcare app development company",2840,en,,v3/serp/google/organic/live/advanced,20000,10,"2026-07-31 13:13:27","2026-07-31 13:13:35",00:00:08,0.0155
07310813-9434-0139-0000-6aa48985d7f5,google,organic,"how much is fortnite worth",2840,en,,v3/serp/google/organic/live/advanced,20000,10,"2026-07-31 13:13:12","2026-07-31 13:13:25",00:00:13,0.0155
07310812-9434-0139-0000-b7d1f83e60b4,google,organic,"apps like tiktok",2840,en,,v3/serp/google/organic/live/advanced,20000,10,"2026-07-31 13:12:59","2026-07-31 13:13:09",00:00:10,0.0155
07310812-9434-0139-0000-d5c388c164f1,google,organic,"app developer miami",2840,en,,v3/serp/google/organic/live/advanced,20000,10,"2026-07-31 13:12:51","2026-07-31 13:12:58",00:00:07,0.0155
07310812-9434-0139-0000-bf341a23cdcb,google,organic,"app developers near me",2840,en,,v3/serp/google/organic/live/advanced,20000,10,"2026-07-31 13:12:31","2026-07-31 13:12:49",00:00:18,0.0155
07310812-9434-0139-0000-3a194da8290a,google,organic,"how much does fortnite make a year",2840,en,,v3/serp/google/organic/live/advanced,20000,10,"2026-07-31 13:12:16","2026-07-31 13:12:28",00:00:12,0.0155
07310812-9434-0139-0000-d236ed421465,google,organic,"digital marketing agency usa",2840,en,,v3/serp/google/organic/live/advanced,20000,10,"2026-07-31 13:12:00","2026-07-31 13:12:14",00:00:14,0.0155
07310811-9434-0139-0000-d3eebc9e0d6e,google,organic,"fortnite net worth",2840,en,,v3/serp/google/organic/live/advanced,20000,8,"2026-07-31 13:11:33","2026-07-31 13:11:58",00:00:25,0.0125
07310811-9434-0139-0000-d3ae3678b806,google,organic,"crm development services",2840,en,,v3/serp/google/organic/live/advanced,20000,10,"2026-07-31 13:11:18","2026-07-31 13:11:30",00:00:12,0.0155
07310810-9434-0139-0000-4ea8fe75d891,google,organic,"ecommerce web development services",2840,en,,v3/serp/google/organic/live/advanced,20000,10,"2026-07-31 13:10:51","2026-07-31 13:11:15",00:00:24,0.0155
07310810-9434-0139-0000-59bfe2b0fc66,google,organic,"web development services",2840,en,,v3/serp/google/organic/live/advanced,20000,10,"2026-07-31 13:10:36","2026-07-31 13:10:49",00:00:13,0.0155
07310810-9434-0139-0000-95c5ef56b3c6,google,organic,"ai automation companies",2840,en,,v3/serp/google/organic/live/advanced,20000,10,"2026-07-31 13:10:15","2026-07-31 13:10:30",00:00:15,0.0155
07310809-9434-0139-0000-c78fd2dabf93,google,organic,"what is new in gaming technology jogametech",2840,en,,v3/serp/google/organic/live/advanced,20000,10,"2026-07-31 13:09:49","2026-07-31 13:10:13",00:00:24,0.0155
07310809-9434-0139-0000-cf4b97518803,google,organic,"ai automation agency",2840,en,,v3/serp/google/organic/live/advanced,20000,10,"2026-07-31 13:09:25","2026-07-31 13:09:45",00:00:20,0.0155
07310809-9434-0139-0000-cfa699349abb,google,organic,"gta 6 cost to make",2840,en,,v3/serp/google/organic/live/advanced,20000,10,"2026-07-31 13:09:03","2026-07-31 13:09:23",00:00:20,0.0155
07310808-9434-0139-0000-377bc1ca76d0,google,organic,"mobile app development company denver",2404,en,,v3/serp/google/organic/live/advanced,20000,10,"2026-07-31 13:08:47","2026-07-31 13:09:00",00:00:13,0.0155
07310808-9434-0139-0000-4db2515392a0,google,organic,"app developer denver",2404,en,,v3/serp/google/organic/live/advanced,20000,10,"2026-07-31 13:08:26","2026-07-31 13:08:45",00:00:19,0.0155
07310808-9434-0139-0000-075ba4fff6b2,google,organic,"digital marketing services usa",2840,en,,v3/serp/google/organic/live/advanced,20000,10,"2026-07-31 13:08:06","2026-07-31 13:08:23",00:00:17,0.0155
07310807-9434-0139-0000-e21a0e5be59c,google,organic,"digital marketing firms in usa",2840,en,,v3/serp/google/organic/live/advanced,20000,10,"2026-07-31 13:07:49","2026-07-31 13:08:00",00:00:11,0.0155
07310807-9434-0139-0000-d019827ecf35,google,organic,"digital marketing company",2840,en,,v3/serp/google/organic/live/advanced,20000,10,"2026-07-31 13:07:34","2026-07-31 13:07:47",00:00:13,0.0155
07310807-9434-0139-0000-95840fdd3e57,google,organic,"digital marketing services",2840,en,,v3/serp/google/organic/live/advanced,20000,10,"2026-07-31 13:07:18","2026-07-31 13:07:31",00:00:13,0.0155
07310807-9434-0139-0000-817189fe800a,google,organic,"digital marketing agency",2840,en,,v3/serp/google/organic/live/advanced,20000,10,"2026-07-31 13:07:03","2026-07-31 13:07:16",00:00:13,0.0155
07310806-9434-0139-0000-bad06c2c547b,google,organic,"3d game developers",2840,en,,v3/serp/google/organic/live/advanced,20000,10,"2026-07-31 13:06:47","2026-07-31 13:06:59",00:00:12,0.0155
07310806-9434-0139-0000-c4df7c97353a,google,organic,"3d game development company",2840,en,,v3/serp/google/organic/live/advanced,20000,10,"2026-07-31 13:06:29","2026-07-31 13:06:45",00:00:16,0.0155
07310806-9434-0139-0000-ad24b5c0ae04,google,organic,"3d game development services",2840,en,,v3/serp/google/organic/live/advanced,20000,10,"2026-07-31 13:06:16","2026-07-31 13:06:27",00:00:11,0.0155
07310806-9434-0139-0000-965b1f41a434,google,organic,"3d game development",2840,en,,v3/serp/google/organic/live/advanced,20000,9,"2026-07-31 13:06:00","2026-07-31 13:06:14",00:00:14,0.014
07310805-9434-0139-0000-aa882afa99da,google,organic,"ai app development company",2840,en,,v3/serp/google/organic/live/advanced,20000,10,"2026-07-31 13:05:45","2026-07-31 13:05:57",00:00:12,0.0155
07310805-9434-0139-0000-0f8d51e0bea8,google,organic,"ai software development services",2840,en,,v3/serp/google/organic/live/advanced,20000,10,"2026-07-31 13:05:18","2026-07-31 13:05:43",00:00:25,0.0155
07310804-9434-0139-0000-c13cb14e118c,google,organic,"ai application development services",2840,en,,v3/serp/google/organic/live/advanced,20000,10,"2026-07-31 13:04:57","2026-07-31 13:05:15",00:00:18,0.0155
07310804-9434-0139-0000-edff703f4727,google,organic,"artificial intelligence development services",2840,en,,v3/serp/google/organic/live/advanced,20000,10,"2026-07-31 13:04:30","2026-07-31 13:04:54",00:00:24,0.0155
07310804-9434-0139-0000-80c5adaf6a0e,google,organic,"artificial intelligence development company",2840,en,,v3/serp/google/organic/live/advanced,20000,10,"2026-07-31 13:04:11","2026-07-31 13:04:27",00:00:16,0.0155
07310803-9434-0139-0000-bfcc69dadb20,google,organic,"ai development company",2840,en,,v3/serp/google/organic/live/advanced,20000,10,"2026-07-31 13:03:51","2026-07-31 13:04:05",00:00:14,0.0155
07310803-9434-0139-0000-ff6fcbb8e61a,google,organic,"ai development services",2840,en,,v3/serp/google/organic/live/advanced,20000,6,"2026-07-31 13:03:39","2026-07-31 13:03:48",00:00:09,0.0095
07310803-9434-0139-0000-b84d155e9139,google,organic,"flutter app development agency",2840,en,,v3/serp/google/organic/live/advanced,20000,10,"2026-07-31 13:03:20","2026-07-31 13:03:31",00:00:11,0.0155
07310803-9434-0139-0000-2757117ff4d6,google,organic,"flutter application development services",2840,en,,v3/serp/google/organic/live/advanced,20000,10,"2026-07-31 13:03:05","2026-07-31 13:03:17",00:00:12,0.0155
07310802-9434-0139-0000-80b25e4723d4,google,organic,"flutter mobile application development company",2840,en,,v3/serp/google/organic/live/advanced,20000,10,"2026-07-31 13:02:47","2026-07-31 13:02:54",00:00:07,0.0155
07310802-9434-0139-0000-43aa9b4c6b2f,google,organic,"flutter app development company in usa",2840,en,,v3/serp/google/organic/live/advanced,20000,10,"2026-07-31 13:02:20","2026-07-31 13:02:44",00:00:24,0.0155
07310802-9434-0139-0000-90dad685c309,google,organic,"custom software development solutions",2840,en,,v3/serp/google/organic/live/advanced,20000,10,"2026-07-31 13:02:01","2026-07-31 13:02:18",00:00:17,0.0155
07310801-9434-0139-0000-a49bd15b7d87,google,organic,"custom software development firm",2840,en,,v3/serp/google/organic/live/advanced,20000,10,"2026-07-31 13:01:44","2026-07-31 13:01:58",00:00:14,0.0155
07310801-9434-0139-0000-cf523aebcbb4,google,organic,"custom software development",2840,en,,v3/serp/google/organic/live/advanced,20000,10,"2026-07-31 13:01:23","2026-07-31 13:01:42",00:00:19,0.0155
07310800-9434-0139-0000-d07db177ec8e,google,organic,"custom software development company",2840,en,,v3/serp/google/organic/live/advanced,20000,10,"2026-07-31 13:00:55","2026-07-31 13:01:21",00:00:26,0.0155
07310800-9434-0139-0000-896a795c508c,google,organic,"cloud app development services",2840,en,,v3/serp/google/organic/live/advanced,20000,10,"2026-07-31 13:00:36","2026-07-31 13:00:53",00:00:17,0.0155
07310800-9434-0139-0000-96abde67372f,google,organic,"cloud app development",2840,en,,v3/serp/google/organic/live/advanced,20000,10,"2026-07-31 13:00:19","2026-07-31 13:00:33",00:00:14,0.0155
07310800-9434-0139-0000-df4bc2d1d341,google,organic,"cloud application services",2840,en,,v3/serp/google/organic/live/advanced,20000,10,"2026-07-31 13:00:05","2026-07-31 13:00:17",00:00:12,0.0155
07310759-9434-0139-0000-9977f653a15e,google,organic,"cloud application development company",2840,en,,v3/serp/google/organic/live/advanced,20000,10,"2026-07-31 12:59:54","2026-07-31 13:00:04",00:00:10,0.0155
07310759-9434-0139-0000-102da777d703,google,organic,"it staff augmentation company",2840,en,,v3/serp/google/organic/live/advanced,20000,10,"2026-07-31 12:59:32","2026-07-31 12:59:52",00:00:20,0.0155
07310759-9434-0139-0000-9b30ebf9bf37,google,organic,"it staff augmentation",2840,en,,v3/serp/google/organic/live/advanced,20000,10,"2026-07-31 12:59:11","2026-07-31 12:59:30",00:00:19,0.0155
07310758-9434-0139-0000-4055b72b490b,google,organic,"staff augmentation company",2840,en,,v3/serp/google/organic/live/advanced,20000,10,"2026-07-31 12:58:59","2026-07-31 12:59:08",00:00:09,0.0155
07310758-9434-0139-0000-aa42fba4c2b2,google,organic,"it staff augmentation services",2840,en,,v3/serp/google/organic/live/advanced,20000,10,"2026-07-31 12:58:35","2026-07-31 12:58:56",00:00:21,0.0155
07310758-9434-0139-0000-9c2767577303,google,organic,"staff augmentation services",2840,en,,v3/serp/google/organic/live/advanced,20000,10,"2026-07-31 12:58:23","2026-07-31 12:58:33",00:00:10,0.0155
07310757-9434-0139-0000-e2888ef12582,google,organic,"custom crm development services",2840,en,,v3/serp/google/organic/live/advanced,20000,10,"2026-07-31 12:57:58","2026-07-31 12:58:20",00:00:22,0.0155
07310757-9434-0139-0000-6187d4dd96a5,google,organic,"crm development company",2840,en,,v3/serp/google/organic/live/advanced,20000,10,"2026-07-31 12:57:39","2026-07-31 12:57:55",00:00:16,0.0155
07310757-9434-0139-0000-baa09da6f273,google,organic,"custom crm development",2840,en,,v3/serp/google/organic/live/advanced,20000,10,"2026-07-31 12:57:21","2026-07-31 12:57:37",00:00:16,0.0155
07310757-9434-0139-0000-e828b55f1ff2,google,organic,"crm software development",2840,en,,v3/serp/google/organic/live/advanced,20000,6,"2026-07-31 12:57:05","2026-07-31 12:57:19",00:00:14,0.0095
07310756-9434-0139-0000-3cc709e40637,google,organic,"crm software development company",2840,en,,v3/serp/google/organic/live/advanced,20000,10,"2026-07-31 12:56:46","2026-07-31 12:57:01",00:00:15,0.0155
07310756-9434-0139-0000-731e573d806d,google,organic,"on demand service app development",2840,en,,v3/serp/google/organic/live/advanced,20000,10,"2026-07-31 12:56:31","2026-07-31 12:56:44",00:00:13,0.0155
07310756-9434-0139-0000-8d251319692e,google,organic,"on demand mobile app development",2840,en,,v3/serp/google/organic/live/advanced,20000,10,"2026-07-31 12:56:19","2026-07-31 12:56:28",00:00:09,0.0155
07310756-9434-0139-0000-eb810811b5a4,google,organic,"android app development New York",2458,en,,v3/serp/google/organic/live/advanced,20000,9,"2026-07-31 12:56:09","2026-07-31 12:56:18",00:00:09,0.014
07310755-9434-0139-0000-636c837503e1,google,organic,"mobile app developers NYC",2458,en,,v3/serp/google/organic/live/advanced,20000,9,"2026-07-31 12:55:41","2026-07-31 12:56:07",00:00:26,0.014
07310755-9434-0139-0000-cf56024550be,google,organic,"mobile app developer New York",2458,en,,v3/serp/google/organic/live/advanced,20000,10,"2026-07-31 12:55:21","2026-07-31 12:55:39",00:00:18,0.0155
07310754-9434-0139-0000-8b411b27c49f,google,organic,"app developers NYC",2458,en,,v3/serp/google/organic/live/advanced,20000,9,"2026-07-31 12:54:57","2026-07-31 12:55:20",00:00:23,0.014
07310754-9434-0139-0000-25cb9c12f315,google,organic,"app development company NYC",2458,en,,v3/serp/google/organic/live/advanced,20000,9,"2026-07-31 12:54:42","2026-07-31 12:54:55",00:00:13,0.014
07310754-9434-0139-0000-28737b74a022,google,organic,"mobile app development company NYC",2458,en,,v3/serp/google/organic/live/advanced,20000,10,"2026-07-31 12:54:22","2026-07-31 12:54:40",00:00:18,0.0155
07310754-9434-0139-0000-da6db330b627,google,organic,"NYC app developers",2458,en,,v3/serp/google/organic/live/advanced,20000,9,"2026-07-31 12:54:05","2026-07-31 12:54:21",00:00:16,0.014
07310753-9434-0139-0000-81434a02133b,google,organic,"app developer NYC",2458,en,,v3/serp/google/organic/live/advanced,20000,9,"2026-07-31 12:53:50","2026-07-31 12:54:03",00:00:13,0.014
07310753-9434-0139-0000-c7f0a81be5d7,google,organic,"custom crm software development company",2840,en,,v3/serp/google/organic/live/advanced,20000,10,"2026-07-31 12:53:32","2026-07-31 12:53:40",00:00:08,0.0155
07310753-9434-0139-0000-f52481979f39,google,organic,"app developers in KSA",2682,ar,,v3/serp/google/organic/live/advanced,20000,9,"2026-07-31 12:53:09","2026-07-31 12:53:16",00:00:07,0.014
07310752-9434-0139-0000-214d01047537,google,organic,"KSA mobile app development",2682,ar,,v3/serp/google/organic/live/advanced,20000,9,"2026-07-31 12:52:51","2026-07-31 12:53:06",00:00:15,0.014
07310752-9434-0139-0000-89f2007d9172,google,organic,"mobile app development companies in saudi arabia",2682,ar,,v3/serp/google/organic/live/advanced,20000,9,"2026-07-31 12:52:34","2026-07-31 12:52:48",00:00:14,0.014
07310752-9434-0139-0000-bf78d83f3958,google,organic,"mobile app development in KSA",2682,ar,,v3/serp/google/organic/live/advanced,20000,9,"2026-07-31 12:52:23","2026-07-31 12:52:32",00:00:09,0.014
07310752-9434-0139-0000-41286c381dbd,google,organic,"app developers in saudi arabia",2682,ar,,v3/serp/google/organic/live/advanced,20000,9,"2026-07-31 12:52:17","2026-07-31 12:52:22",00:00:05,0.014
07310752-9434-0139-0000-741510263349,google,organic,"app development agency in saudi arabia",2682,ar,,v3/serp/google/organic/live/advanced,20000,10,"2026-07-31 12:52:04","2026-07-31 12:52:15",00:00:11,0.0155
07310751-9434-0139-0000-4756684dc51a,google,organic,"mobile app development company in saudi",2682,ar,,v3/serp/google/organic/live/advanced,20000,9,"2026-07-31 12:51:50","2026-07-31 12:52:02",00:00:12,0.014
07310751-9434-0139-0000-1bbfd840326c,google,organic,"mobile app development company saudi",2682,ar,,v3/serp/google/organic/live/advanced,20000,9,"2026-07-31 12:51:42","2026-07-31 12:51:49",00:00:07,0.014
07310751-9434-0139-0000-c46ac91f69a9,google,organic,"mobile app development company uk",2826,en,,v3/serp/google/organic/live/advanced,20000,10,"2026-07-31 12:51:14","2026-07-31 12:51:35",00:00:21,0.0155
07310751-9434-0139-0000-6470fb1e8127,google,organic,"uk app developers",2826,en,,v3/serp/google/organic/live/advanced,20000,10,"2026-07-31 12:51:00","2026-07-31 12:51:12",00:00:12,0.0155
07310750-9434-0139-0000-ab3696c22c78,google,organic,"mobile app developers uk",2826,en,,v3/serp/google/organic/live/advanced,20000,10,"2026-07-31 12:50:46","2026-07-31 12:50:57",00:00:11,0.0155
07310750-9434-0139-0000-fced22482caf,google,organic,"app developers uk",2826,en,,v3/serp/google/organic/live/advanced,20000,10,"2026-07-31 12:50:38","2026-07-31 12:50:45",00:00:07,0.0155
07310750-9434-0139-0000-f2193dde3a80,google,organic,"app developer uk",2826,en,,v3/serp/google/organic/live/advanced,20000,10,"2026-07-31 12:50:26","2026-07-31 12:50:35",00:00:09,0.0155
07310750-9434-0139-0000-941c5591b6a6,google,organic,"app development companies uk",2826,en,,v3/serp/google/organic/live/advanced,20000,10,"2026-07-31 12:50:11","2026-07-31 12:50:24",00:00:13,0.0155
07310749-9434-0139-0000-074b9f5c0f2e,google,organic,"mobile app development uk",2826,en,,v3/serp/google/organic/live/advanced,20000,10,"2026-07-31 12:49:59","2026-07-31 12:50:08",00:00:09,0.0155
07310749-9434-0139-0000-5f4c253f49e5,google,organic,"app development company uk",2826,en,,v3/serp/google/organic/live/advanced,20000,10,"2026-07-31 12:49:48","2026-07-31 12:49:57",00:00:09,0.0155
07310749-9434-0139-0000-3258765bd9b9,google,organic,"mobile app development companies",2826,en,,v3/serp/google/organic/live/advanced,20000,10,"2026-07-31 12:49:34","2026-07-31 12:49:45",00:00:11,0.0155
07310749-9434-0139-0000-5118d008eb87,google,organic,"app development uk",2826,en,,v3/serp/google/organic/live/advanced,20000,10,"2026-07-31 12:49:21","2026-07-31 12:49:32",00:00:11,0.0155
07310749-9434-0139-0000-082372d79451,google,organic,"music streaming app development company",2840,en,,v3/serp/google/organic/live/advanced,20000,10,"2026-07-31 12:49:02","2026-07-31 12:49:12",00:00:10,0.0155
07310748-9434-0139-0000-fe2cbf7ba114,google,organic,"music app development services",2840,en,,v3/serp/google/organic/live/advanced,20000,10,"2026-07-31 12:48:37","2026-07-31 12:48:59",00:00:22,0.0155
07310748-9434-0139-0000-56259a0f239d,google,organic,"app development company near me",2840,en,,v3/serp/google/organic/live/advanced,20000,10,"2026-07-31 12:48:22","2026-07-31 12:48:33",00:00:11,0.0155
07310748-9434-0139-0000-c02d907b3008,google,organic,"app development near me",2840,en,,v3/serp/google/organic/live/advanced,20000,10,"2026-07-31 12:48:04","2026-07-31 12:48:19",00:00:15,0.0155
07310747-9434-0139-0000-d7b49cd8305c,google,organic,"mobile app development company near me",2840,en,,v3/serp/google/organic/live/advanced,20000,10,"2026-07-31 12:47:51","2026-07-31 12:48:02",00:00:11,0.0155
07310747-9434-0139-0000-f82fb49e7480,google,organic,"mobile app development near me",2840,en,,v3/serp/google/organic/live/advanced,20000,10,"2026-07-31 12:47:37","2026-07-31 12:47:49",00:00:12,0.0155
07310747-9434-0139-0000-a95226c4b74d,google,organic,"Website Development Company USA",2840,en,,v3/serp/google/organic/live/advanced,20000,10,"2026-07-31 12:47:13","2026-07-31 12:47:25",00:00:12,0.0155
07310747-9434-0139-0000-b8cfc69ffe82,google,organic,"Website Development Services",2840,en,,v3/serp/google/organic/live/advanced,20000,10,"2026-07-31 12:47:02","2026-07-31 12:47:10",00:00:08,0.0155
07310746-9434-0139-0000-3add6dd0a9f0,google,organic,"website development companies in usa",2840,en,,v3/serp/google/organic/live/advanced,20000,10,"2026-07-31 12:46:31","2026-07-31 12:46:58",00:00:27,0.0155
07310746-9434-0139-0000-c8483830010a,google,organic,"website development company in usa",2840,en,,v3/serp/google/organic/live/advanced,20000,10,"2026-07-31 12:46:20","2026-07-31 12:46:29",00:00:09,0.0155
07310746-9434-0139-0000-878b3f67d6eb,google,organic,"web development services company",2840,en,,v3/serp/google/organic/live/advanced,20000,10,"2026-07-31 12:46:04","2026-07-31 12:46:18",00:00:14,0.0155
07310745-9434-0139-0000-38c1a262a50e,google,organic,"website designing and development services",2840,en,,v3/serp/google/organic/live/advanced,20000,10,"2026-07-31 12:45:49","2026-07-31 12:46:01",00:00:12,0.0155
07310745-9434-0139-0000-e320769f9f5d,google,organic,"website development solutions",2840,en,,v3/serp/google/organic/live/advanced,20000,10,"2026-07-31 12:45:31","2026-07-31 12:45:46",00:00:15,0.0155
07310745-9434-0139-0000-1c92008ef031,google,organic,"professional website development services",2840,en,,v3/serp/google/organic/live/advanced,20000,10,"2026-07-31 12:45:17","2026-07-31 12:45:27",00:00:10,0.0155
07310745-9434-0139-0000-f7a54c7a914b,google,organic,"Web Development Services",2840,en,,v3/serp/google/organic/live/advanced,20000,10,"2026-07-31 12:45:09","2026-07-31 12:45:15",00:00:06,0.0155
07310744-9434-0139-0000-f939da4442c1,google,organic,"web development services in usa",2840,en,,v3/serp/google/organic/live/advanced,20000,10,"2026-07-31 12:44:50","2026-07-31 12:45:06",00:00:16,0.0155
07310744-9434-0139-0000-ca6599c724f9,google,organic,"web development services usa",2840,en,,v3/serp/google/organic/live/advanced,20000,10,"2026-07-31 12:44:25","2026-07-31 12:44:47",00:00:22,0.0155
07310744-9434-0139-0000-70293e80fc45,google,organic,"Website Development Services in USA",2840,en,,v3/serp/google/organic/live/advanced,20000,10,"2026-07-31 12:44:14","2026-07-31 12:44:21",00:00:07,0.0155
07310744-9434-0139-0000-3d152e44f4e3,google,organic,"custom iphone app development",2840,en,,v3/serp/google/organic/live/advanced,20000,10,"2026-07-31 12:44:00","2026-07-31 12:44:11",00:00:11,0.0155
07310743-9434-0139-0000-4c17c06cc3ea,google,organic,"custom ios app development services",2840,en,,v3/serp/google/organic/live/advanced,20000,10,"2026-07-31 12:43:42","2026-07-31 12:43:57",00:00:15,0.0155
07310743-9434-0139-0000-7b7584bf82fb,google,organic,"ios app development agency",2840,en,,v3/serp/google/organic/live/advanced,20000,10,"2026-07-31 12:43:28","2026-07-31 12:43:39",00:00:11,0.0155
07310743-9434-0139-0000-1e4223d84484,google,organic,"iphone app development company usa",2840,en,,v3/serp/google/organic/live/advanced,20000,10,"2026-07-31 12:43:13","2026-07-31 12:43:25",00:00:12,0.0155
07310743-9434-0139-0000-5140bc860c9f,google,organic,"iphone applications development company",2840,en,,v3/serp/google/organic/live/advanced,20000,10,"2026-07-31 12:43:02","2026-07-31 12:43:10",00:00:08,0.0155
07310742-9434-0139-0000-725cc6f05570,google,organic,"iphone application development services",2840,en,,v3/serp/google/organic/live/advanced,20000,10,"2026-07-31 12:42:40","2026-07-31 12:42:59",00:00:19,0.0155
07310742-9434-0139-0000-e10822f4c728,google,organic,"app developers in chicago",2392,en,,v3/serp/google/organic/live/advanced,20000,7,"2026-07-31 12:42:23","2026-07-31 12:42:33",00:00:10,0.011
07310742-9434-0139-0000-e9a549f347ef,google,organic,"app development companies in chicago",2392,en,,v3/serp/google/organic/live/advanced,20000,7,"2026-07-31 12:42:15","2026-07-31 12:42:22",00:00:07,0.011
07310742-9434-0139-0000-7b2002159df2,google,organic,"website design company New Jersey",21167,en,,v3/serp/google/organic/live/advanced,20000,10,"2026-07-31 12:42:05","2026-07-31 12:42:13",00:00:08,0.0155
07310741-9434-0139-0000-2b905352841c,google,organic,"website development nj",2840,en,,v3/serp/google/organic/live/advanced,20000,10,"2026-07-31 12:41:54","2026-07-31 12:42:04",00:00:10,0.0155
07310741-9434-0139-0000-58749f79f9a5,google,organic,"web development new jersey",21167,en,,v3/serp/google/organic/live/advanced,20000,10,"2026-07-31 12:41:28","2026-07-31 12:41:51",00:00:23,0.0155
07310741-9434-0139-0000-f15ccaf5f119,google,organic,"website design new jersey",21167,en,,v3/serp/google/organic/live/advanced,20000,10,"2026-07-31 12:41:16","2026-07-31 12:41:25",00:00:09,0.0155
07310740-9434-0139-0000-019daff41446,google,organic,"web development nj",2840,en,,v3/serp/google/organic/live/advanced,20000,4,"2026-07-31 12:40:58","2026-07-31 12:41:12",00:00:14,0.0065
07310740-9434-0139-0000-2699f046ca4d,google,organic,"web design company nj",2840,en,,v3/serp/google/organic/live/advanced,20000,10,"2026-07-31 12:40:32","2026-07-31 12:40:56",00:00:24,0.0155
07310740-9434-0139-0000-dcfdb6858d90,google,organic,"web development company new jersey",21167,en,,v3/serp/google/organic/live/advanced,20000,10,"2026-07-31 12:40:09","2026-07-31 12:40:29",00:00:20,0.0155
07310739-9434-0139-0000-0c277f287fd6,google,organic,"website design companies nj",2840,en,,v3/serp/google/organic/live/advanced,20000,10,"2026-07-31 12:39:55","2026-07-31 12:40:06",00:00:11,0.0155
07310739-9434-0139-0000-612ae8a67b72,google,organic,"mobile app development",2840,en,,v3/serp/google/organic/live/advanced,20000,10,"2026-07-31 12:39:05","2026-07-31 12:39:21",00:00:16,0.0155
07310738-9434-0139-0000-4e6a20fcdcae,google,organic,"marketing os smoke",2840,en,,v3/serp/google/organic/live/advanced,20000,1,"2026-07-31 12:38:07","2026-07-31 12:38:25",00:00:18,0.002
07310737-9434-0139-0000-de961f291d55,google,organic,"houston app development",2500,en,,v3/serp/google/organic/live/advanced,20000,7,"2026-07-31 12:37:12","2026-07-31 12:37:27",00:00:15,0.011
